title,date,url,source,matched_categories_ml,sentiment_label_ml,sentiment_confidence_ml
"국민대, 대학일자리플러스센터 연차성과평가 ‘우수’ 평가 받아",2023.01.31.,https://www.ekn.kr/web/view.php?key=20230131010006864,kookmin_media,,긍정,0.9915944933891296
"국민대 대학일자리플러스센터, 연차성과평가 '우수' 평가 받아",2023.01.31.,https://www.pinpointnews.co.kr/news/articleView.html?idxno=172604,kookmin_media,,긍정,0.989791750907898
"국민대, 대학일자리플러스센터 연차성과평가서 ‘우수’ 평가",2023.01.31.,https://www.viva100.com/main/view.php?key=20230131010008620,kookmin_media,,긍정,0.9798973202705384
국민대 대학일자리플러스센터 연차성과평가 '우수' 평가 달성,2023.01.31.,http://www.veritas-a.com/news/articleView.html?idxno=445425,kookmin_media,,긍정,0.991142511367798
"국민대, 대학일자리플러스센터 연차성과평가 '우수' 평가 받아",2023.01.31.,http://www.kyosu.net/news/articleView.html?idxno=99924,kookmin_media,,긍정,0.9909101128578186
"국민대 ""대학일자리플러스센터 연차성과평가 ‘우수’ 평가 받아""",2023.01.31.,http://edu.donga.com/?p=article&ps=view&at_no=20230131150058235762,kookmin_media,,긍정,0.99020516872406
"국민대 대학일자리플러스센터, 연차성과평가 '우수'",2023.01.31.,http://www.m-i.kr/news/articleView.html?idxno=983529,kookmin_media,,긍정,0.9910755157470704
"국민대 연구소 기업 국민바이오, 과학기술정보통신부장관 표창 수상",2023.01.31.,http://www.kdpress.co.kr/news/articleView.html?idxno=117801,kookmin_media,,긍정,0.9021134972572328
"국민대, 대학일자리플러스센터 연차성과평가서 '우수'",2023.01.31.,http://www.metroseoul.co.kr/article/20230131500163,kookmin_media,,긍정,0.987071931362152
"국민대 대학일자리플러스센터, 성과평가 ‘우수’",2023.01.31.,https://dhnews.co.kr/news/view/1065578556424331,kookmin_media,,긍정,0.9819678664207458
"“국민대표성 강화, 비례대표 확대가 우선”...정개특위 전문가 공청회",2023.01.19.,http://www.kukinews.com/newsView/kuk202301190155,kookmin_media,,긍정,0.927965760231018
[포토] 발언하는 장승진 국민대 교수,2023.01.19.,https://www.etoday.co.kr/news/view/2214491,kookmin_media,,긍정,0.7511342763900757
발제하는 장승진 국민대 교수,2023.01.19.,https://www.news1.kr/photos/view/?5797654,kookmin_media,,긍정,0.5980406403541565
선거제도 관련 의견 제시하는 장승진 국민대 교수,2023.01.19.,https://www.news1.kr/photos/view/?5797655,kookmin_media,,긍정,0.6326507329940796
"국민대학교-케이파워, 탄소중립ㆍ탄소네거티브 실현 위해 MOU 체결해",2023.01.16.,http://www.nextdaily.co.kr/news/articleView.html?idxno=214481,kookmin_media,지역사회 ESG 파트너십,긍정,0.9827263355255128
"국민대, 케이파워와 탄소중립·탄소네거티브 실현 위해 MOU 체결",2023.01.16.,http://www.businesskorea.co.kr/news/articleView.html?idxno=107790,kookmin_media,지역사회 ESG 파트너십,긍정,0.9821670055389404
"국민대, 케이파워와 탄소중립·탄소네거티브 실현 위해 MOU 맺어",2023.01.16.,https://view.asiae.co.kr/article/2023011615085607985,kookmin_media,지역사회 ESG 파트너십,긍정,0.9778703451156616
"국민대 김병준 교수, 통일업무 발전에 기여한 공로로 통일부장관 표창 ...",2023.01.12.,https://www.ekn.kr/web/view.php?key=20230112010002855,kookmin_media,,긍정,0.9909403324127196
"국민대 학부생, 코로나 신속항원 진단법 개발로 국제 학술지 게재",2023.01.12.,http://www.metroseoul.co.kr/article/20230112500400,kookmin_media,,긍정,0.9053548574447632
국민대 김병준 교수 통일업무 발전 기여 공로로 통일부장관 표창 수상,2023.01.12.,http://www.veritas-a.com/news/articleView.html?idxno=444032,kookmin_media,,긍정,0.9873088002204896
"국민대 김병준 교수, 2022년 통일업무 부문 통일부장관 표창",2023.01.12.,http://www.newsis.com/view/?id=NISX20230112_0002156473&cID=10201&pID=10200,kookmin_media,,긍정,0.985993266105652
"김병준 국민대 행정학과 교수, 통일업무 발전 기여 공로로 통일부장관 ...",2023.01.12.,http://www.dailysmart.co.kr/news/articleView.html?idxno=68273,kookmin_media,,긍정,0.98086678981781
"김병준 국민대 교수, 통일업무 발전 기여 통일부장관 표창 수상",2023.01.12.,https://news.unn.net/news/articleView.html?idxno=540490,kookmin_media,,긍정,0.9879676699638368
"[게시판] 김병준 국민대 교수, 통일부장관 표창",2023.01.12.,https://www.yna.co.kr/view/AKR20230112061900004?input=1195m,kookmin_media,,긍정,0.8757975697517395
"국민대 조아현 학생, 저명 국제학술지 논문 게재",2023.01.11.,https://dhnews.co.kr/news/view/1065587868733620,kookmin_media,,긍정,0.9378582239151
"국민대, KOICA와 우즈베키스탄 타슈켄트에 융합형 IT학과 개설",2023.01.11.,https://www.joongang.co.kr/article/25132811,kookmin_media,,긍정,0.9572503566741944
"국민대 바이오전공, 신속항원 진단법 논문 국제학술지 게재",2023.01.11.,http://www.newsis.com/view/?id=NISX20230111_0002155385&cID=10201&pID=10200,kookmin_media,,긍정,0.8951658606529236
국민대생들 신속 항원 진단 연구논문 국제학술지 게재,2023.01.11.,http://www.edaily.co.kr/news/newspath.asp?newsid=02450166635476736,kookmin_media,,긍정,0.9636622071266174
국민대 2023년 ‘자랑스런 국민인의 상’ 선정,2023.01.11.,http://www.munhwa.com/news/view.html?no=2023011101039921022001,kookmin_media,,긍정,0.926133394241333
"국민대-KOICA, 우즈베키스탄 타슈켄트에 융합형 IT학과 신설",2023.01.10.,http://www.pinpointnews.co.kr/news/articleView.html?idxno=168139,kookmin_media,,긍정,0.9522320032119752
"국민대·KOICA, 우즈베키스탄 타슈켄트에 융합형 IT학과 신설",2023.01.10.,http://www.iminju.net/news/articleView.html?idxno=82854,kookmin_media,,긍정,0.9554891586303712
"국민대-코이카, 우즈베키스탄 타슈켄트에 융합형 IT학과 신설",2023.01.10.,http://www.dt.co.kr/contents.html?article_no=2023011002109919613008&ref=naver,kookmin_media,,긍정,0.970264971256256
"국민대·KOICA, 타슈켄트에 융합 IT학과 신설",2023.01.10.,http://www.edaily.co.kr/news/newspath.asp?newsid=03296406635476408,kookmin_media,,긍정,0.954179584980011
"국민대-KOICA, 우즈베키스탄에 융합형 IT학과 신설",2023.01.10.,http://www.metroseoul.co.kr/article/20230110500395,kookmin_media,,긍정,0.9542590379714966
"국민대, 코이카와 우즈베키스탄 타슈켄트정보통신대에 융합형 IT학과 신...",2023.01.10.,http://www.dailysmart.co.kr/news/articleView.html?idxno=68210,kookmin_media,,긍정,0.9583900570869446
"국민대-KOICA, 우즈베키스탄 타슈켄트에 융합형 IT학과 신설 및 운영에 ...",2023.01.10.,https://www.etnews.com/20230110000185,kookmin_media,,긍정,0.9523186087608336
"국민대·한국국제협력단, 우즈벡 타슈켄트대학에 융합형 IT학과 신설",2023.01.10.,http://www.newsis.com/view/?id=NISX20230110_0002153942&cID=10201&pID=10200,kookmin_media,,긍정,0.950977087020874
"국민대 글로벌개발협력연구원-KOICA, 우즈베키스탄 타슈켄트에 융합형 ...",2023.01.10.,https://www.sedaily.com/NewsView/29KF6DGTPG,kookmin_media,,긍정,0.9460382461547852
"국민대, 우즈벡에 융합형 IT학과 신설",2023.01.10.,https://dhnews.co.kr/news/view/1065587448643669,kookmin_media,,긍정,0.9538974165916444
"국민대, 2023년 '자랑스런 국민인의 상' 수상자 선정",2023.01.09.,http://www.newsis.com/view/?id=NISX20230109_0002152931&cID=10201&pID=10200,kookmin_media,,긍정,0.942509949207306
"""교육부, '김건희 임용심사 부적절' 국민대 감사결과 비공개""",2023.01.09.,https://www.ajunews.com/view/20230109145911140,kookmin_media,,부정,0.9572693705558776
"[단독] 교육부, 국민대 감사결과 일반에 비공개‥""대상자 특정 우려""",2023.01.09.,https://imnews.imbc.com/news/2023/society/article/6443870_36126.html,kookmin_media,회계의 투명성 관리,부정,0.7182418704032898
"숙대 민주동문회 “김 여사 논문, 명백한 표절... 국민대 사례 보니 본조...",2023.01.05.,http://www.segye.com/content/html/2023/01/05/20230105510349.html?OutUrl=naver,kookmin_media,,긍정,0.6060371994972229
"숙대 민주동문회장 ""김건희 여사 표절의혹 국민대를 보면 본조사에서 표...",2023.01.05.,http://www.kado.net/news/articleView.html?idxno=1163194,kookmin_media,,부정,0.7087656855583191
"국민대 '멤버 Yuji'와 논문 조사 미루던 숙대, 이번엔?[어텐션 뉴스]",2023.01.03.,https://www.nocutnews.co.kr/news/5874358,kookmin_media,,긍정,0.790390133857727
김건희 여사 '표절 논란' 운명 쥔 숙대…'면죄부' 국민대와 다를까,2023.01.03.,http://www.sisajournal.com/news/articleView.html?idxno=253699,kookmin_media,,긍정,0.6530518531799316
"국민대·울산교육청, 난독(難讀) 학생 지원 협력... 전문 교육서비스도...",2023.01.03.,http://edu.chosun.com/site/data/html_dir/2023/01/03/2023010301317.html,kookmin_media,,긍정,0.9342452883720398
"국민대-울산광역시교육청, 난독 학생 지원 위한 업무협약 체결해",2023.01.03.,http://edu.donga.com/?p=article&ps=view&at_no=20230103134337460248,kookmin_media,,긍정,0.9343986511230468
"국민대, 울산광역시교육청과 난독 학생 지원 위한 업무협약 체결",2023.01.03.,http://www.kdpress.co.kr/news/articleView.html?idxno=117421,kookmin_media,,긍정,0.9243605732917786
"국민대, 챗GPT 대학생 윤리선언문 선포",2023.02.28.,http://www.metroseoul.co.kr/article/20230228500490,kookmin_media,,긍정,0.9025219678878784
국민대 챗GPT 대학생 윤리선언문 선포,2023.02.28.,http://www.veritas-a.com/news/articleView.html?idxno=448542,kookmin_media,,긍정,0.8759489059448242
3월 과학기술인상에 국민대 이상호 교수,2023.02.28.,https://science.ytn.co.kr/program/view.php?mcd=0082&hcd=&key=202302281752137926,kookmin_media,,긍정,0.7729336023330688
"국민대, 국내 대학 최초 ‘챗GPT’ 활용 윤리강령 선포",2023.02.28.,https://www.sedaily.com/NewsView/29LXE5E6C0,kookmin_media,,긍정,0.95393168926239
"국민대, 챗GPT 윤리강령 선포...""사용 여부, 교수·학생 합의""",2023.02.28.,https://www.ytn.co.kr/_ln/0103_202302281804402093,kookmin_media,,긍정,0.9384871125221252
"국민대, 국내 대학 최초 ‘챗GPT’ 윤리 강령 선포",2023.02.28.,https://www.hani.co.kr/arti/society/society_general/1081625.html,kookmin_media,,긍정,0.9105010032653807
"국민대학교, 챗GPT 대학생 윤리선언문 선포",2023.02.28.,https://www.ekn.kr/web/view.php?key=20230228010006772,kookmin_media,,긍정,0.8629929423332214
"국민대, 국내 대학 최초 '챗GPT' 윤리강령 선포",2023.02.28.,https://www.yna.co.kr/view/AKR20230228132800004?input=1195m,kookmin_media,,긍정,0.906652569770813
"국민대 챗GPT 윤리선언문 선포..""과제에 AI 활용 여부 밝혀야""",2023.02.28.,http://news.mt.co.kr/mtview.php?no=2023022815514853869,kookmin_media,,긍정,0.9008771181106568
"국민대, 챗GPT 윤리선언문 선포…""과제에 AI 활용 여부 밝혀야""",2023.02.28.,https://www.news1.kr/articles/4967198,kookmin_media,,긍정,0.9348965287208556
"국민대, 2022년 학부생 연구자 우수성과 시상식 개최",2023.02.28.,https://www.news1.kr/articles/4966965,kookmin_media,,긍정,0.9062094688415528
"국민대, 2022년 학부생 연구자 우수성과 시상식 진행",2023.02.28.,http://edu.donga.com/?p=article&ps=view&at_no=20230228132600519929,kookmin_media,,긍정,0.9466137290000916
"국민대 산학협력단, 2022년 학부생 연구자 우수성과 시상식 개최",2023.02.28.,http://www.kdpress.co.kr/news/articleView.html?idxno=118331,kookmin_media,,긍정,0.9307525157928468
"국민대-펜타시큐리티시스템, 정보보안암호 공동연구·우수인재 양성 위...",2023.02.28.,http://www.getnews.co.kr/news/articleView.html?idxno=618263,kookmin_media,,긍정,0.8846526145935059
"국민대, 펜타시큐리티시스템과 정보보안암호 분야 공동연구·인재양성 ...",2023.02.28.,https://www.etnews.com/20230228000173,kookmin_media,지역사회 ESG 파트너십,긍정,0.9608494639396667
"쿤텍-국민대학교 산학협력단, 안티탬퍼링 사업 추진 업무협약 체결",2023.02.27.,http://www.boannews.com/media/view.asp?idx=114626&kind=,kookmin_media,,긍정,0.9409217238426208
국민대 - 단국대 디지털혁신공유대학 미래자동차 및 바이오헬스 분야 M...,2023.02.27.,http://www.veritas-a.com/news/articleView.html?idxno=448272,kookmin_media,,긍정,0.9507535696029664
"쿤텍-국민대 산학협력단, 안티탬퍼링 사업 추진 업무협력",2023.02.27.,http://www.it-b.co.kr/news/articleView.html?idxno=66374,kookmin_media,,긍정,0.9141311049461364
"쿤텍-국민대, 안티탬퍼링 고도화 맞손",2023.02.27.,https://www.etnews.com/20230227000160,kookmin_media,,긍정,0.958815097808838
"국민대·단국대, 디지털혁신공유대학 업무협약 체결",2023.02.27.,http://www.newsis.com/view/?id=NISX20230227_0002207342&cID=10201&pID=10200,kookmin_media,,긍정,0.8940801024436951
"국민대기술지주-과학기술경제연구소, 기술사업화 위한 업무협약 체결해",2023.02.24.,https://www.sedaily.com/NewsView/29LVIYL10P,kookmin_media,지역사회 ESG 파트너십,긍정,0.9665032029151917
"'바이오헬스케어' 단국대 - '미래 자동차' 국민대, 디지털 신기술 분야...",2023.02.23.,http://www.ccdn.co.kr/news/articleView.html?idxno=806257,kookmin_media,,긍정,0.9763046503067015
"국민대, '2023 국민대학교 국민*창업경진대회' 마무리",2023.02.23.,http://www.sisunnews.co.kr/news/articleView.html?idxno=179159,kookmin_media,,긍정,0.916145384311676
"국민대, ‘2023 국민대학교 국민*창업경진대회’ 개최",2023.02.23.,http://edu.donga.com/?p=article&ps=view&at_no=20230223153418321210,kookmin_media,,긍정,0.9459961652755736
"국민대기술지주, 과학기술경제연구소와 기술사업화 위한 업무협약 체결",2023.02.23.,http://www.businesskorea.co.kr/news/articleView.html?idxno=109922,kookmin_media,지역사회 ESG 파트너십,긍정,0.9568485617637634
"국민대, ‘2023 국민대학교 국민*창업경진대회’ 성료",2023.02.23.,https://view.asiae.co.kr/article/2023022315064402623,kookmin_media,,긍정,0.9437793493270874
"단국대학교, 국민대와 디지털 신기술 분야 인재양성 함께 나서",2023.02.23.,https://www.lecturernews.com/news/articleView.html?idxno=119702,kookmin_media,,긍정,0.9735767841339112
"국민대와 단국대, 미래차ㆍ헬스케어 인재양성 맞손",2023.02.23.,https://www.joongang.co.kr/article/25142642,kookmin_media,지역사회 ESG 파트너십,긍정,0.9673259258270264
"단국대와 국민대, 디지털 신기술 분야 인재양성 협력키로",2023.02.23.,http://www.joongdo.co.kr/web/view.php?key=20230223010006616,kookmin_media,지역사회 ESG 파트너십,긍정,0.9578035473823548
"단국대, 국민대와 디지털 신기술 분야 인재양성 '맞손'",2023.02.22.,https://www.etnews.com/20230222000266,kookmin_media,지역사회 ESG 파트너십,긍정,0.951749324798584
"단국대ㆍ국민대, 디지털 신기술 분야 인재 양성 적극 협력",2023.02.22.,https://daily.hankooki.com/news/articleView.html?idxno=927226,kookmin_media,,긍정,0.9595782160758972
'미래 자동차' 국민대 - '바이오헬스케어' 단국대 인재양성 협력 업무협...,2023.02.22.,http://www.veritas-a.com/news/articleView.html?idxno=447867,kookmin_media,,긍정,0.9744219779968262
"단국대-국민대, 바이오헬스케어·미래 자동차 교육과정 공유",2023.02.22.,https://www.news1.kr/articles/4961569,kookmin_media,,긍정,0.9595240354537964
"국민대-단국대, 혁신공유대학 교류협력 MOU 체결",2023.02.22.,http://www.m-i.kr/news/articleView.html?idxno=990226,kookmin_media,,긍정,0.9684125185012816
"단국대, 국민대와 디지털 신기술 인재양성 협약식 개최",2023.02.22.,https://www.dnews.co.kr/uhtml/view.jsp?idxno=202302221647243260173,kookmin_media,,긍정,0.8261366486549377
"‘바이오헬스케어’ 단국대-‘미래 자동차’ 국민대, 디지털 신기술 분...",2023.02.22.,http://news.heraldcorp.com/view.php?ud=20230222000659,kookmin_media,지역사회 ESG 파트너십,긍정,0.9665337204933168
국민대 ‘미래 자동차’와 단국대 ‘바이오헬스케어’ 인재양성 협력 M...,2023.02.22.,https://www.ekn.kr/web/view.php?key=20230222010005349,kookmin_media,지역사회 ESG 파트너십,긍정,0.9039490222930908
"단국대-국민대, 교류협력 MOU",2023.02.22.,https://www.viva100.com/main/view.php?key=20230222010006698,kookmin_media,지역사회 ESG 파트너십,긍정,0.9642671942710876
"단국대-국민대, 디지털 신기술 분야 인재양성 '맞손'",2023.02.22.,http://www.newsis.com/view/?id=NISX20230222_0002202385&cID=14001&pID=14000,kookmin_media,지역사회 ESG 파트너십,긍정,0.9537880420684814
'미래 자동차' 국민대-'바이오헬스케어' 단국대 인재양성 협력 맞손,2023.02.22.,https://www.newscj.com/news/articleView.html?idxno=3003234,kookmin_media,지역사회 ESG 파트너십,긍정,0.9709663987159728
단국대·국민대 디지털 신기술 분야 인재양성 협력,2023.02.22.,https://www.nocutnews.co.kr/news/5899453,kookmin_media,지역사회 ESG 파트너십,긍정,0.953305721282959
"국민대-단국대, 디지털 신기술 분야 인재양성 협약",2023.02.22.,https://news.unn.net/news/articleView.html?idxno=542386,kookmin_media,지역사회 ESG 파트너십,긍정,0.9723590016365052
"단국대-국민대, 디지털 신기술 분야 인재 양성 합심",2023.02.22.,http://www.ccnnews.co.kr/news/articleView.html?idxno=286129,kookmin_media,,긍정,0.976296842098236
"단국대학교 김수복 총장, 국민대학교와 미래자동차 분야 인재양성 협약",2023.02.22.,https://www.hankyung.com/society/article/202302224979h,kookmin_media,,긍정,0.9214100241661072
"‘바이오헬스케어’ 단국대-‘미래자동차’ 국민대, 디지털 신기술 인재...",2023.02.22.,http://www.sisanews24.co.kr/10087,kookmin_media,지역사회 ESG 파트너십,긍정,0.9704923629760742
"국민대·단국대, 인재양성 협력 MOU 체결",2023.02.22.,https://dhnews.co.kr/news/view/1065593026064254,kookmin_media,,긍정,0.8852864503860474
"단국대, 국민대와 손잡고 '미래자동차·바이오헬스' 인력양성",2023.02.22.,https://view.asiae.co.kr/article/2023022215210375588,kookmin_media,지역사회 ESG 파트너십,긍정,0.925873637199402
'미래 자동차' 국민대 - 바이오헬스케어' 단국대 인재양성 협력 MOU 체결,2023.02.22.,https://www.polinews.co.kr/news/articleView.html?idxno=603649,kookmin_media,,긍정,0.9724639058113098
"국민대, 단국대와 인재양성 협력 위해 '맞손'",2023.02.22.,https://www.dailysmart.co.kr/news/articleView.html?idxno=69611,kookmin_media,지역사회 ESG 파트너십,긍정,0.9822001457214355
"이현정 국민대 신소재공학부 교수, 고기능성 열정 에너지 소재 화학구조...",2023.02.21.,https://www.dailysmart.co.kr/news/articleView.html?idxno=69521,kookmin_media,,긍정,0.9871108531951904
"국민대·고려대, 고기능성 열전 물질내 전하 전달 특성 규명",2023.02.21.,http://www.newsis.com/view/?id=NISX20230221_0002200079&cID=10201&pID=10200,kookmin_media,,긍정,0.8748061656951904
"국민대, 혁신공유대학 가상환경 기반 자율주행 경진대회 개최",2023.02.20.,https://www.ekn.kr/web/view.php?key=20230220010004752,kookmin_media,,긍정,0.9136242270469666
"국민대, '혁신공유대학 가상환경 기반 자율주행 경진대회' 개최",2023.02.20.,http://www.m-i.kr/news/articleView.html?idxno=989387,kookmin_media,,긍정,0.9406777620315552
"국민대, 자율주행 경진대회 개최",2023.02.20.,http://www.edaily.co.kr/news/newspath.asp?newsid=03198006635512488,kookmin_media,,긍정,0.911514699459076
[2023추가모집] 인 서울 767명 '전년 2배'.. 홍대115명 국민대54명 명지대...,2023.02.20.,http://www.veritas-a.com/news/articleView.html?idxno=447491,kookmin_media,,긍정,0.6865174174308777
국민대 혁신공유대학 가상환경 기반 자율주행 경진대회 개최,2023.02.20.,http://www.veritas-a.com/news/articleView.html?idxno=447461,kookmin_media,,긍정,0.9471298456192015
"국민대, ‘혁신공유대학 가상환경 기반 자율주행 경진대회’ 개최",2023.02.20.,https://www.viva100.com/main/view.php?key=20230220010005676,kookmin_media,,긍정,0.9470250606536864
"동아무역, 국민대에 첨단 공학연구장비 기증",2023.02.16.,http://www.inews24.com/view/1567609,kookmin_media,,긍정,0.9672597050666808
"동아무역, 최첨단 스핀코터 연구 장비 국민대 기증",2023.02.16.,https://www.etoday.co.kr/news/view/2222558,kookmin_media,,긍정,0.9788215160369872
[뉴공 아카이브]권용주 국민대 자동차운송디자인학과 교수: 中전기버스...,2023.02.15.,http://www.ddanzi.com/764297685,kookmin_media,,긍정,0.502257764339447
"국민대, 태양전지 성능 향상 기술 개발",2023.02.09.,http://www.naeil.com/news_view/?id_art=450704,kookmin_media,에너지 사용 절감 및 체계적 관리,긍정,0.985747754573822
[스케일업] 케이파워 [2] 국민대 “바이오매스 산업 확산을 함께합니다...,2023.02.07.,https://www.donga.com/news/It/article/all/20230207/117778910/1,kookmin_media,,긍정,0.9515808820724488
국민대 ‘2022학년도 창업동아리 성과발표회’ 개최,2023.02.07.,https://edu.chosun.com/site/data/html_dir/2023/02/07/2023020701920.html,kookmin_media,,긍정,0.8910002708435059
국민대 '2022학년도 창업동아리 성과발표회' 진행,2023.02.07.,https://www.news1.kr/articles/4946065,kookmin_media,,긍정,0.9096766710281372
"국민대, '2022학년도 창업동아리 성과발표회' 성료",2023.02.07.,http://www.kdpress.co.kr/news/articleView.html?idxno=117970,kookmin_media,,긍정,0.9024960398674012
국민대 이성민 교수 연구팀 플렉시블 화합물반도체 태양전지 성능 향상...,2023.02.07.,http://www.veritas-a.com/news/articleView.html?idxno=446123,kookmin_media,에너지 사용 절감 및 체계적 관리,긍정,0.987597644329071
"국민대, 플렉시블 화합물반도체 태양전지 성능 향상 및 저가격화 기술 ...",2023.02.07.,https://www.ekn.kr/web/view.php?key=20230207010001717,kookmin_media,,긍정,0.9905605912208556
"국민대-KOICA, 우즈베키스탄에 대학교육 혁신 및 산학협력 노하우 발표",2023.02.07.,https://www.etnews.com/20230207000237,kookmin_media,,긍정,0.8273162841796875
"이성민 국민대 교수팀, 태양전지 성능향상 기술 개발",2023.02.07.,http://www.edaily.co.kr/news/newspath.asp?newsid=02860166635508224,kookmin_media,,긍정,0.9637178778648376
"국민대-KOICA, 우즈베키스탄에 대학교육 혁신 및 산학협력 노하우 전한...",2023.02.07.,https://view.asiae.co.kr/article/2023020714242408717,kookmin_media,,긍정,0.8693247437477112
"국민대 이성민 교수팀, 발광태양집광기 개발",2023.02.07.,http://www.newsis.com/view/?id=NISX20230207_0002183978&cID=10201&pID=10200,kookmin_media,,긍정,0.919086456298828
"이성민 국민대 신소재공학부 교수 연구팀, 플렉시블 화합물반도체 태양...",2023.02.07.,http://www.dailysmart.co.kr/news/articleView.html?idxno=69051,kookmin_media,"에너지 사용 절감 및 체계적 관리,청정 재생에너지",긍정,0.9894850850105286
"국민대 대학일자리플러스센터, 지난해 성과 우수평가 받아",2023.02.01.,https://www.joongang.co.kr/article/25137424,kookmin_media,,긍정,0.9873400330543518
발언하는 이광택 국민대 법학과 교수,2023.03.31.,http://www.newspim.com/news/view/20230331000542,kookmin_media,,긍정,0.690426766872406
전주세계소리축제 신임 집행위원장에 김희선 국민대 교수 위촉,2023.03.31.,http://www.jbsori.com/news/articleView.html?idxno=10980,kookmin_media,,긍정,0.9472803473472596
"김희선 국민대 교수, 전주세계소리축제 신임 집행위원장 위촉",2023.03.30.,https://www.news1.kr/articles/4999252,kookmin_media,,긍정,0.901788592338562
"전주세계소리축제 새 집행위원장, 김희선 국민대 교수",2023.03.30.,http://www.newsis.com/view/?id=NISX20230330_0002247376&cID=10701&pID=10700,kookmin_media,,긍정,0.8555343151092529
"의정부교육지원청, 국민대학교와 난독 학생 Zero화 추진",2023.03.29.,http://www.fnnews.com/news/202303291605388196,kookmin_media,,긍정,0.9733057618141174
의정부교육청-국민대 협업 난독학생 40여명 읽기발달 맞춤지원,2023.03.29.,http://www.kihoilbo.co.kr/news/articleView.html?idxno=1023212,kookmin_media,,긍정,0.9459359049797058
"국민대 공동기기원, 첨단기기 분석 세미나 개최",2023.03.28.,http://www.kdpress.co.kr/news/articleView.html?idxno=118837,kookmin_media,,긍정,0.9365680813789368
"국민대 공동기기원, 첨단기기 분석 세미나 진행",2023.03.28.,http://www.edaily.co.kr/news/newspath.asp?newsid=01784326635547912,kookmin_media,,긍정,0.905808687210083
이필형 동대문구청장 국민대 특강서 강의한 내용?,2023.03.24.,https://view.asiae.co.kr/article/2023032418060573267,kookmin_media,,긍정,0.9620589017868042
"국민대, 삼성 금융사 디지털 전략과정 입과식 개최",2023.03.22.,https://www.joongang.co.kr/article/25149078,kookmin_media,,긍정,0.9675443768501282
"국민대, 지역상생 위한 ‘커뮤니티상생센터’ 비전 선포",2023.03.20.,https://www.joongang.co.kr/article/25148472,kookmin_media,지역사회 ESG 파트너십,긍정,0.94491845369339
"그린·탄소감축 주제, SK이노·국민대…디자인 프로젝트 맞손",2023.03.18.,https://idsn.co.kr/news/view/1065591306722674,kookmin_media,"지역사회 ESG 파트너십,ESG 관련 캠페인,지역사회 ESG 교육 프로그램",긍정,0.9272400140762328
"SK이노·국민대, 그린 ESG 디자인 개발 MOU",2023.03.17.,http://www.ezyeconomy.com/news/articleView.html?idxno=122486,kookmin_media,"지역사회 ESG 파트너십,지역사회 ESG 교육 프로그램,ESG 운영위원회의 다양성",긍정,0.9550915360450744
국민대 '커뮤니티상생센터 비전선포식' 개최,2023.03.17.,http://www.newsis.com/view/?id=NISX20230317_0002231019&cID=10201&pID=10200,kookmin_media,지역사회 ESG 파트너십,긍정,0.8914613723754883
"국민대, 지역상생 도모 위한 ‘커뮤니티상생센터 비전선포식’ 진행",2023.03.17.,https://view.asiae.co.kr/article/2023031714255494731,kookmin_media,"지역사회 ESG 파트너십,지역사회 ESG 교육 프로그램",긍정,0.9358589053153992
"국민대, 지역상생 도모 위한 ‘커뮤니티상생센터 비전선포식’ 개최",2023.03.17.,https://www.ekn.kr/web/view.php?key=20230317010004205,kookmin_media,"지역사회 ESG 파트너십,ESG 관련 캠페인",긍정,0.9692492485046388
"국민대, 지역상생 도모 위한 '커뮤니티상생센터 비전선포식' 성공적 실...",2023.03.17.,https://www.dailysmart.co.kr/news/articleView.html?idxno=70499,kookmin_media,"지역사회 ESG 파트너십,지역사회 ESG 교육 프로그램",긍정,0.9432180523872375
국민대 지역 상생 도모 위한 '커뮤니티상생센터 비전선포식' 성료,2023.03.17.,http://www.veritas-a.com/news/articleView.html?idxno=450290,kookmin_media,지역사회 ESG 파트너십,긍정,0.929469883441925
"국민대, 커뮤니티상생센터 비전선포식",2023.03.17.,https://dhnews.co.kr/news/view/1065580813134220,kookmin_media,,긍정,0.9242445230484008
"국민대, 지역상생 위한 커뮤니티상생센터 비전 선포식",2023.03.17.,https://news.unn.net/news/articleView.html?idxno=543550,kookmin_media,"지역사회 ESG 파트너십,지역사회 ESG 교육 프로그램",긍정,0.932897925376892
"국민대 한반도미래연구원, '개성공단 중단 7주년' 좌담회",2023.03.17.,https://www.news1.kr/articles/4985011,kookmin_media,,긍정,0.8612552285194397
"SK이노베이션∙국민대, 친환경 디자인 프로젝트 '맞손'",2023.03.17.,http://www.getnews.co.kr/news/articleView.html?idxno=620375,kookmin_media,"지역사회 ESG 파트너십,ESG 관련 캠페인,ESG 위원회 조직,지역사회 ESG 교육 프로그램",긍정,0.9684186577796936
"SK이노베이션·국민대학교, 그린 ESG 디자인 개발 '맞손'",2023.03.17.,http://www.ujeil.com/news/articleView.html?idxno=323610,kookmin_media,"지역사회 ESG 파트너십,ESG 관련 캠페인,지역사회 ESG 교육 프로그램",긍정,0.9700811505317688
"SK이노베이션-국민대, 친환경 디자인 개발 프로젝트 맞손",2023.03.16.,https://www.ulsanpress.net/news/articleView.html?idxno=500405,kookmin_media,"지역사회 ESG 파트너십,ESG 관련 캠페인,지역사회 ESG 교육 프로그램,에너지 사용 절감 및 체계적 관리,ESG 위원회 조직",긍정,0.951759159564972
"SK이노베이션·국민대, ESG 디자인 개발 맞손",2023.03.16.,https://www.econovill.com/news/articleView.html?idxno=605611,kookmin_media,"지역사회 ESG 파트너십,ESG 관련 캠페인,에너지 사용 절감 및 체계적 관리,ESG 위원회 조직,지역사회 ESG 교육 프로그램",긍정,0.9550159573554992
"SK이노, '탈탄소 시대' 미래 브랜드 방향성 확립에 국민대와 맞손",2023.03.16.,http://www.seoulwire.com/news/articleView.html?idxno=496595,kookmin_media,"지역사회 ESG 파트너십,ESG 관련 캠페인,지역사회 ESG 교육 프로그램,ESG 위원회 조직,청정 재생에너지,에너지 사용 절감 및 체계적 관리,폐기물 배출,ESG 운영위원회의 다양성",긍정,0.9699965715408324
"SK이노·국민대, 친환경 디자인 업무협약 체결",2023.03.16.,http://www.fnnews.com/news/202303161809082398,kookmin_media,"지역사회 ESG 파트너십,ESG 관련 캠페인",긍정,0.946038782596588
"SK이노베이션, 국민대와 산학협동 MOU 체결",2023.03.16.,http://www.businesskorea.co.kr/news/articleView.html?idxno=111061,kookmin_media,"지역사회 ESG 파트너십,ESG 관련 캠페인,에너지 사용 절감 및 체계적 관리,ESG 위원회 조직,지역사회 ESG 교육 프로그램",긍정,0.9551963806152344
SK이노·국민대 산학협력…그린 ESG 디자인 개발,2023.03.16.,https://www.hankyung.com/economy/article/2023031643651,kookmin_media,지역사회 ESG 파트너십,긍정,0.9666956663131714
"SK이노베이션∙국민대, 그린∙탄소감축 주제 디자인 프로젝트 맞손",2023.03.16.,http://www.biztribune.co.kr/news/articleView.html?idxno=277086,kookmin_media,"지역사회 ESG 파트너십,ESG 관련 캠페인,ESG 위원회 조직,지역사회 ESG 교육 프로그램,에너지 사용 절감 및 체계적 관리",긍정,0.9711588621139526
"SK이노베이션·국민대, 그린·탄소감축 주제 디자인 개발 추진",2023.03.16.,http://www.joseilbo.com/news/news_read.php?uid=481073&class=17&grp=,kookmin_media,"지역사회 ESG 파트너십,ESG 관련 캠페인,지역사회 ESG 교육 프로그램,ESG 위원회 조직,폐기물 배출,에너지 사용 절감 및 체계적 관리",긍정,0.9673744440078736
"SK이노베이션, 국민대와 함께 그린 주제 디자인 프로젝트 MOU",2023.03.16.,https://www.ceoscoredaily.com/page/view/2023031617491213286,kookmin_media,"지역사회 ESG 파트너십,ESG 관련 캠페인,지역사회 ESG 교육 프로그램,에너지 사용 절감 및 체계적 관리",긍정,0.9753512740135192
"SK이노·국민대, 친환경 디자인 산학협동 프로젝트 맞손",2023.03.16.,https://www.yna.co.kr/view/PYH20230316223400003?input=1196m,kookmin_media,"지역사회 ESG 파트너십,ESG 관련 학생 동아리",부정,0.591651201248169
"[포토] SK이노베이션, 국민대와 디자인협력",2023.03.16.,https://www.mk.co.kr/article/10684685,kookmin_media,,긍정,0.7758890390396118
"SK이노베이션-국민대, 그린∙탄소감축 주제 디자인 프로젝트 '맞손'",2023.03.16.,http://www.paxetv.com/news/articleView.html?idxno=170808,kookmin_media,"지역사회 ESG 파트너십,지역사회 ESG 교육 프로그램,ESG 관련 캠페인,ESG 위원회 조직,에너지 사용 절감 및 체계적 관리",긍정,0.97384113073349
"국민대 한반도미래연구원, 개성공단 중단 7주년 좌담회 개최",2023.03.16.,http://www.fnnews.com/news/202303161652432757,kookmin_media,,긍정,0.8902854919433594
"SK이노베이션, 국민대와 친환경 사업 시각화",2023.03.16.,http://www.sisafocus.co.kr/news/articleView.html?idxno=293756,kookmin_media,"지역사회 ESG 파트너십,지역사회 ESG 교육 프로그램",긍정,0.962912619113922
"SK이노베이션, 국민대와 '친환경 디자인' 프로젝트 추진",2023.03.16.,https://www.straightnews.co.kr/news/articleView.html?idxno=227168,kookmin_media,"지역사회 ESG 파트너십,지역사회 ESG 교육 프로그램,ESG 관련 캠페인,ESG 위원회 조직,에너지 사용 절감 및 체계적 관리",긍정,0.9639152884483336
"SK이노베이션∙국민대, 그린 ESG 디자인 개발 산학협동 MOU 체결",2023.03.16.,http://www.lcnews.co.kr/news/articleView.html?idxno=47167,kookmin_media,"지역사회 ESG 파트너십,ESG 관련 캠페인,에너지 사용 절감 및 체계적 관리,지역사회 ESG 교육 프로그램",긍정,0.9410958290100098
"국민대-SK이노베이션, '그린 ESG 디자인 개발산학협동' 업무협약 체결",2023.03.16.,https://www.onews.tv/news/articleView.html?idxno=158131,kookmin_media,지역사회 ESG 파트너십,긍정,0.9669127464294434
"SK이노베이션∙국민대, '그린∙탄소감축 디자인' 협약...""대중에게 쉽게...",2023.03.16.,http://www.kdfnews.com/news/articleView.html?idxno=106581,kookmin_media,"지역사회 ESG 파트너십,ESG 관련 캠페인,지역사회 ESG 교육 프로그램,에너지 사용 절감 및 체계적 관리,ESG 위원회 조직,ESG 운영위원회의 다양성,청정 재생에너지",긍정,0.9554517865180968
"SK이노-국민대, 그린∙탄소감축 주제 디자인 프로젝트 맞손",2023.03.16.,http://www.startuptoday.co.kr/news/articleView.html?idxno=125010,kookmin_media,"지역사회 ESG 파트너십,에너지 사용 절감 및 체계적 관리,ESG 관련 캠페인,ESG 위원회 조직",긍정,0.9559873342514038
"SK이노베이션국민대, 그린탄소감축 주제 디자인 프로젝트 맞손",2023.03.16.,http://www.mediapen.com/news/view/801586,kookmin_media,"지역사회 ESG 파트너십,ESG 관련 캠페인,지역사회 ESG 교육 프로그램",긍정,0.9610332250595092
"SK이노베이션-국민대, 그린·탄소감축 주제 디자인 프로젝트 협력",2023.03.16.,http://www.metroseoul.co.kr/article/20230316500653,kookmin_media,"지역사회 ESG 파트너십,ESG 관련 캠페인,지역사회 ESG 교육 프로그램,ESG 위원회 조직",긍정,0.966884195804596
SK이노-국민대 '그린·탄소감축 디자인' 프로젝트 맞손,2023.03.16.,https://www.newscj.com/news/articleView.html?idxno=3009699,kookmin_media,"지역사회 ESG 파트너십,지역사회 ESG 교육 프로그램,ESG 관련 캠페인,청정 재생에너지,ESG 위원회 조직,에너지 사용 절감 및 체계적 관리",긍정,0.969971477985382
"SK이노, 국민대와 친환경 디자인 프로젝트 진행",2023.03.16.,https://it.chosun.com/site/data/html_dir/2023/03/16/2023031601956.html,kookmin_media,"ESG 관련 캠페인,지역사회 ESG 파트너십,ESG 위원회 조직",긍정,0.9750705361366272
"SK이노베이션, 국민대와 '친환경 디자인' 산학 프로젝트",2023.03.16.,https://www.ebn.co.kr/news/view/1570756/?sc=Naver,kookmin_media,"지역사회 ESG 파트너십,ESG 관련 캠페인,ESG 위원회 조직",긍정,0.9551165103912354
"SK이노·국민대, '카본 투 그린' 홍보 프로젝트 '맞손'",2023.03.16.,http://www.sisaon.co.kr/news/articleView.html?idxno=148395,kookmin_media,"지역사회 ESG 파트너십,ESG 관련 캠페인",부정,0.7288089990615845
"SK이노베이션-국민대, 그린ㆍ탄소감축 주제 디자인 ‘맞손’",2023.03.16.,https://www.dnews.co.kr/uhtml/view.jsp?idxno=202303161553493330237,kookmin_media,"지역사회 ESG 파트너십,ESG 관련 캠페인",긍정,0.905848264694214
"SK이노·국민대, 그린·탄소감축 주제 디자인 프로젝트 맞손",2023.03.16.,http://www.nspna.com/news/?mode=view&newsid=625996,kookmin_media,"지역사회 ESG 파트너십,ESG 관련 캠페인",긍정,0.9801855087280272
"SK이노베이션, 국민대와 그린·탄소감축 디자인 프로젝트 협업",2023.03.16.,http://www.4th.kr/news/articleView.html?idxno=2035751,kookmin_media,"지역사회 ESG 파트너십,ESG 관련 캠페인,지역사회 ESG 교육 프로그램",긍정,0.9659013748168944
"SK이노베이션, 국민대와 그린∙탄소감축 디자인 프로젝트 맞손",2023.03.16.,https://www.ngetnews.com/news/articleView.html?idxno=416534,kookmin_media,"지역사회 ESG 파트너십,ESG 관련 캠페인,청정 재생에너지,에너지 사용 절감 및 체계적 관리,ESG 관련 학생 동아리,탄소배출량,ESG 위원회 조직,폐기물 배출,지역사회 ESG 교육 프로그램,ESG 비교과 프로그램 개발 및 운영,캠퍼스 차량",긍정,0.9088119864463806
"SK이노, 친환경 디자인 산학협동 프로젝트..국민대와 MOU",2023.03.16.,http://kpenews.com/View.aspx?No=2758127,kookmin_media,"지역사회 ESG 파트너십,ESG 관련 캠페인,지역사회 ESG 교육 프로그램,에너지 사용 절감 및 체계적 관리",긍정,0.962203323841095
"SK이노베이션∙국민대, '친환경 디자인' 주제로 산학협력",2023.03.16.,http://www.greenpostkorea.co.kr/news/articleView.html?idxno=206450,kookmin_media,"지역사회 ESG 파트너십,지역사회 ESG 교육 프로그램,ESG 관련 캠페인",긍정,0.958000421524048
"SK이노·국민대, 친환경 디자인 산학협동 프로젝트 추진",2023.03.16.,https://www.hellot.net/news/article.html?no=76264,kookmin_media,"지역사회 ESG 파트너십,ESG 관련 캠페인",긍정,0.9663424491882324
"SK이노베이션, 국민대와 ‘친환경 디자인’ 주제로 산학협동",2023.03.16.,https://www.dailian.co.kr/news/view/1212449/?sc=Naver,kookmin_media,"지역사회 ESG 파트너십,에너지 사용 절감 및 체계적 관리,ESG 관련 캠페인,ESG 위원회 조직,지역사회 ESG 교육 프로그램",긍정,0.9815329909324646
"국민대, SK이노베이션과 ESG 디자인 개발 MOU",2023.03.16.,https://dhnews.co.kr/news/view/1065594206034771,kookmin_media,"지역사회 ESG 파트너십,지역사회 ESG 교육 프로그램",긍정,0.8768460154533386
"국민대, SK이노베이션과 그린 ESG 디자인 개발 업무협약",2023.03.16.,https://www.news1.kr/articles/4984121,kookmin_media,지역사회 ESG 파트너십,긍정,0.9368053078651428
"SK이노베이션, 국민대와 친환경 디자인 프로젝트 맞손",2023.03.16.,https://www.pinpointnews.co.kr/news/articleView.html?idxno=182834,kookmin_media,"지역사회 ESG 파트너십,ESG 관련 캠페인,에너지 사용 절감 및 체계적 관리,ESG 위원회 조직",긍정,0.9812448024749756
"SK이노·국민대, ESG 디자인 개발 산학협동 MOU",2023.03.16.,http://www.todayenergy.kr/news/articleView.html?idxno=258614,kookmin_media,"지역사회 ESG 파트너십,ESG 관련 캠페인,지역사회 ESG 교육 프로그램,에너지 사용 절감 및 체계적 관리,ESG 위원회 조직",긍정,0.9715885519981384
"SK이노베이션-국민대, 탄소감축 주제 디자인프로젝트 맞손",2023.03.16.,http://www.economytalk.kr/news/articleView.html?idxno=232485,kookmin_media,"지역사회 ESG 파트너십,ESG 관련 캠페인,ESG 위원회 조직,에너지 사용 절감 및 체계적 관리",긍정,0.982232928276062
"SK이노∙국민대, 그린∙탄소감축 주제 디자인 프로젝트 맞손",2023.03.16.,https://www.fetv.co.kr/news/article.html?no=135822,kookmin_media,"지역사회 ESG 파트너십,ESG 관련 캠페인,청정 재생에너지,지역사회 ESG 교육 프로그램,에너지 사용 절감 및 체계적 관리,탄소배출량,ESG 위원회 조직,폐기물 배출",긍정,0.9773886203765868
"SK이노베이션-국민대, 친환경 디자인 개발 협동",2023.03.16.,https://www.etnews.com/20230316000228,kookmin_media,"지역사회 ESG 파트너십,ESG 관련 캠페인",긍정,0.9574244022369384
"SK이노베이션, 국민대와 디자인 산학협동 MOU... 부활한 '행코'",2023.03.16.,http://www.sporbiz.co.kr/news/articleView.html?idxno=646775,kookmin_media,"지역사회 ESG 파트너십,ESG 관련 캠페인,지역사회 ESG 교육 프로그램",긍정,0.9765997529029846
"SK이노베이션, 국민대와 그린 탄소감축 디자인 프로젝트",2023.03.16.,https://news.mtn.co.kr/news-detail/2023031614503520304,kookmin_media,지역사회 ESG 파트너십,긍정,0.883894681930542
"SK이노베이션, 국민대와 그린 ESG 디자인 개발 맞손",2023.03.16.,http://www.popcornnews.net/news/articleView.html?idxno=37513,kookmin_media,"지역사회 ESG 파트너십,지역사회 ESG 교육 프로그램,ESG 관련 캠페인,에너지 사용 절감 및 체계적 관리,ESG 위원회 조직,청정 재생에너지,폐기물 배출,ESG 운영위원회의 다양성",긍정,0.981103777885437
"SK이노-국민대, 그린·탄소 감축 디자인 프로젝트 '맞손'",2023.03.16.,https://www.ekn.kr/web/view.php?key=20230316010003955,kookmin_media,"지역사회 ESG 파트너십,ESG 관련 캠페인",긍정,0.9457921385765076
"SK이노-국민대, 그린 탄소감축 디자인에 '맞손'",2023.03.16.,https://zdnet.co.kr/view/?no=20230316144607,kookmin_media,"지역사회 ESG 파트너십,ESG 관련 캠페인,에너지 사용 절감 및 체계적 관리",긍정,0.970234215259552
"SK이노, 국민대와 '친환경 디자인' 산학 협력",2023.03.16.,http://www.goodkyung.com/news/articleView.html?idxno=202729,kookmin_media,"지역사회 ESG 파트너십,ESG 관련 캠페인,지역사회 ESG 교육 프로그램,ESG 위원회 조직,에너지 사용 절감 및 체계적 관리,청정 재생에너지",긍정,0.9672643542289734
"SK이노-국민대, 그린·탄소감축 디자인 프로젝트 맞손",2023.03.16.,https://daily.hankooki.com/news/articleView.html?idxno=934935,kookmin_media,"지역사회 ESG 파트너십,ESG 관련 캠페인",긍정,0.9775559306144714
"SK이노-국민대, 그린-탄소감축 주제 디자인 프로젝트 ‘맞손’",2023.03.16.,https://biz.newdaily.co.kr/site/data/html/2023/03/16/2023031600150.html,kookmin_media,"지역사회 ESG 파트너십,ESG 관련 캠페인",긍정,0.9749431610107422
"SK이노베이션, 국민대와 그린 주제 디자인 프로젝트 맞손",2023.03.16.,http://www.smedaily.co.kr/news/articleView.html?idxno=251939,kookmin_media,"지역사회 ESG 파트너십,ESG 관련 캠페인,지역사회 ESG 교육 프로그램,에너지 사용 절감 및 체계적 관리,청정 재생에너지",긍정,0.9704225063323976
"SK이노베이션, 국민대와 '친환경 디자인' 협력… 대국민 인식 변화 나서",2023.03.16.,http://www.pressm.kr/news/articleView.html?idxno=67360,kookmin_media,"ESG 관련 캠페인,ESG 위원회 조직,지역사회 ESG 파트너십,에너지 사용 절감 및 체계적 관리,지역사회 ESG 교육 프로그램,청정 재생에너지,캠퍼스 차량,ESG 비교과 프로그램 개발 및 운영,ESG 관련 학생 동아리,ESG 교육과정 및 교수학습 방법",긍정,0.8653022050857544
"SK이노-국민대, 디자인 산학 협동 체결 …'그린·탄소 감축' 쉽게 전할 ...",2023.03.16.,http://www.sentv.co.kr/news/view/649610,kookmin_media,"지역사회 ESG 파트너십,ESG 관련 캠페인",긍정,0.9459205865859984
"SK이노, 국민대와 그린‧탄소감축 디자인 프로젝트 협력",2023.03.16.,http://www.enewstoday.co.kr/news/articleView.html?idxno=1646059,kookmin_media,"지역사회 ESG 파트너십,ESG 관련 캠페인",긍정,0.9700939655303956
"SK이노베이션·국민대, '친환경 디자인' 주제로 공동 프로젝트 추진",2023.03.16.,https://www.cstimes.com/news/articleView.html?idxno=535870,kookmin_media,"지역사회 ESG 파트너십,ESG 관련 캠페인",긍정,0.9550511837005616
"SK이노베이션·국민대, 친환경 사업 관련 디자인 개발 맞손",2023.03.16.,https://www.viva100.com/main/view.php?key=20230316010005278,kookmin_media,"지역사회 ESG 파트너십,ESG 관련 캠페인",긍정,0.9316726326942444
"SK이노·국민대, 친환경 디자인 산학협동 프로젝트 진행",2023.03.16.,http://news.heraldcorp.com/view.php?ud=20230316000603,kookmin_media,"지역사회 ESG 파트너십,ESG 관련 캠페인,지역사회 ESG 교육 프로그램",긍정,0.9723694324493408
"SK이노베이션 - 국민대, 그린∙탄소감축 주제 디자인 프로젝트 '맞손'",2023.03.16.,http://www.worktoday.co.kr/news/articleView.html?idxno=33457,kookmin_media,"지역사회 ESG 파트너십,ESG 관련 캠페인,지역사회 ESG 교육 프로그램,에너지 사용 절감 및 체계적 관리,ESG 위원회 조직,청정 재생에너지",긍정,0.9706429839134216
"SK이노베이션, 국민대와 그린 ESG 디자인 개발 산학협동 MOU 체결",2023.03.16.,https://www.asiatoday.co.kr/view.php?key=20230316010008955,kookmin_media,"지역사회 ESG 파트너십,ESG 관련 캠페인,지역사회 ESG 교육 프로그램",긍정,0.9497232437133788
"SK이노베이션, 국민대와 그린탄소감축 주제 디자인 프로젝트 맞손",2023.03.16.,http://www.newspim.com/news/view/20230316000558,kookmin_media,"지역사회 ESG 파트너십,ESG 관련 캠페인,지역사회 ESG 교육 프로그램,에너지 사용 절감 및 체계적 관리",긍정,0.9758852124214172
"SK이노베이션, 국민대와 'ESG 디자인 개발산학협동' 위해 맞손",2023.03.16.,http://www.thebigdata.co.kr/view.php?ud=20230316140342904462abca1943_23,kookmin_media,"지역사회 ESG 파트너십,에너지 사용 절감 및 체계적 관리,ESG 위원회 조직,ESG 관련 캠페인,지역사회 ESG 교육 프로그램",긍정,0.9482204914093018
"SK이노, 국민대와 '카본 투 그린' 디자인 협력 나선다",2023.03.16.,https://www.news1.kr/articles/4983678,kookmin_media,"지역사회 ESG 파트너십,지역사회 ESG 교육 프로그램,ESG 관련 캠페인",긍정,0.940269947052002
"SK이노베이션, 국민대와 ‘친환경 디자인’ 산학 프로젝트",2023.03.16.,http://www.edaily.co.kr/news/newspath.asp?newsid=02440326635543976,kookmin_media,지역사회 ESG 파트너십,긍정,0.9462363719940186
"SK이노베이션·국민대, ESG 디자인 개발 MOU 체결",2023.03.16.,https://www.sedaily.com/NewsView/29N1S5EMGX,kookmin_media,"지역사회 ESG 파트너십,ESG 관련 캠페인,에너지 사용 절감 및 체계적 관리,지역사회 ESG 교육 프로그램,ESG 위원회 조직,ESG 비교과 프로그램 개발 및 운영",긍정,0.9681746363639832
"SK이노∙국민대, 친환경 디자인 프로젝트 위해 맞손",2023.03.16.,http://www.fnnews.com/news/202303160914277878,kookmin_media,"지역사회 ESG 파트너십,ESG 관련 캠페인",긍정,0.9637422561645508
"SK이노, 국민대와 '친환경 디자인' 산학협동 프로젝트",2023.03.16.,http://news.mt.co.kr/mtview.php?no=2023031608481433882,kookmin_media,"지역사회 ESG 파트너십,ESG 위원회 조직,ESG 관련 캠페인,지역사회 ESG 교육 프로그램,에너지 사용 절감 및 체계적 관리",긍정,0.9695306420326232
"국민대, 세계 수준 바이러스 치료용 이중항체 원천기술 개발",2023.03.15.,http://www.naeil.com/news_view/?id_art=454258,kookmin_media,,긍정,0.9876082539558412
"국민대 연구팀, 바이러스 치료용 이중항체 원천기술 개발",2023.03.15.,https://mdtoday.co.kr/news/view/1065604942327154,kookmin_media,,긍정,0.9803010821342468
"국민대 바이오의약전공 이석묵 교수팀, 세계 수준 바이러스 치료용 이중...",2023.03.14.,http://www.kyosu.net/news/articleView.html?idxno=101879,kookmin_media,,긍정,0.9841370582580566
"국민대, 지속가능한 메타버스 생태계 조성",2023.03.13.,http://www.naeil.com/news_view/?id_art=454071,kookmin_media,,긍정,0.8963178992271423
"국민대 김주은 교수 연구, 산업통상자원부 우수 과제 선정",2023.03.13.,http://www.naeil.com/news_view/?id_art=454087,kookmin_media,,긍정,0.9269731044769288
국민대 학생들과 셀카 찍는 박보균 장관,2023.03.13.,https://www.news1.kr/photos/view/?5880448,kookmin_media,,긍정,0.5687505006790161
국민대 찾아 청년정책 관련 대화하는 박보균 장관,2023.03.13.,https://www.news1.kr/photos/view/?5880421,kookmin_media,,긍정,0.6982341408729553
"국민대, 바이러스질환 치료 이중항체 원천기술 개발",2023.03.13.,http://www.edaily.co.kr/news/newspath.asp?newsid=02784726635542992,kookmin_media,,긍정,0.9683079719543456
"국민대 연구팀, 세계적 수준의 바이러스 치료용 이중항체 원천기술 개발",2023.03.13.,https://www.news1.kr/articles/4979961,kookmin_media,,긍정,0.9899700284004213
"이석묵 국민대 교수팀, 세계 수준 바이러스 치료용 이중항체 원천기술 ...",2023.03.13.,https://news.unn.net/news/articleView.html?idxno=543290,kookmin_media,,긍정,0.9848982691764832
"책쓰기 관리 및 플래닝 서비스 위메이크북, 국민대 창업경진대회 최우수...",2023.03.13.,http://www.kdpress.co.kr/news/articleView.html?idxno=118512,kookmin_media,,긍정,0.9751989841461182
"국민대 이석묵 교수연구팀 , 바이러스 치료용 이중항체 원천기술 개발",2023.03.13.,https://dhnews.co.kr/news/view/1065575989932222,kookmin_media,,긍정,0.9903590083122252
[대회돋보기] 국민대 캠퍼스타운 창업경진대회,2023.03.10.,http://www.wflower.info/news/article.html?no=8165,kookmin_media,,긍정,0.8787845969200134
"김주은 국민대 교수 연구, 산자부 우수과제 선정",2023.03.10.,http://www.edaily.co.kr/news/newspath.asp?newsid=02325526635542008,kookmin_media,,긍정,0.9630919694900512
국민대 김주은 교수 연구 산업통상자원부 우수 과제 선정,2023.03.10.,http://www.veritas-a.com/news/articleView.html?idxno=449578,kookmin_media,,긍정,0.9655632376670836
"김주은 국민대 바이오의약전공 교수, 산업통상자원부 우수 과제 선정",2023.03.10.,https://www.dailysmart.co.kr/news/articleView.html?idxno=70234,kookmin_media,,긍정,0.9171980619430542
"국민대, 한국환경산업기술원과 산학협력 및 지역 상생 위해 '맞손'",2023.03.10.,http://www.nextdaily.co.kr/news/articleView.html?idxno=216335,kookmin_media,지역사회 ESG 파트너십,긍정,0.9699264764785768
"국민대-한국환경산업기술원, 환경분야 우수 인재 양성 협력",2023.03.10.,https://www.news1.kr/articles/4977475,kookmin_media,지역사회 ESG 파트너십,긍정,0.9542640447616576
"국민대, 한국환경산업기술원과 산학협력 및 지역 상생 위한 업무협약 체...",2023.03.10.,http://www.sentv.co.kr/news/view/648910,kookmin_media,지역사회 ESG 파트너십,긍정,0.8356553316116333
"국민대, 산학협력 통한 지속가능한 메타버스 생태계 조성한다",2023.03.09.,http://www.kyosu.net/news/articleView.html?idxno=101698,kookmin_media,지역사회 ESG 파트너십,긍정,0.9715808629989624
"국민대, 12개 기업과 메타버스융합협의회 구성·운영을 위한 MOU 체결",2023.03.09.,https://www.ekn.kr/web/view.php?key=20230309010002245,kookmin_media,,긍정,0.9620676040649414
"국민대, 산학협력 통한 메타버스 생태계 조성...12개 기업과 업무협약",2023.03.09.,http://www.metroseoul.co.kr/article/20230309500386,kookmin_media,지역사회 ESG 파트너십,긍정,0.9463744163513184
"국민대, 산학협력 메타버스 생태계 조성한다",2023.03.09.,http://www.newsis.com/view/?id=NISX20230309_0002220214&cID=10201&pID=10200,kookmin_media,,긍정,0.9419914484024048
"국민대, 메타버스 생태계 조성…산학협력협의체 구성",2023.03.09.,https://www.viva100.com/main/view.php?key=20230309010002877,kookmin_media,지역사회 ESG 파트너십,긍정,0.955241084098816
"국민대, 산학협력으로 지속가능한 메타버스 생태계 조성한다",2023.03.09.,https://news.unn.net/news/articleView.html?idxno=543119,kookmin_media,,긍정,0.9626554250717164
국민대 12개 기업과 메타버스융합협의회 구성/운영을 위한 MOU 체결,2023.03.09.,http://www.veritas-a.com/news/articleView.html?idxno=449439,kookmin_media,,긍정,0.9664252400398254
"국민대, 산학협력 통한 지속가능한 메타버스 생태계 조성 '박차'",2023.03.09.,https://www.dailysmart.co.kr/news/articleView.html?idxno=70174,kookmin_media,지역사회 ESG 파트너십,긍정,0.9668608903884888
"국민대 이원재 교수, 대학강의용 도핑방지 교재 개발 착수",2023.03.09.,http://www.naeil.com/news_view/?id_art=453620,kookmin_media,,긍정,0.9810442328453064
"국민대, ‘혁신공유대학’사업 미래자동차 분야서 교육부장관상",2023.03.08.,https://www.joongang.co.kr/article/25145686,kookmin_media,,긍정,0.8816891312599182
"환경기술원-국민대, 지역상생 협력",2023.03.08.,http://amenews.kr/news/view.php?idx=52764,kookmin_media,"지역사회 ESG 파트너십,ESG 관련 캠페인",긍정,0.9504836797714232
"국민대-쿤텍, 업무협약 체결",2023.03.08.,http://www.naeil.com/news_view/?id_art=453590,kookmin_media,,긍정,0.8931088447570801
"국민대 학생들, 교육부장관 · 대한상공회의소회장상 수상",2023.03.08.,http://www.naeil.com/news_view/?id_art=453608,kookmin_media,,긍정,0.788415253162384
"KADA, 국민대와 손잡는다…대학강의용 도핑방지 교재 개발",2023.03.08.,https://www.spotvnews.co.kr/news/articleView.html?idxno=590810,kookmin_media,,긍정,0.9838725924491882
"이원재 국민대 스포츠산업레저학과 교수, 한국도핑방지위원회와 대학강...",2023.03.08.,https://www.dailysmart.co.kr/news/articleView.html?idxno=70119,kookmin_media,,긍정,0.9561872482299804
국민대 이원재 교수 한국도핑방지위원회와 대학강의용 도핑방지 교재 개...,2023.03.08.,http://www.veritas-a.com/news/articleView.html?idxno=449322,kookmin_media,,긍정,0.9675610065460204
"국민대 이원재 교수, 도핑방지 대학 교재 개발 착수",2023.03.08.,http://www.newsis.com/view/?id=NISX20230308_0002218238&cID=10201&pID=10200,kookmin_media,,긍정,0.9669865369796752
"한국도핑방지위원회, 국민대와 '대학강의용 도핑 교재 개발'",2023.03.08.,https://www.yna.co.kr/view/AKR20230308042800007?input=1195m,kookmin_media,,긍정,0.8646172285079956
"KADA,국민대 대학생들과 함께 '수용자 중심' 도핑방지 교재 개발",2023.03.08.,https://www.sportschosun.com/sports-news/2023-03-08/202303080100058730006417,kookmin_media,,긍정,0.9607251286506652
2023 국민대학교 캠퍼스타운 '창업경진대회' 실시,2023.03.08.,https://www.ajunews.com/view/20230306174230274,kookmin_media,,긍정,0.9020133018493652
"환경산업기술원, 국민대와 산학협력 및 지역 상생 업무협약 체결",2023.03.07.,http://www.ikld.kr/news/articleView.html?idxno=270513,kookmin_media,"지역사회 ESG 파트너십,ESG 관련 캠페인",긍정,0.8155654668807983
"한국환경산업기술월, 국민대와 산학협력 및 지역상생 위한 업무협약 체...",2023.03.07.,https://daily.hankooki.com/news/articleView.html?idxno=931308,kookmin_media,지역사회 ESG 파트너십,긍정,0.88960200548172
"[포토] 환경산업기술원, 국민대학교와 업무협약 체결",2023.03.07.,http://www.energydaily.co.kr/news/articleView.html?idxno=135200,kookmin_media,"지역사회 ESG 파트너십,ESG 관련 캠페인",긍정,0.7728915810585022
국민대 'We-Meet Awards' 미래자동차 분야 2팀 수상,2023.03.07.,http://www.m-i.kr/news/articleView.html?idxno=993655,kookmin_media,,긍정,0.9267115592956544
"국민대생, 디지털 신기술 인재양성 혁신공유대학 사업 ‘We-Meet Awards’ ...",2023.03.07.,https://www.ekn.kr/web/view.php?key=20230307010001568,kookmin_media,취약계층 지원강화,긍정,0.8447183966636658
"국민대 학생들, 디지털 신기술 인재양성 혁신공유대학 'We-Meet Awards' 교육...",2023.03.07.,https://www.dailysmart.co.kr/news/articleView.html?idxno=70092,kookmin_media,,긍정,0.8899616599082947
"스위스 가레트모션사, 국민대에 연구센터 설립",2023.03.06.,https://www.munhwa.com/news/view.html?no=2023030601039936170001,kookmin_media,,긍정,0.9768627882003784
"국민대, 스위스 가레트모션사 연구센터 유치",2023.03.06.,http://www.naeil.com/news_view/?id_art=453126,kookmin_media,,긍정,0.944871187210083
"국민대, 세계적 車부품사 연구센터 유치",2023.03.03.,http://www.edaily.co.kr/news/newspath.asp?newsid=02512486635539712,kookmin_media,,긍정,0.957469403743744
"국민대, 스위스 자동차 부품사 연구센터 유치",2023.03.03.,https://www.joongang.co.kr/article/25144531,kookmin_media,,긍정,0.9743587374687196
"국민대-쿤텍, 무기체계 보안성 강화 위해 '맞손'",2023.03.03.,http://www.m-i.kr/news/articleView.html?idxno=992534,kookmin_media,,긍정,0.9431222081184388
"국민대, 쿤텍과 무기체계 코드 기술보호기법 업무협약 체결",2023.03.03.,http://www.newsis.com/view/?id=NISX20230303_0002212878&cID=10201&pID=10200,kookmin_media,,긍정,0.8465410470962524
"국민대, '쿤텍'과 무기체계 SW 보안 강화사업 업무협약 체결",2023.03.03.,https://www.news1.kr/articles/4969927,kookmin_media,,긍정,0.955558717250824
"국민대, 쿤텍과 무기체계 코드 기술보호기법 사업 추진 위한 업무협약 ...",2023.03.03.,https://www.ekn.kr/web/view.php?key=20230303010000584,kookmin_media,,긍정,0.926121473312378
"국민대, 쿤텍과 무기체계 코드 기술보호기법 사업 추진 위해 '맞손'",2023.03.03.,https://www.dailysmart.co.kr/news/articleView.html?idxno=69934,kookmin_media,지역사회 ESG 파트너십,긍정,0.9047577381134032
국민대 쿤텍과 무기체계 코드 기술보호기법 사업 추진 위한 업무협약 체...,2023.03.03.,http://www.veritas-a.com/news/articleView.html?idxno=448827,kookmin_media,지역사회 ESG 파트너십,긍정,0.839425802230835
"국민대, 무기체계 코드 기술보호기법 사업 추진",2023.03.03.,https://news.unn.net/news/articleView.html?idxno=542817,kookmin_media,,긍정,0.8678475022315979
"국민대, 스위스 가레트모션사의 연구센터 유치",2023.03.02.,https://www.ekn.kr/web/view.php?key=20230302010000466,kookmin_media,,긍정,0.9652459621429444
"국민대, 스위스 가레트모션 연구센터 유치",2023.03.02.,https://www.etnews.com/20230302000263,kookmin_media,,긍정,0.9397572875022888
"국민대, 스위스 카레트모션사 연구센터 유치",2023.03.02.,https://www.dailysmart.co.kr/news/articleView.html?idxno=69885,kookmin_media,,긍정,0.9433951377868652
국민대 스위스 가레트모션사의 연구센터 유치,2023.03.02.,http://www.veritas-a.com/news/articleView.html?idxno=448693,kookmin_media,,긍정,0.9648743271827698
"가레트모션, 국민대에 연구센터 설립",2023.03.02.,http://www.newsis.com/view/?id=NISX20230302_0002211275&cID=10201&pID=10200,kookmin_media,,긍정,0.8881124258041382
"국민대, 입학식서 인공지능 학습 윤리강령 선포",2023.03.02.,https://www.joongang.co.kr/article/25144188,kookmin_media,,긍정,0.8708924651145935
"국민대학교, 펜타시큐리티시스템과 정보보안암호 분야 공동연구∙인재...",2023.03.02.,http://www.sentv.co.kr/news/view/647815,kookmin_media,지역사회 ESG 파트너십,긍정,0.956666886806488
"[이달의 과학기술인상] 이상호 국민대 교수, 차세대 담수화 기술 개발",2023.03.01.,https://www.sedaily.com/NewsView/29MUWW4WK3,kookmin_media,,긍정,0.9401857256889344
"국민대, 인공지능 교수학습 활용 윤리강령 발표",2023.03.01.,https://www.viva100.com/main/view.php?key=20230301010000134,kookmin_media,,긍정,0.8982065916061401
3월 이달의 과학기술인상에 이상호 국민대 건설시스템공학부 교수,2023.03.01.,https://biz.chosun.com/science-chosun/science/2023/03/01/FCUXNU32INGLTCGRQV2JWAROHQ/?utm_source=naver&utm_medium=original&utm_campaign=biz,kookmin_media,,긍정,0.9383366703987122
차세대 수처리 기술 개발 이상호 국민대 교수 3월 과학기술인상,2023.03.01.,https://www.dongascience.com/news/view/58759,kookmin_media,,긍정,0.9536216259002686
3월의 과학기술인에 이상호 국민대 교수…담수화 기술 개발,2023.03.01.,https://www.news1.kr/articles/4967418,kookmin_media,,긍정,0.974454700946808
"'김건희 논문 표절' 의혹에 침묵하는 국민대, 그 속내",2023.03.01.,https://www.ohmynews.com/NWS_Web/View/at_pg.aspx?CNTN_CD=A0002905048&CMPT_CD=P0010&utm_source=naver&utm_medium=newsearch&utm_campaign=naver_news,kookmin_media,,부정,0.919548511505127
"국민대, 챗GPT 등 AI 관련 대학생 윤리선언문 선포",2023.03.01.,http://www.edaily.co.kr/news/newspath.asp?newsid=01430086635539056,kookmin_media,,긍정,0.853952944278717
"국민대, AI시대 맞춰 챗GPT 대학생 윤리선언문 선포",2023.03.01.,http://www.m-i.kr/news/articleView.html?idxno=991783,kookmin_media,,긍정,0.8417518734931946
국민대 '자율주행 경진대회' 참가팀 모집,2023.04.30.,http://www.naeil.com/news_view/?id_art=459269,kookmin_media,,긍정,0.902389109134674
"국민대, ‘제6회 국민대학교 자율주행 경진대회’ 개최 및 참가팀 모집",2023.04.28.,https://www.ekn.kr/web/view.php?key=20230428010007582,kookmin_media,,긍정,0.9485325813293456
국민대 '제6회 국민대 자율 주행 경진대회' 참가팀 모집,2023.04.28.,http://www.veritas-a.com/news/articleView.html?idxno=455049,kookmin_media,,긍정,0.9307092428207396
'제6회 국민대학교 자율주행 경진대회' 참가팀 모집,2023.04.28.,https://www.pinpointnews.co.kr/news/articleView.html?idxno=193254,kookmin_media,,긍정,0.9342488050460817
"국민대, 자율주행 경진대회 참가팀 모집",2023.04.28.,http://www.edaily.co.kr/news/newspath.asp?newsid=03460406635580712,kookmin_media,,긍정,0.9142088890075684
"국민대, 제6회 국민대 자율주행 경진대회 참가팀 모집",2023.04.28.,https://dhnews.co.kr/news/view/1065578475941000,kookmin_media,,긍정,0.959424376487732
‘제6회 국민대 자율주행 경진대회’ 참가팀 모집,2023.04.28.,http://www.metroseoul.co.kr/article/20230428500236,kookmin_media,,긍정,0.9270567297935486
일일 바리스타 된 임홍재 국민대 총장,2023.04.27.,https://news.unn.net/news/articleView.html?idxno=545884,kookmin_media,,긍정,0.928336262702942
"국민대, 신입생 전원에게 후드점퍼와 야구모자 쏜다!",2023.04.25.,https://www.ekn.kr/web/view.php?key=20230425010006531,kookmin_media,,긍정,0.9646469950675964
[ET테크리더스포럼]이민석 국민대 교수 “SW 개발자 태부족···능력 우...,2023.04.25.,https://www.etnews.com/20230425000152,kookmin_media,,긍정,0.9282354712486268
"국민대 ""신입생 전원에게 티셔츠·모자 쏩니다""",2023.04.25.,http://www.m-i.kr/news/articleView.html?idxno=1007959,kookmin_media,,긍정,0.942450761795044
"징계 받은 국민대 교직원, ""억울하다"" 죽음 암시 글",2023.04.25.,https://www.ohmynews.com/NWS_Web/View/at_pg.aspx?CNTN_CD=A0002922015&CMPT_CD=P0010&utm_source=naver&utm_medium=newsearch&utm_campaign=naver_news,kookmin_media,,부정,0.5780211091041565
"국민대, 신입생 전원에 티셔츠·모자 증정",2023.04.25.,https://www.news1.kr/articles/5026436,kookmin_media,,긍정,0.9584248661994934
국민대 화학과 김지웅 박사과정생 '우수 논문 발표상 수상',2023.04.23.,http://www.naeil.com/news_view/?id_art=458519,kookmin_media,,긍정,0.9455711245536804
국민대 화학과 김지웅 박사과정생 '우수 논문 발표상' 수상,2023.04.21.,http://www.veritas-a.com/news/articleView.html?idxno=454189,kookmin_media,,긍정,0.9679410457611084
"국민대 화학과 김지웅 박사과정생, ‘우수 논문 발표상’ 수상",2023.04.21.,https://www.ekn.kr/web/view.php?key=20230421010005658,kookmin_media,,긍정,0.9827125072479248
"국민대, 서울경제신문과 디지털 인재 양성을 위한 MOU 체결",2023.04.21.,https://view.asiae.co.kr/article/2023042114111708887,kookmin_media,지역사회 ESG 파트너십,긍정,0.9626696705818176
"국민대-서울경제신문, 디지털 인재 양성을 위한 MOU 맺어",2023.04.21.,https://www.sisunnews.co.kr/news/articleView.html?idxno=182331,kookmin_media,지역사회 ESG 파트너십,긍정,0.959201455116272
[열린세상] ‘빈 스윙’이 좋아야 한다/위성백 국민대 경영대학 특임교...,2023.04.21.,https://www.seoul.co.kr/news/newsView.php?id=20230421030001&wlog_tag3=naver,kookmin_media,,긍정,0.6292722225189209
공학도 손에서 탄생한 예술…국민대 자동차융합대학 학생들 전시회 개최,2023.04.20.,http://news.heraldcorp.com/view.php?ud=20230420000770,kookmin_media,,긍정,0.9619828462600708
"국민대 자동차융합대학, 공학도가 그리는 그림 전시회 개최",2023.04.20.,https://www.ekn.kr/web/view.php?key=20230420010005388,kookmin_media,,긍정,0.9591907858848572
국민대 자동차융합대학 학생들 'The Drawing' 전시회 개최,2023.04.20.,http://www.veritas-a.com/news/articleView.html?idxno=454028,kookmin_media,,긍정,0.9801554083824158
"국민대, '자동차융합대학 드로잉 전시회'",2023.04.20.,https://www.viva100.com/main/view.php?key=20230420010006414,kookmin_media,,긍정,0.9652804732322692
"국민대 자동차융합대학, 'The Drawing' 전시회 개최",2023.04.20.,http://www.metroseoul.co.kr/article/20230420500557,kookmin_media,,긍정,0.9833434820175172
"국민대 자동차융합대학, 이달 23일까지 'The Drawing' 전시회 개최",2023.04.20.,https://www.dailysmart.co.kr/news/articleView.html?idxno=71874,kookmin_media,,긍정,0.9781714677810668
공학도가 그린 그림은?…국민대 자동차융합대학 학생 전시회,2023.04.20.,https://www.news1.kr/articles/5022219,kookmin_media,,긍정,0.9381797909736632
"국민대 자동차융합대학, 드로잉 전시회 개최",2023.04.20.,http://www.newsis.com/view/?id=NISX20230420_0002274429&cID=10201&pID=10200,kookmin_media,,긍정,0.9076734185218812
"국민대 경력개발지원단, 종로여성인력개발센터와 업무협약 체결",2023.04.19.,https://www.dailysmart.co.kr/news/articleView.html?idxno=71833,kookmin_media,지역사회 ESG 파트너십,긍정,0.968776524066925
국민대 경력개발지원단 종로여성인력개발센터와 업무협약 체결,2023.04.19.,http://www.veritas-a.com/news/articleView.html?idxno=453853,kookmin_media,지역사회 ESG 파트너십,긍정,0.961353838443756
"국민대학교 동양문화디자인연구소, 'DBEW FORUM 2023' 진행",2023.04.19.,https://www.news1.kr/articles/5020969,kookmin_media,,긍정,0.9505159854888916
"'너이화 함께라면'…LGU+, 광운대·국민대·이대에 커피차",2023.04.19.,http://news.bizwatch.co.kr/article/mobile/2023/04/19/0032,kookmin_media,,긍정,0.8913681507110596
"국민대 동양문화디자인연구소, 밀라노에서 'DBEW FORUM 2023' 개최",2023.04.19.,http://www.businesskorea.co.kr/news/articleView.html?idxno=113091,kookmin_media,,긍정,0.9545585513114928
"국민대 동양문화디자인연구소, 밀라노에서 ‘DBEW FORUM 2023’ 진행",2023.04.19.,https://www.sedaily.com/NewsView/29OD3J39ZT,kookmin_media,,긍정,0.9538348913192748
"LG U+ 20대 브랜드 '유쓰', 광운대·이화여대·국민대에 커피차 쏜다",2023.04.19.,http://www.newspim.com/news/view/20230419000215,kookmin_media,,긍정,0.9381321668624878
"LGU+ '유쓰', 광운대·이화여대·국민대에 커피차 쏜다",2023.04.19.,https://www.ebn.co.kr/news/view/1574643/?sc=Naver,kookmin_media,,긍정,0.8840187788009644
"LG유플러스 '유쓰', 광운대·이화여대·국민대에 '커피차' 보낸다",2023.04.19.,http://www.fntimes.com/html/view.php?ud=202304190859434283645ffc9771_18,kookmin_media,,긍정,0.9363806247711182
"Uth 슬로건 공모 이벤트, 광운대·이화여대·국민대 선정",2023.04.19.,http://www.businesskorea.co.kr/news/articleView.html?idxno=113052,kookmin_media,,긍정,0.9347003102302552
국민대 COSS-폭스바겐그룹코리아-42WOB-주한독일대사관 양해각서 체결,2023.04.18.,http://www.veritas-a.com/news/articleView.html?idxno=453719,kookmin_media,,긍정,0.954476535320282
"국민대, 미래자동차 교육 및 연구 컨소시엄 양해각서 체결",2023.04.18.,https://news.unn.net/news/articleView.html?idxno=545371,kookmin_media,,긍정,0.9611709713935852
"국민대, 폭스바겐그룹코리아·주한독일대사관과 미래차 SW 인재 양성 MOU...",2023.04.18.,https://www.news1.kr/articles/5019488,kookmin_media,,긍정,0.9179218411445618
[뉴공 아카이브]권용주(국민대 자동차운송디자인학과 교수): 방미 앞둔...,2023.04.18.,http://www.ddanzi.com/769808176,kookmin_media,,부정,0.551261842250824
"국민대, 자가치유가 가능 이차전지용 실리콘 음극 개발",2023.04.17.,http://www.naeil.com/news_view/?id_art=457905,kookmin_media,,긍정,0.980500102043152
"서울경제·국민대, 디지털 인재 양성 '맞손'",2023.04.17.,https://www.sedaily.com/NewsView/29OC6YUME5,kookmin_media,지역사회 ESG 파트너십,긍정,0.9578968286514282
"성북구 정릉3동 주민자치위-국민대 예술대학, '지역사회 예술 보급·확산...",2023.04.17.,https://www.jeonmae.co.kr/news/articleView.html?idxno=952212,kookmin_media,,긍정,0.9506298899650574
"국민대, 자가치유 가능한 실리콘 음극재 개발",2023.04.17.,http://www.edaily.co.kr/news/newspath.asp?newsid=01951606635577104,kookmin_media,,긍정,0.9668861031532288
"전주원·도영락 국민대 응용화학부 교수 연구팀, 자가치유 가능한 이차...",2023.04.16.,https://www.dailysmart.co.kr/news/articleView.html?idxno=71658,kookmin_media,,긍정,0.9762247800827026
국민대 전주원-도영락 교수팀 자가치유가 가능한 이차전지용 실리콘 음...,2023.04.14.,http://www.veritas-a.com/news/articleView.html?idxno=453383,kookmin_media,,긍정,0.979025423526764
"국민대, 자가치유가 가능한 이차전지용 실리콘 음극 개발",2023.04.14.,https://www.ekn.kr/web/view.php?key=20230414010003751,kookmin_media,,긍정,0.9203122854232788
"국민대 연구진, 자가치유가 가능한 이차전지용 실리콘 음극 개발",2023.04.14.,https://news.unn.net/news/articleView.html?idxno=545169,kookmin_media,,긍정,0.970523715019226
"경기콘텐츠진흥원-국민대, 콘텐츠 및 디자인 분야 발전 위한 업무협약",2023.04.13.,http://www.kihoilbo.co.kr/news/articleView.html?idxno=1025867,kookmin_media,지역사회 ESG 파트너십,긍정,0.9739761352539062
"경기콘텐츠진흥원-국민대, K-콘텐츠 협력관계 구축",2023.04.13.,http://www.skyedaily.com/news/news_view.html?ID=188449,kookmin_media,지역사회 ESG 파트너십,긍정,0.7707412838935852
"경기콘텐츠진흥원-국민대, 콘텐츠·디자인 분야 발전위한 협력관계 구축",2023.04.13.,https://www.seoul.co.kr/news/newsView.php?id=20230413500075&wlog_tag3=naver,kookmin_media,지역사회 ESG 파트너십,긍정,0.971730887889862
"국민대, 경기콘텐츠진흥원과 콘텐츠 및 디자인 분야 개발·연구 MOU 체결",2023.04.13.,http://www.segyebiz.com/newsView/20230413510935?OutUrl=naver,kookmin_media,,긍정,0.9697855114936828
"국민대-경기콘텐츠진흥원, 콘텐츠 및 디자인 분야 개발·연구 위한 MOU 체...",2023.04.13.,http://www.businesskorea.co.kr/news/articleView.html?idxno=112743,kookmin_media,지역사회 ESG 파트너십,긍정,0.9608613848686218
"국민대, 경기콘텐츠진흥원과 콘텐츠 및 디자인 분야 개발·연구 위한 MO...",2023.04.13.,https://view.asiae.co.kr/article/2023041310354343551,kookmin_media,지역사회 ESG 파트너십,긍정,0.964804232120514
"경기콘텐츠진흥원-국민대학교, 콘텐츠 및 디자인 분야 발전을 위한 협력...",2023.04.13.,https://www.viva100.com/main/view.php?key=20230413010003816,kookmin_media,지역사회 ESG 파트너십,긍정,0.953610897064209
"경기콘텐츠진흥원-국민대, 콘텐츠·디자인분야 협력",2023.04.13.,https://www.news1.kr/articles/5013920,kookmin_media,지역사회 ESG 파트너십,긍정,0.9611167907714844
"경콘진-국민대, 콘텐츠·디자인 분야 발전 협력한다",2023.04.13.,http://news.heraldcorp.com/view.php?ud=20230413000040,kookmin_media,지역사회 ESG 파트너십,긍정,0.9616589546203612
국민대-IT교육전문기관 멀티캠퍼스 SW인재 양성 관련 MOU 체결,2023.04.12.,http://www.veritas-a.com/news/articleView.html?idxno=452964,kookmin_media,,긍정,0.9638417959213256
"국민대, IT교육전문기관 멀티캠퍼스와 SW인재 양성 위한 MOU 체결",2023.04.12.,https://www.dailysmart.co.kr/news/articleView.html?idxno=71499,kookmin_media,,긍정,0.9641733765602112
"국민대 예비군연대, 수도방위사령관 표창 수상",2023.04.12.,https://www.munhwa.com/news/view.html?no=2023041201039921022001,kookmin_media,,긍정,0.9718390703201294
국민대 예비군연대 수도방위사령관 표창 수상,2023.04.11.,http://www.veritas-a.com/news/articleView.html?idxno=452917,kookmin_media,,긍정,0.9650550484657288
"국민대학교 예비군연대, 수도방위사령관 표창 수상",2023.04.11.,https://www.news1.kr/articles/5012025,kookmin_media,,긍정,0.9640828371047974
"'놀면뭐하니' 간식 서울, 지하세계 맛 국민대 사발떡볶이(오뎅튀김)&쌍...",2023.04.08.,http://enter.etoday.co.kr/news/view/239816,kookmin_media,,긍정,0.9154601097106934
"국민대ㆍKOICA, 개발협력사업 성과 모니터링 워크숍 진행",2023.04.07.,http://www.wowtv.co.kr/NewsCenter/News/Read?articleId=A202304070608&t=NN,kookmin_media,,긍정,0.7477028369903564
"국민대 · KOICA, 개발협력사업 성과 모니터링 워크숍 개최",2023.04.07.,https://www.etnews.com/20230407000121,kookmin_media,,긍정,0.7359448075294495
[열린세상] 타이밍이 중요하다/위성백 국민대 경영대학 특임교수,2023.05.30.,https://www.seoul.co.kr/news/newsView.php?id=20230530026001&wlog_tag3=naver,kookmin_media,,긍정,0.8241503834724426
"이준석 전 국민의힘 대표, 서울대 이어 국민대서 강연 [뉴시스Pic]",2023.05.26.,http://www.newsis.com/view/?id=NISX20230526_0002318417&cID=10301&pID=10300,kookmin_media,,긍정,0.9053594470024108
"이준석, 국민대학교 특강",2023.05.26.,http://www.newsis.com/view/?id=NISI20230526_0019901920,kookmin_media,,긍정,0.9254072904586792
국민대생들에게 특강하는 이준석,2023.05.26.,http://www.newsis.com/view/?id=NISI20230526_0019901927,kookmin_media,,긍정,0.9252760410308838
국민대 초청 특강 나선 이준석 전 대표,2023.05.26.,https://www.news1.kr/photos/view/?6016152,kookmin_media,,긍정,0.7589311599731445
"이준석 전 대표, 국민대 특강",2023.05.26.,https://www.news1.kr/photos/view/?6016148,kookmin_media,,긍정,0.715735137462616
"이준석 전 대표, 국민대학교 특강",2023.05.26.,https://www.news1.kr/photos/view/?6016147,kookmin_media,,긍정,0.7471413016319275
"국민대 임홍재 총장, 일회용품 제로챌린지 캠페인 동참",2023.05.24.,https://www.ekn.kr/web/view.php?key=20230524010006498,kookmin_media,ESG 관련 캠페인,긍정,0.9829087257385254
"국민대, 전국 고등학생 조형실기대회 개최",2023.05.24.,http://www.naeil.com/news_view/?id_art=461865,kookmin_media,,긍정,0.9526137113571168
국민대 임홍재 총장 일회용품 제로챌린지 캠페인 동참,2023.05.24.,http://www.veritas-a.com/news/articleView.html?idxno=458427,kookmin_media,ESG 관련 캠페인,긍정,0.9492448568344116
국민대 제23회 전국 고등학생 조형실기대회 개최,2023.05.23.,http://www.veritas-a.com/news/articleView.html?idxno=458265,kookmin_media,,긍정,0.9519306421279908
"국민대, '제23회 전국 고등학생 조형실기대회' 개최",2023.05.23.,https://www.viva100.com/main/view.php?key=20230523010006819,kookmin_media,,긍정,0.9385826587677002
"국민대, 제23회 전국 고등학생 조형실기대회",2023.05.23.,https://dhnews.co.kr/news/view/1065590916243108,kookmin_media,,긍정,0.7356534004211426
"국민대, 창문 적용 가능 투명 에너지 저장 시스템 개발",2023.05.23.,http://www.m-i.kr/news/articleView.html?idxno=1015827,kookmin_media,에너지 사용 절감 및 체계적 관리,긍정,0.9913023710250854
"국민대, 투명 에너지 저장 장치 개발",2023.05.23.,http://www.edaily.co.kr/news/newspath.asp?newsid=01482566635611872,kookmin_media,,긍정,0.9866677522659302
"국민대, 창문에 적용 가능한 투명 에너지 저장 시스템 개발",2023.05.22.,https://www.ekn.kr/web/view.php?key=20230522010005825,kookmin_media,에너지 사용 절감 및 체계적 관리,긍정,0.994511604309082
"국민대 연구진, 창문에 적용하는 투명 에너지 저장 시스템 개발",2023.05.22.,http://news.heraldcorp.com/view.php?ud=20230522000671,kookmin_media,,긍정,0.9874799847602844
"임상규·홍다정 국민대 교수 연구팀, 창문에 적용 가능한 투명 에너지 ...",2023.05.22.,https://www.dailysmart.co.kr/news/articleView.html?idxno=73149,kookmin_media,,긍정,0.992701768875122
"""시원한 음료 한 잔 하세요"" 조형실기대회 치른 국민대",2023.05.21.,https://news.unn.net/news/articleView.html?idxno=547023,kookmin_media,,긍정,0.9024497270584106
"동대문구, 국민대 산학협력단 '탄소중립 지원센터'로 지정",2023.05.19.,https://www.jeonmae.co.kr/news/articleView.html?idxno=958795,kookmin_media,,긍정,0.9417200684547424
"국민대, ‘2023년 캠퍼스타운 창업경진대회’ 시상식 개최",2023.05.19.,http://www.dizzotv.com/site/data/html_dir/2023/05/19/2023051980157.html,kookmin_media,,긍정,0.8872697949409485
"국민대, 한국청년기업가정신재단과 업무협약 체결",2023.05.18.,http://www.newsis.com/view/?id=NISX20230518_0002308124&cID=10201&pID=10200,kookmin_media,지역사회 ESG 파트너십,긍정,0.9268586039543152
국민대-한국청년기업가정신재단 MOU,2023.05.18.,https://www.viva100.com/main/view.php?key=20230518010005351,kookmin_media,지역사회 ESG 파트너십,긍정,0.974497616291046
"국민대 김형민·고동욱 교수팀, 나노·소재기술 개발사업 선정",2023.05.18.,http://www.m-i.kr/news/articleView.html?idxno=1014601,kookmin_media,,긍정,0.9304181337356568
"국민대, 한국청년기업가정신재단과 창업기업 발굴·기업가정신연구 활...",2023.05.18.,https://www.dailysmart.co.kr/news/articleView.html?idxno=72997,kookmin_media,지역사회 ESG 파트너십,긍정,0.9442291259765624
"국민대·한국청년기업가정신재단, 창업기업 발굴 위해 MOU 체결",2023.05.18.,https://www.news1.kr/articles/5050735,kookmin_media,지역사회 ESG 파트너십,긍정,0.9638731479644777
"국민대 김형민, 고동욱 교수 연구팀 나노/소재기술 개발사업 선정",2023.05.17.,http://www.veritas-a.com/news/articleView.html?idxno=457449,kookmin_media,지역사회 ESG 파트너십,긍정,0.9373173713684082
국민대 김형민·고동욱 교수 연구팀 나노 및 소재기술 개발사업 선정,2023.05.17.,https://www.news1.kr/articles/5050139,kookmin_media,,긍정,0.9595256447792052
국민대-대한상공회의소 서울기술교육센터 업무 협약 체결,2023.05.17.,http://www.veritas-a.com/news/articleView.html?idxno=457402,kookmin_media,지역사회 ESG 파트너십,긍정,0.9677386283874512
"국민대·대한상의 서울기술교육센터, 업무 협약 체결",2023.05.17.,https://dhnews.co.kr/news/view/1065596935879000,kookmin_media,,긍정,0.8679933547973633
"국민대, 대한상공회의소 서울기술교육센터와 업무협약 체결",2023.05.17.,https://www.dailysmart.co.kr/news/articleView.html?idxno=72963,kookmin_media,,긍정,0.9399687051773072
"국민대기술지주, 한국경영교육학회 혁신경영대상 수상",2023.05.17.,http://www.edaily.co.kr/news/newspath.asp?newsid=02696166635609904,kookmin_media,,긍정,0.9562702178955078
"인피니언, 국민대·숭실대와 반도체 아카데미 강화",2023.05.15.,https://www.etnews.com/20230515000280,kookmin_media,,긍정,0.9845511317253112
"국민대, 성북구청과 동양고전 특강 시민대학 개최",2023.05.13.,http://www.naeil.com/news_view/?id_art=460655,kookmin_media,,긍정,0.9643946886062622
"국민대 자동차인공지능동아리, 캡스톤디자인 경진대회 대상 수상",2023.05.13.,http://www.naeil.com/news_view/?id_art=460637,kookmin_media,,긍정,0.9054398536682128
이음길-국민대 ‘청년 취업지원 강화’ 맞손,2023.05.12.,https://www.sedaily.com/NewsView/29PJTYPHHR,kookmin_media,지역사회 ESG 파트너십,긍정,0.9720398783683776
"""밀라노에서 아시아 디자인의 방향성을 찾다""...국민대 OCDC의 ‘DBEW FORU...",2023.05.12.,https://www.sedaily.com/NewsView/29PJU6PKNX,kookmin_media,,긍정,0.9594080448150636
이승로 성북구청장 국민대 학생들과 청년 주제 토론,2023.05.11.,https://view.asiae.co.kr/article/2023051121253122728,kookmin_media,,긍정,0.977270007133484
"국민대 중국인문사회연구소, 성북구청과 함께 동양고전 특강 시민대학 ...",2023.05.11.,https://www.ekn.kr/web/view.php?key=20230511010002989,kookmin_media,,긍정,0.9780563116073608
"국민대 중국인문사회연구소, '동양고전 삶을 논하다' 강좌 운영",2023.05.11.,https://www.viva100.com/main/view.php?key=20230511010003329,kookmin_media,,긍정,0.9799273014068604
"국민대, 성북구청과 '동양고전, 삶을 논하다' 특강 개최",2023.05.11.,http://www.newsis.com/view/?id=NISX20230511_0002299212&cID=10201&pID=10200,kookmin_media,,긍정,0.9538163542747498
국민대 중국인문사회연구소-성북구청 지역구민대상 동양고전 특강 시민...,2023.05.11.,http://www.veritas-a.com/news/articleView.html?idxno=456444,kookmin_media,,긍정,0.9800938963890076
"국민대 중국인문사회연구소, 성북구청과 동양고전 특강 시민대학 개최",2023.05.11.,https://www.news1.kr/articles/5043423,kookmin_media,,긍정,0.9575986266136168
"국민대, 성북구청과 함께 동양고전 시민대학 개최",2023.05.11.,https://news.unn.net/news/articleView.html?idxno=546509,kookmin_media,,긍정,0.9282438158988952
"국민대, 성북구와 동양고전 특강 시민대학 운영",2023.05.11.,https://dhnews.co.kr/news/view/1065578193108575,kookmin_media,,긍정,0.9658541083335876
국민대 AI동아리 ‘KaAI’ 캡스톤디자인 경진대회 대상,2023.05.10.,https://www.munhwa.com/news/view.html?no=2023051001072936000003,kookmin_media,,긍정,0.8827218413352966
"국민대 KaAI, '2023 대한기계학회 캡스톤디자인 대회' IT융합부문 대상",2023.05.09.,https://www.viva100.com/main/view.php?key=20230509010002472,kookmin_media,,긍정,0.9749245047569276
"국민대 동아리, 캡스톤디자인 경진대회 대상",2023.05.09.,http://www.newsis.com/view/?id=NISX20230509_0002296269&cID=10201&pID=10200,kookmin_media,,긍정,0.9002904891967773
"국민대 자동차AI동아리, 캡스톤디자인 경진대회 대상",2023.05.09.,http://www.edaily.co.kr/news/newspath.asp?newsid=03286566635607280,kookmin_media,,긍정,0.8740196228027344
"국민대 자동차 인공지능 동아리 'KaAI', 캡스톤디자인 경진대회 대상 수...",2023.05.09.,https://www.dailysmart.co.kr/news/articleView.html?idxno=72612,kookmin_media,,긍정,0.9263409972190856
"[에듀플러스]선배에게 듣는 진학상담〈16〉국민대 소프트웨어학부,“해...",2023.05.09.,https://www.etnews.com/20230509000063,kookmin_media,,긍정,0.972415804862976
"국민대, 자율주행 경진대회 대학생 참가자 모집",2023.05.02.,https://www.joongang.co.kr/article/25159524,kookmin_media,,긍정,0.9440222382545472
"국민대 한반도미래연, 오는 3~4일 통일 뮤지컬 '외딴섬' 공연",2023.05.02.,https://www.news1.kr/articles/5033334,kookmin_media,,긍정,0.9749001264572144
"제 39회 국민대 총장배 전국 대학 아마추어 농구 대회, 뜨거운 막 올렸...",2023.06.30.,http://www.rookie.co.kr/news/articleView.html?idxno=87745,kookmin_media,,긍정,0.973455548286438
고려대‧국민대 등 5곳 인문사회 융합한다,2023.06.30.,http://www.kyosu.net/news/articleView.html?idxno=106819,kookmin_media,,긍정,0.925205945968628
[기고] 토우로 살펴보는 신라사회/김재홍 국민대 한국사학과 교수,2023.06.27.,https://www.seoul.co.kr/news/newsView.php?id=20230627025003&wlog_tag3=naver,kookmin_media,,긍정,0.9845987558364868
"국민대, 과기정통부 지원 심화형 기초연구실 사업 선정",2023.06.26.,https://www.ekn.kr/web/view.php?key=20230626010006453,kookmin_media,,긍정,0.9635696411132812
국민대 과기정통부 한국연구재단 심화형 기초연구실 사업 선정...15억원...,2023.06.26.,http://www.veritas-a.com/news/articleView.html?idxno=462805,kookmin_media,,긍정,0.972457468509674
"국민대, 과기정통부 한국연구재단 심화형 기초연구실 사업 선정",2023.06.26.,https://www.dailysmart.co.kr/news/articleView.html?idxno=74425,kookmin_media,,긍정,0.9414346218109132
"국민대·정릉3동, 마을시간은행프로젝트 성과공유회 개최",2023.06.26.,https://www.news1.kr/articles/5088427,kookmin_media,,긍정,0.9537584781646729
"국민대·정릉3동, 마을시간은행 프로젝트 성과공유회 성료",2023.06.26.,http://www.businesskorea.co.kr/news/articleView.html?idxno=117104,kookmin_media,,긍정,0.9294835925102234
"국민대, 국제스포츠인재 양성 교육생 모집",2023.06.26.,http://www.newsis.com/view/?id=NISX20230626_0002351888&cID=10201&pID=10200,kookmin_media,,긍정,0.9595603346824646
"질 비달 르노그룹 부사장, 국민대서 車디자인` 특강",2023.06.23.,http://www.gpkorea.com/news/articleView.html?idxno=102290,kookmin_media,,긍정,0.9484620094299316
"르노그룹 디자인 부사장, 국민대서 대학생 특강 진행",2023.06.23.,https://vop.co.kr/A00001635520.html,kookmin_media,,긍정,0.5126298069953918
"르노그룹 부사장, 국민대서 디자인 특강",2023.06.23.,https://www.hankyung.com/economy/article/2023062304831,kookmin_media,,긍정,0.9222936034202576
"국민대 체육대학, ‘2023 국제스포츠인재양성 외국어 · 직무집중과정’...",2023.06.23.,https://www.ekn.kr/web/view.php?key=20230623010005889,kookmin_media,,긍정,0.9657078981399536
"질 비달 르노 디자인 부사장, 국민대 모빌리티 관련학과 특강 진행",2023.06.23.,https://zdnet.co.kr/view/?no=20230623155416,kookmin_media,,긍정,0.9391489624977112
국민대 체육대학 2023 국제스포츠인재양성 외국어/직무집중과정 교육생...,2023.06.23.,http://www.veritas-a.com/news/articleView.html?idxno=462534,kookmin_media,,긍정,0.9568524956703186
질 비달 르노그룹 부사장 방한…국민대서 자동차 디자인 특강,2023.06.23.,https://www.ceoscoredaily.com/page/view/2023062312052608677,kookmin_media,,긍정,0.9500179290771484
"국민대 체육대학, 2023 국제스포츠인재양성 외국어·직무집중과정 교육...",2023.06.23.,https://www.dailysmart.co.kr/news/articleView.html?idxno=74351,kookmin_media,,긍정,0.9682733416557312
"질 비달 르노 디자인 부사장, 국민대 특강",2023.06.23.,http://www.naeil.com/news_view/?id_art=464953,kookmin_media,,긍정,0.9422186017036438
"질 비달 르노그룹 부사장, 국민대서 ‘모빌리티 디자인 특강’ 진행",2023.06.23.,https://www.mk.co.kr/article/10767434,kookmin_media,,긍정,0.920068860054016
"질 비달 르노그룹 부사장, 국민대서 '디자인 특강'",2023.06.23.,http://www.srtimes.kr/news/articleView.html?idxno=137659,kookmin_media,,긍정,0.9652717113494872
"질 비달 르노 디자인 부사장, 국민대서 미래 모빌리티 특강",2023.06.23.,http://moneys.mt.co.kr/news/mwView.php?no=2023062311155016908,kookmin_media,,긍정,0.9372408986091614
"비달 르노 부사장, 국민대 찾아 모빌리티 디자인 강연",2023.06.23.,https://www.sedaily.com/NewsView/29QYTWUCY6,kookmin_media,,긍정,0.9572340846061708
"르노그룹 질 비달 부사장, 국민대서 디자인 특강 진행",2023.06.23.,https://www.inthenews.co.kr/news/article.html?no=54859,kookmin_media,,긍정,0.9449092149734496
"질 비달 르노디자인 부사장, 국민대서 디자인 특강",2023.06.23.,http://www.seoulfn.com/news/articleView.html?idxno=488602,kookmin_media,,긍정,0.907148003578186
"르노코리아, 국민대서 질 비달 부사장 디자인 특강 진행",2023.06.23.,http://www.sentv.co.kr/news/view/660168,kookmin_media,,긍정,0.9615532755851746
"질 비달 르노그룹 부사장, 국민대서 자동차 디자인 특강",2023.06.23.,https://www.yna.co.kr/view/PYH20230623020300003?input=1196m,kookmin_media,,부정,0.5307532548904419
"질 비달 르노그룹 부사장, 국민대학교에서 특강 진행",2023.06.23.,http://www.seoulwire.com/news/articleView.html?idxno=506661,kookmin_media,,긍정,0.897762656211853
"질 비달 르노그룹 부사장, 국민대서 디자인 특별강연",2023.06.23.,http://www.newsis.com/view/?id=NISX20230623_0002349804&cID=13001&pID=13000,kookmin_media,,긍정,0.963190734386444
르노그룹 부사장 방한…국민대서 ‘디자인 특강’,2023.06.23.,http://news.heraldcorp.com/view.php?ud=20230623000152,kookmin_media,,긍정,0.9403440356254578
"방한한 질 비달 르노그룹 부사장, 국민대서 車디자인 특강",2023.06.23.,http://news.mt.co.kr/mtview.php?no=2023062309112199275,kookmin_media,,긍정,0.9217223525047302
"질 비달 르노 디자인 부사장, 국민대서 특강 진행",2023.06.23.,https://daily.hankooki.com/news/articleView.html?idxno=970903,kookmin_media,,긍정,0.9698728919029236
"르노 디자인 부사장, 국민대서 디자인 특강",2023.06.23.,http://www.edaily.co.kr/news/newspath.asp?newsid=01466166635644672,kookmin_media,,긍정,0.9589775204658508
"르노 디자인 부사장, 국민대서 재학생 특강 진행",2023.06.23.,https://www.asiatoday.co.kr/view.php?key=20230623010012025,kookmin_media,,긍정,0.951942503452301
"르노그룹 디자인 부사장, 국민대서 '디자인 특강' 진행",2023.06.23.,https://www.dailian.co.kr/news/view/1246301/?sc=Naver,kookmin_media,,긍정,0.958508312702179
"르노코리아, 국민대서 디자인 부사장 특강 진행",2023.06.23.,https://view.asiae.co.kr/article/2023062308380910180,kookmin_media,,긍정,0.900577962398529
"질 비달 르노그룹 디자인 부사장, 국민대서 대학생 특강 열었다",2023.06.23.,https://www.news1.kr/articles/5085871,kookmin_media,,긍정,0.9306138157844543
"질 비달 르노 디자인 부사장, 국민대 모빌리티 관련 학과 대학생 특강 ...",2023.06.23.,http://www.inews24.com/view/1605548,kookmin_media,,긍정,0.896450400352478
질 비달 르노 디자인 부사장 국민대서 특강 '눈길',2023.06.23.,http://www.enewstoday.co.kr/news/articleView.html?idxno=2012547,kookmin_media,,긍정,0.9681727886199952
"﻿르노코리아 질 비달 르노 디자인 부사장, 국민대에서 특강 진행",2023.06.23.,https://www.lcnews.co.kr/news/articleView.html?idxno=54404,kookmin_media,,긍정,0.9344912171363832
"르노코리아, 질 비달 디자인 부사장 방한···국민대 모빌리티 관련 학...",2023.06.23.,https://www.cnet.co.kr/view/?no=20230623081330,kookmin_media,,긍정,0.957801103591919
"르노그룹 디자인 부사장, 국민대 모빌리티 관련 학과 대학생 특강 진행",2023.06.23.,https://www.yna.co.kr/view/PYH20230623011800013?input=1196m,kookmin_media,,긍정,0.5472822785377502
"국민대 학생들, 지역주민 생애사 아트북 발간",2023.06.22.,http://www.kyosu.net/news/articleView.html?idxno=106531,kookmin_media,,긍정,0.9541891813278198
"국민대, 학부생과 함께 지역주민 생애사 아트북 발간",2023.06.22.,http://www.m-i.kr/news/articleView.html?idxno=1024442,kookmin_media,,긍정,0.9632771015167236
"국민대 한국역사학과 · 미술학부 학생들, 지역주민 생애사 아트북 발간",2023.06.22.,http://www.dt.co.kr/contents.html?article_no=2023062202109954065001&ref=naver,kookmin_media,,긍정,0.9535951614379884
국민대 한국역사학과/미술학부 학생들 지역주민 생애사 아트북 발간,2023.06.22.,http://www.veritas-a.com/news/articleView.html?idxno=462312,kookmin_media,,긍정,0.9660734534263612
국민대 학생과 함께 한 지역주민 생애사 아트북 발간,2023.06.22.,http://news.heraldcorp.com/view.php?ud=20230622000525,kookmin_media,,긍정,0.9621404409408568
"국민대 한국역사학과·미술학부 학생, 지역주민 생애사 아트북 발간",2023.06.22.,https://www.ekn.kr/web/view.php?key=20230622010005525,kookmin_media,,긍정,0.9766560196876526
"국민대 한국역사학과·미술학부, 지역주민 생애사 아트북 발간",2023.06.22.,http://www.newsis.com/view/?id=NISX20230622_0002348637&cID=10201&pID=10200,kookmin_media,,긍정,0.9576655030250548
"국민대 바이오의약전공 김지현 학생, 난소암 항암제 개발 연구 참여",2023.06.19.,https://www.sedaily.com/NewsView/29QWZDQTKU,kookmin_media,,긍정,0.941651463508606
"국민대 바이오의약전공 학부생, 난소암 항암제 개발 연구로 SCI급 국제학...",2023.06.19.,https://view.asiae.co.kr/article/2023061910250473555,kookmin_media,,긍정,0.9550601840019226
"국민대김형진 교수, 종이의날 산업부장관상 수상",2023.06.16.,https://www.ekn.kr/web/view.php?key=20230616001624467,kookmin_media,,긍정,0.9505345225334167
"김형진 국민대 교수, 제7회 종이의날 산업부장관상 수상",2023.06.16.,http://www.segyebiz.com/newsView/20230616514826?OutUrl=naver,kookmin_media,,긍정,0.9473352432250975
“국민대가 김건희 여사 논문 부실검증”…졸업생 손배소 기각,2023.06.16.,http://www.segye.com/content/html/2023/06/16/20230616506422.html?OutUrl=naver,kookmin_media,,부정,0.507310152053833
“김건희 논문 부실검증해 명예훼손” 국민대 졸업생들 손배소 기각,2023.06.15.,https://www.chosun.com/national/national_general/2023/06/15/FOO4AKYMHZGHHMLZPXMUHYJ3DA/?utm_source=naver&utm_medium=referral&utm_campaign=naver-news,kookmin_media,,긍정,0.6964449286460876
“김건희 논문 부실검증으로 명예훼손”…국민대 졸업생 소송 기각,2023.06.15.,https://news.kbs.co.kr/news/view.do?ncd=7700315&ref=A,kookmin_media,,부정,0.5444151759147644
"“국민대, 김건희 논문 부실검증”…졸업생 손해배상 청구 기각",2023.06.15.,https://news.kmib.co.kr/article/view.asp?arcid=0018366588&code=61121311&cp=nv,kookmin_media,,긍정,0.727559506893158
"""국민대가 김건희 논문 부실검증""…졸업생 손배소 기각",2023.06.15.,http://www.newsis.com/view/?id=NISX20230615_0002340581&cID=10201&pID=10200,kookmin_media,,긍정,0.7245732545852661
"법원, 졸업생들의 '김건희 논문 부실 검증' 국민대 상대 손해배상 청구...",2023.06.15.,http://news.tvchosun.com/site/data/html_dir/2023/06/15/2023061590178.html,kookmin_media,,긍정,0.6782802939414978
'김건희 논문 부실검증' 국민대 졸업생 손해배상 청구 기각,2023.06.15.,http://www.edaily.co.kr/news/newspath.asp?newsid=03161926635642048,kookmin_media,,긍정,0.561565101146698
"성북구, 국민대·KIST 등과 손잡고 미래기술 체험 프로그램 운영",2023.06.15.,https://daily.hankooki.com/news/articleView.html?idxno=968092,kookmin_media,,긍정,0.909246265888214
"'김건희 논문' 부실 검증에 명예훼손, 국민대 동문 손해배상 청구 기각",2023.06.15.,https://www.news1.kr/articles/5078255,kookmin_media,,긍정,0.6032835245132446
"법원, ‘김건희 논문 부실검증’ 국민대 졸업생 손해배상 청구 기각",2023.06.15.,https://news.kbs.co.kr/news/view.do?ncd=7700200&ref=A,kookmin_media,,긍정,0.5601426959037781
"국민대, 첨단분야 혁신융합대학사업 선정",2023.06.15.,http://www.naeil.com/news_view/?id_art=463915,kookmin_media,,긍정,0.9429708123207092
제2회 국제 대학생 EV자율주행 대회 대상 '호남대·울산대·국민대',2023.06.14.,https://www.electimes.com/news/articleView.html?idxno=321491,kookmin_media,,긍정,0.9179375171661376
"은평구·국민대, ‘도전! 2023 은평 스타트업리그’ 진행",2023.06.14.,https://www.etnews.com/20230614000307,kookmin_media,,긍정,0.919038474559784
"은평구ㆍ국민대, ‘도전! 2023 은평 스타트업리그’ 개최",2023.06.14.,https://www.sedaily.com/NewsView/29QUPJS0VX,kookmin_media,,긍정,0.9065003395080566
"국민대 소프트웨어융합대학, ‘2023 캡스톤디자인 어워드’ 성황리 개최",2023.06.14.,http://www.dt.co.kr/contents.html?article_no=2023061402109954077002&ref=naver,kookmin_media,,긍정,0.9510170817375184
"국민대 소프트웨어융합대학, '2023 캡스톤디자인 어워드' 성황리 개최",2023.06.14.,https://news.unn.net/news/articleView.html?idxno=548239,kookmin_media,,긍정,0.9682961702346802
국민대 '2023 캡스톤디자인 어워드' 성료,2023.06.14.,http://www.newsis.com/view/?id=NISX20230614_0002338386&cID=10201&pID=10200,kookmin_media,,긍정,0.9475568532943726
"국민대, '2023 캡스톤디자인 어워드' 개최",2023.06.14.,https://www.viva100.com/main/view.php?key=20230614010003836,kookmin_media,,긍정,0.9321120977401732
국민대 소프트웨어융합대학 '2023 캡스톤디자인 어워드' 성황리 개최,2023.06.14.,http://www.veritas-a.com/news/articleView.html?idxno=461212,kookmin_media,,긍정,0.9681223630905152
"국민대 소프트웨어융합대학, 2023 캡스톤디자인 어워드 성황리 개최",2023.06.14.,https://www.dailysmart.co.kr/news/articleView.html?idxno=73964,kookmin_media,,긍정,0.9709320068359376
"국민대, 프랑스 석학 프랑수아 줄리앙 초청 강연",2023.06.14.,http://www.edaily.co.kr/news/newspath.asp?newsid=01433366635641720,kookmin_media,,긍정,0.9318459630012512
"국민대, 세계적 철학자 프랑수아 줄리앙 초청 강연 개최",2023.06.13.,https://www.ekn.kr/web/view.php?key=20230613010003113,kookmin_media,,긍정,0.9574844241142272
국민대 세계적 철학자 프랑수아 줄리앙 초청 강연 연다..19일과 21일 양일...,2023.06.13.,http://www.veritas-a.com/news/articleView.html?idxno=461099,kookmin_media,,긍정,0.946555197238922
"국민대, 19일 세계적 철학자 프랑수아 줄리앙 초청 강연",2023.06.13.,http://www.newsis.com/view/?id=NISX20230613_0002337222&cID=10201&pID=10200,kookmin_media,,긍정,0.9200958609580994
"국민대, 19·21일 세계적 철학자 프랑수아 줄리앙 초청 강연 연다",2023.06.13.,http://www.metroseoul.co.kr/article/20230613500465,kookmin_media,,긍정,0.9516643285751344
"국민대, 세계적 철학자 프랑수아 줄리앙 초청 강연 실시",2023.06.13.,https://www.dailysmart.co.kr/news/articleView.html?idxno=73944,kookmin_media,,긍정,0.9697147011756896
"쿤달, 국민대학교 졸업 패션쇼에 '핸드크림과 배쓰밤 VIP 기프트팩' 제공",2023.06.13.,http://www.gvalley.co.kr/news/articleView.html?idxno=610230,kookmin_media,,긍정,0.9609960913658142
"국민대, 혁신융합사업 차세대통신 분야 선정",2023.06.13.,https://www.munhwa.com/news/view.html?no=2023061301039921080001,kookmin_media,,긍정,0.9635738730430604
"국민대 LINC3.0사업단, ‘VC SPRINT 유니브 in 국민대’ 참가 학생 모집한...",2023.06.13.,https://view.asiae.co.kr/article/2023061309050324755,kookmin_media,,긍정,0.8514381647109985
"국민대 LINC3.0사업단, 'VC SPRINT 유니브 in 국민대' 참여 학생 모집",2023.06.12.,http://www.businesskorea.co.kr/news/articleView.html?idxno=116329,kookmin_media,,긍정,0.8773448467254639
"국민대, 교육부 첨단분야 혁신융합대학사업 차세대통신 분야 선정",2023.06.12.,https://www.ekn.kr/web/view.php?key=20230612010002798,kookmin_media,,긍정,0.9840475916862488
국민대 교육부 첨단분야 혁신융합대학사업 차세대통신 분야 선정,2023.06.12.,http://www.veritas-a.com/news/articleView.html?idxno=460892,kookmin_media,,긍정,0.979358971118927
"국민대, 교육부 첨단분야 혁신융합대학사업 ‘차세대통신’ 분야 주관대...",2023.06.12.,http://news.heraldcorp.com/view.php?ud=20230612000451,kookmin_media,,긍정,0.9659152626991272
"국민대, 혁신융합대학사업 차세대통신 분야 선정",2023.06.12.,https://dhnews.co.kr/news/view/1065576003186262,kookmin_media,,긍정,0.9523258805274964
"국민대-빅뱅벤처스, 대학발 스타트업 투자ㆍ성장 지원 위한 업무협약 맺...",2023.06.12.,http://www.kdpress.co.kr/news/articleView.html?idxno=120486,kookmin_media,,긍정,0.9666505455970764
"국민대, 빅뱅벤처스와 대학발 스타트업 투자·성장지원 MOU",2023.06.12.,https://www.news1.kr/articles/5073911,kookmin_media,지역사회 ESG 파트너십,긍정,0.9781236052513124
"국민대, 국제한국어 경시대회 개최",2023.06.12.,http://www.naeil.com/news_view/?id_art=463441,kookmin_media,,긍정,0.9529984593391418
"국민대, 러시아-CIS지역 국가협의회와 국제한국어 경시대회 개최",2023.06.11.,http://www.metroseoul.co.kr/article/20230611500195,kookmin_media,,긍정,0.954873025417328
"SK행복나눔재단, 국민대·연세대서 Sunny Capstone 성과 공유회 진행",2023.06.09.,https://news.unn.net/news/articleView.html?idxno=548032,kookmin_media,,긍정,0.9386011362075806
국민대 러시아-CIS지역 국가협의회와 국제한국어 경시대회 개최,2023.06.09.,http://www.veritas-a.com/news/articleView.html?idxno=460692,kookmin_media,,긍정,0.9626171588897704
"국민대, 러시아-CIS지역 국가협의회와 ‘국제한국어 경시대회’ 개최",2023.06.09.,https://www.ekn.kr/web/view.php?key=20230609010002220,kookmin_media,,긍정,0.9459068179130554
"국민대, 러시아·CIS지역 국제 한국어 경시대회 개최",2023.06.09.,http://www.newsis.com/view/?id=NISX20230609_0002333242&cID=10201&pID=10200,kookmin_media,,긍정,0.9254528284072876
"국민대, 러시아·CIS지역 한국어 말하기 대회 열어",2023.06.09.,https://dhnews.co.kr/news/view/1065589304668670,kookmin_media,,긍정,0.9116412997245787
"국민대, 러시아·CIS지역 국가협의회와 국제한국어 경시대회 개최",2023.06.09.,https://www.dailysmart.co.kr/news/articleView.html?idxno=73830,kookmin_media,,긍정,0.9335144758224488
"광주시·국민대, 차세대통신 컨소시엄 선정…전남대 인공지능 주관대학",2023.06.06.,http://news.heraldcorp.com/view.php?ud=20230606000089,kookmin_media,,긍정,0.9578894972801208
광주시·국민대 '맞손'…혁신융합대학 5개 연합체 선정,2023.06.06.,http://www.namdonews.com/news/articleView.html?idxno=726987,kookmin_media,,긍정,0.9809858202934264
"경상국립대‧국민대 등 5개 대학, 지자체와 함께 첨단분야 인재 양성",2023.06.05.,http://www.kyosu.net/news/articleView.html?idxno=105728,kookmin_media,,긍정,0.95322847366333
‘한예종 설치법’ 논란… 국민대 예술대학 반대 입장 표명,2023.06.05.,https://www.ekn.kr/web/view.php?key=20230605010000887,kookmin_media,,부정,0.9037732481956482
"국민대 예술대 ""한예종 설치법 처리 반대""",2023.06.02.,http://www.m-i.kr/news/articleView.html?idxno=1018953,kookmin_media,,부정,0.751981258392334
"국민대 예술대학 ""한국예술종합학교 설치법 반대한다""",2023.06.02.,https://www.dailysmart.co.kr/news/articleView.html?idxno=73623,kookmin_media,,부정,0.7088560461997986
"국민대 예술대학, 한예종 설치법에 대한 저지 입장 표명",2023.06.02.,http://www.kyosu.net/news/articleView.html?idxno=105661,kookmin_media,,부정,0.6404333114624023
"국민대-한국디지털교육원, 3D 디자인 및 설계 전문인력 양성 위한 MOU 체...",2023.06.01.,http://www.businesskorea.co.kr/news/articleView.html?idxno=115812,kookmin_media,지역사회 ESG 파트너십,긍정,0.9210888743400574
"국민대, 한국디지털교육원과 3D 디자인 및 설계 전문인력 양성 위한 MOU...",2023.06.01.,https://www.etnews.com/20230601000303,kookmin_media,지역사회 ESG 파트너십,긍정,0.930307388305664
국민대ㆍ성북구청 공동 주최 승무원 진로체험 교육 성황리 막 내려,2023.07.29.,https://sports.hankooki.com/news/articleView.html?idxno=6835486,kookmin_media,,긍정,0.984285056591034
"메인콘텐츠, 국민대 DCT Campus-preneur 기업가정신교육 성료",2023.07.28.,http://news.mt.co.kr/mtview.php?no=2023072714333328002,kookmin_media,,긍정,0.9870598316192628
"국민대학교 캠퍼스타운, 스타트업 미디어 인큐베이팅 교육 프로그램 참...",2023.07.28.,http://www.munhaknews.com/news/articleView.html?idxno=73100,kookmin_media,,긍정,0.8881567716598511
"국민대-성북구청, 2023 인공지능 미래탐색 로봇 분야 진로교육·체험특...",2023.07.26.,https://edu.chosun.com/site/data/html_dir/2023/07/26/2023072680182.html,kookmin_media,,긍정,0.8644218444824219
"국민대-성북구청, 2023 인공지능 미래탐색 로봇 분야 진로교육 및 체험...",2023.07.26.,https://view.asiae.co.kr/article/2023072614242221958,kookmin_media,,긍정,0.9051056504249572
"멋사, 국민대 컨소시엄으로 수도권 초중고 대상 '자율주행 SW' 디지털새...",2023.07.26.,http://www.veritas-a.com/news/articleView.html?idxno=466572,kookmin_media,,긍정,0.974690556526184
"멋사-국민대, 자율주행 소프트웨어 디지털 새싹캠프 주관기관 선정",2023.07.25.,http://moneys.mt.co.kr/news/mwView.php?no=2023072517331619864,kookmin_media,,긍정,0.986681342124939
"멋쟁이사자처럼-국민대, 자율주행 SW 디지털 새싹캠프 주관기관 선정",2023.07.25.,http://www.newsprime.co.kr/news/article.html?no=608067,kookmin_media,,긍정,0.9649408459663392
"성북구, 고려대·국민대·성신여대와 고등학생 대상 미래교육 선봬",2023.07.25.,http://www.newspim.com/news/view/20230725000736,kookmin_media,,긍정,0.8960260152816772
"경남제약-서울·한양·국민대 산학협력단, AI기반 전자약 개발 추진",2023.07.24.,http://www.m-i.kr/news/articleView.html?idxno=1033603,kookmin_media,,긍정,0.9751192927360536
"국민대 학생창업 기업 ㈜프랙탈에프엔ㆍ㈜에크네, 시드투자 유치",2023.07.21.,http://www.kdpress.co.kr/news/articleView.html?idxno=121313,kookmin_media,,긍정,0.8368709087371826
"국민대 학생창업 기업 ㈜프랙탈에프엔과 ㈜에크네, 시드투자 유치 성공",2023.07.21.,https://view.asiae.co.kr/article/2023072110063175301,kookmin_media,,긍정,0.931113600730896
"에스퓨얼셀, 국민대학교와 수소차 국제경진대회 1위 '기술력 입증'",2023.07.18.,http://news.mt.co.kr/mtview.php?no=2023071811051129927,kookmin_media,"ESG 관련 캠페인,캠퍼스 차량",긍정,0.9477958083152772
"2023 제10회 국민대배 여자축구대회, 18일 개막… 12개 팀 220여명 참가",2023.07.16.,https://www.dailysportshankook.co.kr/news/articleView.html?idxno=307847,kookmin_media,,긍정,0.9894312620162964
"주식회사 에이블브릿지, 국민대학교 캠퍼스타운 '배밭골 골목형 상점가...",2023.07.13.,https://www.lecturernews.com/news/articleView.html?idxno=130795,kookmin_media,,긍정,0.9880604147911072
"[비건만평] 동물보호단체, '개식용 종식 촉구 국민대집회' 개최",2023.07.13.,https://www.vegannews.co.kr/news/article.html?no=15416,kookmin_media,,긍정,0.5911033749580383
"[국민대 총장배] '대회 4연패' 볼케이노 '대학 최강 재확인', 여대부는 ...",2023.07.13.,https://basketkorea.com/news/newsview.php?ncode=1065578984728204,kookmin_media,,긍정,0.9398703575134276
"성북구, 국민대와 손잡고 '승무원 체험교실' 연다",2023.07.12.,https://sports.hankooki.com/news/articleView.html?idxno=6834019,kookmin_media,,긍정,0.9336447715759276
"국민대, 성북구청·성북 클러스터와 함께 '지역활성화협의회' 개최",2023.07.12.,http://www.dizzotv.com/site/data/html_dir/2023/07/12/2023071280046.html,kookmin_media,,긍정,0.92027747631073
"국민대 캠퍼스타운 사업단, 성북구청·성북 클러스터와 '지역활성화협의...",2023.07.11.,https://www.ajunews.com/view/20230711173822706,kookmin_media,,긍정,0.911818027496338
국민대 학과별 대입준비 안내 프로그램.. 내달 8일 '선착순 100여명',2023.07.11.,http://www.veritas-a.com/news/articleView.html?idxno=464492,kookmin_media,,긍정,0.9238282442092896
"국민대학교 캠퍼스타운 사업단, 성북구청·성북 클러스터와 함께 'SB스타...",2023.07.11.,https://www.nbntv.co.kr/news/articleView.html?idxno=3000257,kookmin_media,,긍정,0.937185525894165
"국민대-성북구청, 인공지능 미래탐색 스마트팩토리 진로교육·체험 선봬",2023.07.11.,https://www.news1.kr/articles/5104849,kookmin_media,,긍정,0.9288947582244872
"국민대-성북구청, 인공지능 미래탐색 스마트팩토리(3D프린팅) 분야 진로...",2023.07.11.,http://edu.donga.com/?p=article&ps=view&at_no=20230711140945732996,kookmin_media,,긍정,0.9190000891685486
[국민대 총장배] 영광의 베스트 5 수상자들,2023.07.11.,http://www.rookie.co.kr/news/articleView.html?idxno=88027,kookmin_media,,긍정,0.8020961880683899
"[국민대 총장배] 연세대 볼케이노, 남자부 4연패 왕조 구축!",2023.07.11.,http://www.rookie.co.kr/news/articleView.html?idxno=88025,kookmin_media,,긍정,0.960112988948822
연세대 볼케이노 '국민대배 남자부 4연패' 쾌거...서울대 SUN 여자부 첫 ...,2023.07.11.,http://www.osen.co.kr/article/G1112141761,kookmin_media,,긍정,0.9529635906219482
"[국민대 총장배] 서울대 SUN, 여자부 챔피언 등극!",2023.07.11.,http://www.rookie.co.kr/news/articleView.html?idxno=88022,kookmin_media,,긍정,0.9187368154525756
[국민대 총장배] 여자부 준우승 연세대 Miss-B,2023.07.11.,http://www.rookie.co.kr/news/articleView.html?idxno=88021,kookmin_media,,긍정,0.8093569278717041
[국민대 총장배] 남자부 준우승 서울과학기술대 SPABA,2023.07.11.,http://www.rookie.co.kr/news/articleView.html?idxno=88019,kookmin_media,,긍정,0.9264319539070128
[국민대 총장배] 여자부 3위 국민대 쿠바,2023.07.11.,http://www.rookie.co.kr/news/articleView.html?idxno=88017,kookmin_media,,긍정,0.9542750120162964
[국민대 총장배] 여자부 3위 경기대 이슈,2023.07.11.,http://www.rookie.co.kr/news/articleView.html?idxno=88013,kookmin_media,,긍정,0.9583870768547058
[국민대 총장배] 남자부 3위 중앙대 자이언츠,2023.07.11.,http://www.rookie.co.kr/news/articleView.html?idxno=88012,kookmin_media,,긍정,0.953022599220276
[국민대 총장배] 남자부 3위 남서울대 아우트런스,2023.07.11.,http://www.rookie.co.kr/news/articleView.html?idxno=88011,kookmin_media,,긍정,0.9585229158401488
"[국민대 총장배] ""이게 웬 떡?"" 럭키드로우 당첨됐어요!",2023.07.11.,http://www.rookie.co.kr/news/articleView.html?idxno=88010,kookmin_media,,긍정,0.8790872097015381
[국민대 총장배] 준우승팀 MIP 김정현ㆍ김선영,2023.07.11.,http://www.rookie.co.kr/news/articleView.html?idxno=88009,kookmin_media,,긍정,0.8452632427215576
[국민대 총장배] 남자부 MVP 연세대 볼케이노 김반석,2023.07.11.,http://www.rookie.co.kr/news/articleView.html?idxno=88006,kookmin_media,,부정,0.5451769828796387
[국민대 총장배] 여자부 MVP 서울대 SUN 김예은,2023.07.11.,http://www.rookie.co.kr/news/articleView.html?idxno=88008,kookmin_media,,긍정,0.6421527862548828
[국민대 총장배] 아마추어 대회 맞아? 시상식 이모저모,2023.07.11.,http://www.rookie.co.kr/news/articleView.html?idxno=87996,kookmin_media,,긍정,0.9556811451911926
"[국민대 총장배] 서울대 SUN 우승 이끈 김예은 ""마지막 대회였는데...""",2023.07.11.,http://www.rookie.co.kr/news/articleView.html?idxno=87995,kookmin_media,,긍정,0.9738736748695374
"[국민대 총장배] 대회가 끝나고 난 뒤, 여름이었다",2023.07.11.,http://www.rookie.co.kr/news/articleView.html?idxno=87994,kookmin_media,,긍정,0.947556972503662
"[국민대 총장배] 문금식 심판, 우수심판상 수상",2023.07.11.,http://www.rookie.co.kr/news/articleView.html?idxno=87992,kookmin_media,,긍정,0.9334969520568848
"[국민대 총장배] 볼케이노 4연패 주역 연세대 김반석 ""계속 우승할 것""",2023.07.11.,http://www.rookie.co.kr/news/articleView.html?idxno=87993,kookmin_media,,긍정,0.9235384464263916
"[국민대 총장배] 박연수ㆍ우태호, 페어플레이상 수상",2023.07.11.,http://www.rookie.co.kr/news/articleView.html?idxno=87991,kookmin_media,,긍정,0.8440791368484497
"국민대 바이오의약 석사 3인, 약학회 학술대회서 '수상'",2023.07.10.,https://www.kpanews.co.kr/article/show.asp?idx=243709&category=E,kookmin_media,,긍정,0.9499574899673462
aT·국민대 농수산식품산업 발전 업무협약,2023.07.10.,http://www.amnews.co.kr/news/articleView.html?idxno=54328,kookmin_media,지역사회 ESG 파트너십,긍정,0.9720154404640198
"국민대, 아주대ㆍ충북대와 미래모빌리티 분야 ICC 공유ㆍ협업 워크숍 및...",2023.07.10.,https://www.sedaily.com/NewsView/29S2T85QQH,kookmin_media,지역사회 ESG 파트너십,긍정,0.9195021390914916
"국민대, 아주대·충북대와 미래모빌리티 분야 ICC 공유·협업 워크숍 및...",2023.07.10.,http://www.businesskorea.co.kr/news/articleView.html?idxno=118043,kookmin_media,지역사회 ESG 파트너십,긍정,0.9525442719459534
"[국민대 총장배] 연세대 볼케이노, 남자부 4연패... 국민대 총장배 성료",2023.07.09.,http://www.rookie.co.kr/news/articleView.html?idxno=87965,kookmin_media,,긍정,0.9431637525558472
2023 개 식용 종식 촉구 국민대집회,2023.07.08.,https://www.yna.co.kr/view/PYH20230708035300004?input=1196m,kookmin_media,,긍정,0.6344537734985352
2023 개식용 종식 촉구 국민대집회,2023.07.08.,http://www.newsis.com/view/?id=NISI20230708_0019949948,kookmin_media,,긍정,0.8715342879295349
"동물보호단체, 초복 앞두고 '개식용 종식 촉구 국민대집회' 열어",2023.07.08.,https://www.news1.kr/articles/5101949,kookmin_media,,긍정,0.7545945048332214
동물해방물결 '2023 개식용 종식 촉구 국민대집회',2023.07.08.,https://www.news1.kr/photos/view/?6091126,kookmin_media,,긍정,0.5694989562034607
"국민대 오픈소스SW동아리 코스, 서울시 공공데이터 활용 경진대회 최우...",2023.07.07.,http://www.kdpress.co.kr/news/articleView.html?idxno=121029,kookmin_media,,긍정,0.978618621826172
"한양대 ERICA-국민대-한국로봇산업협회, 코-위크 아카데미에서 해커톤 ...",2023.07.07.,https://biz.chosun.com/topics/topics_social/2023/07/07/UHJAXTXODRHBVOYFBWT443PA3I/?utm_source=naver&utm_medium=original&utm_campaign=biz,kookmin_media,,긍정,0.9018930196762084
'이제는 때가 됐다 개식용 없는 대한민국!'..개식용 종식 촉구 국민대집...,2023.07.07.,http://www.notepet.co.kr/news/article/article_view/?idx=28585&groupCode=AB120AD120,kookmin_media,,긍정,0.5399467945098877
"UNIST, 국민대팀과 고성능 이온성 열전소재 개발",2023.07.07.,https://www.ksilbo.co.kr/news/articleView.html?idxno=974381,kookmin_media,"에너지 사용 절감 및 체계적 관리,청정 재생에너지",긍정,0.9891335368156432
"개식용 종식을 위한 국민행동, 8일 '2023 개식용 종식 촉구 국민대집회...",2023.07.06.,http://www.pharmnews.com/news/articleView.html?idxno=226823,kookmin_media,,긍정,0.7887153029441833
‘이제는 때가 됐다’ 개식용 종식 촉구 국민대집회 8일 보신각에서 개...,2023.07.06.,http://www.dailyvet.co.kr/news/animalwelfare/188597,kookmin_media,,긍정,0.8196552991867065
"UNIST·국민대, 스스로 회복하는 초고효율 열전소재 개발",2023.07.06.,https://view.asiae.co.kr/article/2023070610182722997,kookmin_media,"에너지 사용 절감 및 체계적 관리,청정 재생에너지",긍정,0.9943838119506836
"UNIST·국민대 공동연구, 자가 치유 능력 있는 고성능 이온성 열전소재...",2023.07.06.,https://www.yna.co.kr/view/PYH20230706065000057?input=1196m,kookmin_media,,긍정,0.7299582958221436
"국민대-한국농수산식품유통공사(aT), MOU 체결",2023.07.06.,https://view.asiae.co.kr/article/2023070611174599427,kookmin_media,,긍정,0.9653239250183104
지역밀착형 창업 거점 마련 위해 국민대학교 캠퍼스타운 개소,2023.07.06.,http://www.munhaknews.com/news/articleView.html?idxno=72908,kookmin_media,,긍정,0.9673596024513244
"국민대 - 한국농수산식품유통공사, 저탄소 식생활·농수산식품산업 발전...",2023.07.06.,http://www.businesskorea.co.kr/news/articleView.html?idxno=117826,kookmin_media,지역사회 ESG 교육 프로그램,긍정,0.9416512846946716
"유니스트(UNIST)·국민대, 초고효율 자가 치유성 열전소재로 착용 기술 ...",2023.07.06.,http://www.betanews.net:8080/article/1424278.html,kookmin_media,에너지 사용 절감 및 체계적 관리,긍정,0.9617727398872375
"울산과학기술원·국민대 연구팀, 고성능 이온성 고분자 열전소재 개발",2023.07.06.,http://www.metroseoul.co.kr/article/20230706500086,kookmin_media,에너지 사용 절감 및 체계적 관리,긍정,0.9950727820396424
"UNIST·국민대, 초고효율 자가 치유성 열전소재 개발",2023.07.06.,http://www.newsis.com/view/?id=NISX20230706_0002366075&cID=10814&pID=10800,kookmin_media,"에너지 사용 절감 및 체계적 관리,청정 재생에너지",긍정,0.994196891784668
"UNIST·국민대, 자가 치유성 ‘고성능 이온성 고분자 열전소재’ 개발",2023.07.06.,http://www.mtnews.net/news/view.php?idx=16452,kookmin_media,에너지 사용 절감 및 체계적 관리,긍정,0.9886652231216432
UNIST-국민대 공동 연구팀 '고성능 이온성 고분자 열전소재' 개발,2023.07.06.,http://www.veritas-a.com/news/articleView.html?idxno=463986,kookmin_media,에너지 사용 절감 및 체계적 관리,긍정,0.9908190369606018
"국민대, 교육부 융합인재양성사업 ‘환경’ 주관대학 선정",2023.07.05.,https://www.joongang.co.kr/article/25175065,kookmin_media,"ESG 교육과정 및 교수학습 방법,ESG 비교과 프로그램 개발 및 운영",긍정,0.951472818851471
"국민대, 교육부 주관 인문사회 융합인재양성사업 주관대학 선정",2023.07.05.,http://www.m-i.kr/news/articleView.html?idxno=1028228,kookmin_media,,긍정,0.9243841767311096
"국민대·한양대(ERICA)·한국로봇산업협회, 인재양성 협약 체결",2023.07.05.,https://www.joongang.co.kr/article/25175027,kookmin_media,,긍정,0.9604613780975342
[JB화보] 제 39회 국민대학교 총장배 전국 아마추어 농구대회,2023.07.05.,https://m.sports.naver.com/basketball/article/065/0000248704,kookmin_media,,긍정,0.7827284336090088
[JB포토] 국민대 총장배 아마 대학농구대회 '고려대팀 벤치 환호',2023.07.05.,https://m.sports.naver.com/basketball/article/065/0000248702,kookmin_media,,긍정,0.7737690806388855
[JB포토] 국민대 총장배 아마 대학농구대회 '속공 패스',2023.07.05.,https://m.sports.naver.com/basketball/article/065/0000248703,kookmin_media,,긍정,0.8092711567878723
[JB포토] 국민대 총장배 아마 대학농구대회 '공수대결',2023.07.05.,https://m.sports.naver.com/basketball/article/065/0000248701,kookmin_media,,긍정,0.7944159507751465
[JB포토] 국민대 총장배 아마 대학농구대회 '공격하는 숭실대팀',2023.07.05.,https://m.sports.naver.com/basketball/article/065/0000248700,kookmin_media,,긍정,0.7448480129241943
[JB포토] 국민대 총장배 아마 대학농구대회 '수비는 타이트하게',2023.07.05.,https://m.sports.naver.com/basketball/article/065/0000248699,kookmin_media,,긍정,0.7684286236763
[JB포토] 국민대 총장배 아마 대학농구대회 '공격하는 고려대팀',2023.07.05.,https://m.sports.naver.com/basketball/article/065/0000248698,kookmin_media,,긍정,0.7525343894958496
[JB포토] 국민대 총장배 아마 대학농구대회 '멋진 3점슛이야',2023.07.05.,https://m.sports.naver.com/basketball/article/065/0000248697,kookmin_media,,긍정,0.8224365711212158
[JB포토] 국민대 총장배 아마 대학농구대회 '고려대팀의 힘을 보여주자...,2023.07.05.,https://m.sports.naver.com/basketball/article/065/0000248695,kookmin_media,,긍정,0.7337789535522461
[JB포토] 국민대 총장배 아마 대학농구대회 '돌파',2023.07.05.,https://m.sports.naver.com/basketball/article/065/0000248696,kookmin_media,,긍정,0.8157626986503601
[JB포토] 국민대 총장배 아마 대학농구대회 '승실대팀의 하이파이브',2023.07.05.,https://m.sports.naver.com/basketball/article/065/0000248694,kookmin_media,,긍정,0.792770266532898
[JB포토] 국민대 총장배 아마 대학농구대회 '고려대팀의 공격',2023.07.05.,https://m.sports.naver.com/basketball/article/065/0000248692,kookmin_media,,긍정,0.7711814641952515
[JB포토] 국민대 총장배 아마 대학농구대회 '작전 지시하는 숭실대팀',2023.07.05.,https://m.sports.naver.com/basketball/article/065/0000248693,kookmin_media,,긍정,0.7321787476539612
[JB포토] 국민대 총장배 아마 대학농구대회 '고려대 이기자',2023.07.05.,https://m.sports.naver.com/basketball/article/065/0000248691,kookmin_media,,긍정,0.7895975708961487
[JB포토] 국민대 총장배 아마 대학농구대회 '열전',2023.07.05.,https://m.sports.naver.com/basketball/article/065/0000248690,kookmin_media,,긍정,0.8013282418251038
[JB포토] 국민대 총장배 아마 대학농구대회 '승리의 기쁨',2023.07.05.,https://m.sports.naver.com/basketball/article/065/0000248689,kookmin_media,,긍정,0.8481170535087585
[JB포토] 국민대 총장배 아마 대학농구대회 '멋진 승부였어',2023.07.05.,https://m.sports.naver.com/basketball/article/065/0000248688,kookmin_media,,긍정,0.8541333675384521
[JB포토] 국민대 총장배 아마 대학농구대회 '들어가야해',2023.07.05.,https://m.sports.naver.com/basketball/article/065/0000248687,kookmin_media,,긍정,0.8016369342803955
[JB포토] 국민대 총장배 아마 대학농구대회 '3점슛 간다',2023.07.05.,https://m.sports.naver.com/basketball/article/065/0000248686,kookmin_media,,긍정,0.7950876951217651
[JB포토] 국민대 총장배 아마 대학농구대회 '세종대 이기자',2023.07.05.,https://m.sports.naver.com/basketball/article/065/0000248685,kookmin_media,,긍정,0.7943387031555176
[JB포토] 국민대 총장배 아마 대학농구대회 '낮은 자세로 돌파',2023.07.05.,https://m.sports.naver.com/basketball/article/065/0000248684,kookmin_media,,긍정,0.7984498143196106
[JB포토] 국민대 총장배 아마 대학농구대회 '치열한 공수대결',2023.07.05.,https://m.sports.naver.com/basketball/article/065/0000248683,kookmin_media,,긍정,0.8027552962303162
[JB포토] 국민대 총장배 아마 대학농구대회 '골밑으로 들어가는 킬패스...,2023.07.05.,https://m.sports.naver.com/basketball/article/065/0000248682,kookmin_media,,긍정,0.7850715517997742
[JB포토] 국민대 총장배 아마 대학농구대회 '멋진 플레이야',2023.07.05.,https://m.sports.naver.com/basketball/article/065/0000248680,kookmin_media,,긍정,0.8514015078544617
[JB포토] 국민대 총장배 아마 대학농구대회 '릴리즈는 가볍게',2023.07.05.,https://m.sports.naver.com/basketball/article/065/0000248681,kookmin_media,,긍정,0.7780742645263672
[JB포토] 국민대 총장배 아마 대학농구대회 '공격하는 연세대팀',2023.07.05.,https://m.sports.naver.com/basketball/article/065/0000248679,kookmin_media,,긍정,0.7598354816436768
[JB포토] 국민대 총장배 아마 대학농구대회 '속공가자',2023.07.05.,https://m.sports.naver.com/basketball/article/065/0000248678,kookmin_media,,긍정,0.7884592413902283
[JB포토] 국민대 총장배 아마 대학농구대회 '아마추어 대학농구 최강자...,2023.07.05.,https://m.sports.naver.com/basketball/article/065/0000248677,kookmin_media,,긍정,0.8056734800338745
[JB포토] 국민대 총장배 아마 대학농구대회 '점프볼',2023.07.05.,https://m.sports.naver.com/basketball/article/065/0000248676,kookmin_media,,긍정,0.8152971863746643
[JB포토] 국민대 총장배 아마 대학농구대회 '아마추어 대학 농구 축제',2023.07.05.,https://m.sports.naver.com/basketball/article/065/0000248675,kookmin_media,,긍정,0.7819591760635376
"국민대, 인문사회 융합인재양성사업 ‘환경’ 분야 주관대학 선정",2023.07.05.,https://www.dt.co.kr/contents.html?article_no=2023070502109954083001&ref=naver,kookmin_media,ESG 교육과정 및 교수학습 방법,긍정,0.9764719605445862
"aT-국민대, 저탄소 식생활·농수산식품산업 발전 MOU",2023.07.05.,https://www.newscj.com/news/articleView.html?idxno=3042153,kookmin_media,지역사회 ESG 교육 프로그램,긍정,0.9622938632965088
"국민대· 한양대 ERICA, 로봇산업협회와 MOU",2023.07.05.,https://www.munhwa.com/news/view.html?no=2023070501072936000001,kookmin_media,,긍정,0.8933167457580566
"aT, 국민대와 저탄소 식생활 업무협약 체결",2023.07.05.,http://www.fsnews.co.kr/news/articleView.html?idxno=49379,kookmin_media,,긍정,0.95103919506073
"국민대, 기후변화 교과과정 개발 나선다",2023.07.05.,https://www.onews.tv/news/articleView.html?idxno=172009,kookmin_media,"ESG 교육과정 및 교수학습 방법,ESG 비교과 프로그램 개발 및 운영,지역사회 ESG 파트너십,에너지 사용 절감 및 체계적 관리",긍정,0.9563269019126892
"국민대, 인문사회 융합인재양성사업 '환경' 분야 주관대학 선정",2023.07.05.,https://news.unn.net/news/articleView.html?idxno=549374,kookmin_media,"ESG 교육과정 및 교수학습 방법,ESG 비교과 프로그램 개발 및 운영,지역사회 ESG 파트너십",긍정,0.9660712480545044
국민대 인문사회 융합인재양성사업 '환경' 분야 주관대학 선정,2023.07.05.,http://www.veritas-a.com/news/articleView.html?idxno=463859,kookmin_media,"ESG 교육과정 및 교수학습 방법,ESG 비교과 프로그램 개발 및 운영",긍정,0.9726670980453492
"한국농수산식품유통공사, 국민대학교와 저탄소 식생활·농수산식품산업...",2023.07.05.,https://www.dnews.co.kr/uhtml/view.jsp?idxno=202307050959579940793,kookmin_media,,긍정,0.9518786668777466
국민대 ‘환경’ 특화 인문사회 융합인재 양성 나선다,2023.07.05.,http://news.heraldcorp.com/view.php?ud=20230705000198,kookmin_media,"ESG 관련 캠페인,ESG 관련 학생 동아리,지역사회 ESG 파트너십,ESG 교육과정 및 교수학습 방법,ESG 비교과 프로그램 개발 및 운영,청정 재생에너지",긍정,0.9696783423423768
"국민대, 융합인재양성 ‘환경' 분야 주관대학 선정",2023.07.05.,http://www.newsis.com/view/?id=NISX20230705_0002364467&cID=10201&pID=10200,kookmin_media,"ESG 교육과정 및 교수학습 방법,ESG 비교과 프로그램 개발 및 운영",긍정,0.9432392716407776
"한국농수산식품유통공사, 국민대학교와 농수산식품 산업 발전 '맞손'",2023.07.04.,http://www.ccnnews.co.kr/news/articleView.html?idxno=300328,kookmin_media,,긍정,0.9554644227027892
"aT, 국민대학교와 저탄소 식생활·농수산식품산업 발전 업무협약",2023.07.04.,http://www.newsworker.co.kr/news/articleView.html?idxno=211307,kookmin_media,,긍정,0.961811900138855
"한양대 ERICA, 국민대ㆍ한국로봇산업협회와 협약",2023.07.04.,https://www.joongang.co.kr/article/25174803,kookmin_media,,긍정,0.9835719466209412
"국민대 · 한양대 · 한국로봇산업협회, 교류협력 MOU 체결",2023.07.04.,https://www.ekn.kr/web/view.php?key=20230704010000970,kookmin_media,,긍정,0.9496942162513732
"aT, 국민대와 저탄소 식생활ㆍ농수산식품산업 발전 협약",2023.07.04.,http://www.foodnews.co.kr/news/articleView.html?idxno=103330,kookmin_media,,긍정,0.9741483926773072
"aT,국민대학교와 저탄소 식생활·농수산식품산업 발전 업무협약",2023.07.04.,http://www.ccnnews.co.kr/news/articleView.html?idxno=300311,kookmin_media,,긍정,0.964387834072113
"국민대 캠퍼스타운 사업단, 성북구청·성북 클러스터 통해 'SB스타트업 ...",2023.07.04.,http://www.bizwnews.com/news/articleView.html?idxno=61151,kookmin_media,,긍정,0.8774195909500122
"국민대·한양대·로봇산업협, '첨단분야 인재 양성' 협약",2023.07.04.,http://www.edaily.co.kr/news/newspath.asp?newsid=02564966635671240,kookmin_media,,긍정,0.934406876564026
국민대학교 캠퍼스타운 개소...지역밀착형 창업거점 마련,2023.07.04.,http://www.kdpress.co.kr/news/articleView.html?idxno=120955,kookmin_media,,긍정,0.9690528512001038
"한양대 ERICA, 코-위크 아카데미서 ‘국민대, 한국로봇산업협회와 MOU’...",2023.07.04.,https://www.khan.co.kr/article/202307041455018,kookmin_media,,긍정,0.9760853052139282
국민대 ·한양대(ERICA) · 한국로봇산업협 교류협력 MOU 체결,2023.07.04.,https://www.dt.co.kr/contents.html?article_no=2023070402109954065001&ref=naver,kookmin_media,,긍정,0.9683199524879456
"한양대 ERICA, 코-위크 아카데미에서 ‘국민대, 한국로봇산업협회와 MOU...",2023.07.04.,http://www.segye.com/content/html/2023/07/04/20230704514278.html?OutUrl=naver,kookmin_media,,긍정,0.9211567640304564
"국민대-성북구청, 2023 인공지능 미래탐색 AR·VR 프로그램 진행",2023.07.04.,https://edu.chosun.com/site/data/html_dir/2023/07/04/2023070401514.html,kookmin_media,,긍정,0.9633594155311584
국민대-한양대(ERICA)-한국로봇산업협회 교류협력 업무협약 체결,2023.07.04.,http://www.veritas-a.com/news/articleView.html?idxno=463733,kookmin_media,,긍정,0.9234573245048524
"국민대-성북구청, 2023 인공지능 미래탐색 VR/AR분야 진로교육ㆍ체험특...",2023.07.04.,https://www.sedaily.com/NewsView/29S01XUNXX,kookmin_media,,긍정,0.9456914067268372
"한국로봇산업협회, 한양대ㆍ국민대와 인재양성 MOU 체결",2023.07.04.,http://www.irobotnews.com/news/articleView.html?idxno=32051,kookmin_media,,긍정,0.9432347416877748
국민대-한양대 ERICA- 한국로봇산업협회 교류협력 MOU 체결,2023.07.04.,https://news.unn.net/news/articleView.html?idxno=549302,kookmin_media,,긍정,0.9582549333572388
'국민대·한양대(ERICA)·한국로봇산업협회' 업무협약,2023.07.04.,http://www.newsis.com/view/?id=NISX20230704_0002363126&cID=10201&pID=10200,kookmin_media,,긍정,0.9467640519142152
"국민대·한양대 에리카캠퍼스·한국로봇산업협회, 첨단분야 인재양성 M...",2023.07.04.,http://www.metroseoul.co.kr/article/20230704500209,kookmin_media,,긍정,0.9417755603790284
"국민대 ·한양대(ERICA) · 한국로봇산업협회, 교류협력 MOU 체결",2023.07.04.,https://www.hankookilbo.com/News/Read/A2023070410010000536?did=NA,kookmin_media,,긍정,0.948170244693756
"국민대, 한양대 에리카 캠퍼스·한국로봇산업협회와 교류협력 MOU 체결",2023.07.04.,https://www.dailysmart.co.kr/news/articleView.html?idxno=74795,kookmin_media,,긍정,0.9453554749488832
제 39회 국민대 총장배 전국 아마추어 대학농구대회 드디어 개막,2023.07.04.,https://m.sports.naver.com/basketball/article/065/0000248646,kookmin_media,,긍정,0.990142822265625
'대학농구 아마추어 최강자 가린다!' 제39회 국민대 총장배 전국 대학농...,2023.07.01.,http://www.osen.co.kr/article/G1112135732,kookmin_media,,긍정,0.9899852275848388
'대학생 농구 축제' 2023 국민대 총창배 전국 아마추어 농구 대회 시작....,2023.07.01.,https://basketkorea.com/news/newsview.php?ncode=1065582677150200,kookmin_media,,긍정,0.9519842267036438
"SK이노, 국민대와 협업 디자인展 시상",2023.08.30.,https://www.hankyung.com/economy/article/2023083022781,kookmin_media,"ESG 관련 캠페인,지역사회 ESG 파트너십,청정 재생에너지,지역사회 ESG 교육 프로그램,ESG 위원회 조직,에너지 사용 절감 및 체계적 관리",긍정,0.9676332473754884
SK이노·국민대 ‘행복그린디자인展’ 시상식 개최…“ESG 경영 청사진 ...,2023.08.30.,http://www.sentv.co.kr/news/view/666757,kookmin_media,,긍정,0.8904374241828918
"SK이노·국민대, '행복그린디자인展' 시상식…19개 우수작 선정",2023.08.30.,https://www.viva100.com/main/view.php?key=20230830010008648,kookmin_media,,긍정,0.944916844367981
행복코끼리에 쏠린 눈…SK이노·국민대 시상식서 '금상',2023.08.30.,https://it.chosun.com/site/data/html_dir/2023/08/30/2023083000988.html,kookmin_media,ESG 관련 캠페인,긍정,0.9333776235580444
"SK이노-국민대, '행복그린디자인展' 시상식…김준 ""디자인의 힘으로 ESG...",2023.08.30.,https://www.sedaily.com/NewsView/29TLWX4XBU,kookmin_media,,긍정,0.947995901107788
"SK이노베이션·국민대, '행복그린디자인 전시회' 시상식",2023.08.30.,https://www.yna.co.kr/view/PYH20230830006200003?input=1196m,kookmin_media,,부정,0.5192856788635254
"SK이노-국민대, '행복그린디자인展' 시상식…19개 우수작 선정",2023.08.30.,https://www.yna.co.kr/view/AKR20230830021500003?input=1195m,kookmin_media,,긍정,0.938608705997467
SK이노베이션·국민대 ‘행복그린디자인展’ 시상식,2023.08.30.,https://www.munhwa.com/news/view.html?no=2023083001039907176001,kookmin_media,"지역사회 ESG 파트너십,ESG 관련 캠페인",긍정,0.8978516459465027
"국민대 학생부교과, 면접 없이 교과 100% 반영",2023.08.30.,http://www.edaily.co.kr/news/newspath.asp?newsid=01220166635712568,kookmin_media,,긍정,0.872538685798645
"국민대 산학협력단, 동대문구 탄소중립 지원센터 운영위원회 위촉식 개...",2023.08.29.,http://www.fnnews.com/news/202308291055186135,kookmin_media,,긍정,0.8539138436317444
"국민대 산학협력단, 동대문구 탄소중립 지원센터 운영위원회 위촉식 가...",2023.08.29.,https://view.asiae.co.kr/article/2023082910590653839,kookmin_media,,긍정,0.8270012140274048
국민대·단국대 등 대학연합체 5곳 '인문사회 융합인재' 양성 나서,2023.08.29.,https://news.unn.net/news/articleView.html?idxno=551575,kookmin_media,,긍정,0.9311583042144777
새만금서 대학생 자작자동차대회 열려… 호남대·국민대 우승,2023.08.29.,http://moneys.mt.co.kr/news/mwView.php?no=2023082816573153977,kookmin_media,,긍정,0.9366904497146606
"잡모아, 국민대 취업지원제도 이용 학생 대상 출장 상담소 운영",2023.08.28.,https://www.asiatoday.co.kr/view.php?key=20230825001626246,kookmin_media,,긍정,0.9183545112609864
"국민대 LINC 3.0 사업단, 'KBO NINE 시즌 2023' 프로젝트 성료",2023.08.25.,https://www.businesskorea.co.kr/news/articleView.html?idxno=200373,kookmin_media,지역사회 ESG 교육 프로그램,긍정,0.980096399784088
"메인콘텐츠, 국민대 캠퍼스타운 'DCT Campus-preneur 창업교육' 후반기 교...",2023.08.23.,http://news.mt.co.kr/mtview.php?no=2023082315131092862,kookmin_media,,긍정,0.948074221611023
"국민대, '2023 드론(도심항공모빌리티) 디지털설계 경진대회' 진행",2023.08.23.,http://www.kdpress.co.kr/news/articleView.html?idxno=121962,kookmin_media,,긍정,0.9268979430198668
"KESIA-이오스튜디오, ‘VC스프린트(Sprint) 유니브 in 국민대’ 수료식 성...",2023.08.23.,https://www.venturesquare.net/893275,kookmin_media,,긍정,0.9052461981773376
"KESIA-이오스튜디오 공동진행, 'VC스프린트 유니브 in 국민대' 성료",2023.08.23.,https://www.eroun.net/news/articleView.html?idxno=36429,kookmin_media,,긍정,0.9430790543556212
"국민대, '2023 드론 디지털설계 경진대회' 개최",2023.08.23.,https://www.etnews.com/20230823000028,kookmin_media,,긍정,0.8373854160308838
대학생 초기 투자 심사역 육성 프로그램 ‘VC스프린트 유니브 in 국민대...,2023.08.23.,https://platum.kr/archives/212318,kookmin_media,,긍정,0.9315088391304016
"국민대, 미래자동차 컨소시엄 스케일카 기반 실환경 자율주행 경진대회...",2023.08.21.,https://www.dt.co.kr/contents.html?article_no=2023082102109954077003&ref=naver,kookmin_media,,긍정,0.977432131767273
"국민대, '2023 스케일카 기반 실환경 자율주행 경진대회' 개최",2023.08.21.,https://www.viva100.com/main/view.php?key=20230821010005737,kookmin_media,,긍정,0.9394121170043944
"국민대, ‘스케일카 기반 실환경 자율주행 경진대회’ 개최",2023.08.21.,https://www.ekn.kr/web/view.php?key=20230821010005076,kookmin_media,,긍정,0.9739200472831726
국민대 첨단분야 혁신융합대학 미래자동차 컨소시엄 스케일카 기반 실환...,2023.08.21.,http://www.veritas-a.com/news/articleView.html?idxno=469186,kookmin_media,,긍정,0.9437519311904908
"국민대, '스케일카 기반 실환경 자율주행 경진대회' 개최",2023.08.21.,http://www.newsis.com/view/?id=NISX20230821_0002420172&cID=10201&pID=10200,kookmin_media,,긍정,0.942613959312439
"국민대, 첨단분야 혁신융합대학 미래자동차 컨소시엄 스케일카 기반 실...",2023.08.21.,https://www.dailysmart.co.kr/news/articleView.html?idxno=76442,kookmin_media,,긍정,0.9571881294250488
국민대 2022학년도 후기 학위수여식 개최,2023.08.17.,http://news.heraldcorp.com/view.php?ud=20230817000726,kookmin_media,,긍정,0.9664732813835144
"국민대, 2022학년도 후기 학위수여식 개최…1611명 '학사모'",2023.08.17.,http://www.metroseoul.co.kr/article/20230817500061,kookmin_media,,긍정,0.924242615699768
"국민대, 2022학년도 후기 학위수여식 개최",2023.08.16.,https://www.ekn.kr/web/view.php?key=20230816010004123,kookmin_media,,긍정,0.9454577565193176
국민대 2022 후기 학위수여식 개최,2023.08.16.,http://www.veritas-a.com/news/articleView.html?idxno=468742,kookmin_media,,긍정,0.9673148989677428
국민대 '2022학년도 후기 학위수여식' 개최,2023.08.16.,http://www.newsis.com/view/?id=NISX20230816_0002415331&cID=10201&pID=10200,kookmin_media,,긍정,0.9713619351387024
"국민대∙타슈켄트정보통신대∙엘리스그룹, 국제개발협력 MOU 체결",2023.08.16.,https://news.unn.net/news/articleView.html?idxno=551271,kookmin_media,,긍정,0.9739030599594116
"실시간 AI 튜터 활용 코딩 교육 '코드프렌즈', 국민대 무료 코딩 교육 실...",2023.08.16.,https://www.sedaily.com/NewsView/29TFHJJ4TB,kookmin_media,,긍정,0.992854654788971
국민대·타슈켄트정보통신대·엘리스그룹 국제개발협력 MOU 체결,2023.08.15.,http://www.metroseoul.co.kr/article/20230815500003,kookmin_media,,긍정,0.9765555262565612
"엘리스그룹, 국민대-우즈벡TUIT와 국제개발협력 MOU",2023.08.14.,http://www.itdaily.kr/news/articleView.html?idxno=215983,kookmin_media,,긍정,0.9739649295806884
"국민대-경성대, LINC 3.0 사업 ICC 공유ㆍ협업 MOU 체결",2023.08.10.,http://www.kdpress.co.kr/news/articleView.html?idxno=121749,kookmin_media,지역사회 ESG 파트너십,긍정,0.9766641855239868
"국민대, 경성대와 LINC 3.0 사업 수행 위해 ICC 공유ㆍ협업 MOU 체결",2023.08.10.,https://www.sedaily.com/NewsView/29TCQ1QPAG,kookmin_media,지역사회 ESG 파트너십,긍정,0.974819540977478
"국민대·우즈벡 TUIT, 글로벌 공유·협업 워크숍 개최",2023.08.10.,https://www.news1.kr/articles/5136728,kookmin_media,,긍정,0.8841965794563293
"국민대ㆍTUIT, 글로벌 산학협력 활성화 위한 공유ㆍ협업 워크숍 개최",2023.08.10.,https://www.etnews.com/20230810000089,kookmin_media,,긍정,0.9190630912780762
"정재원 국민대 유라시아학과 교수, ""인천은 중·러 내부문제 관심가져야...",2023.08.09.,http://www.joongboo.com/news/articleView.html?idxno=363605528,kookmin_media,,긍정,0.8596696853637695
"[제434회 새얼아침대화 강연] 정재원 국민대 교수 ""러시아 전쟁, 독재 권...",2023.08.09.,http://www.kyeongin.com/main/view.php?key=20230809010002078,kookmin_media,,긍정,0.8125851154327393
"국민대 LINC 3.0 사업단, 2023 캡스톤디자인 아이디어 경진대회 시상식 ...",2023.08.04.,http://www.businesskorea.co.kr/news/articleView.html?idxno=119782,kookmin_media,,긍정,0.9029855728149414
"국민대학교 연구소 기업 국민바이오, 농림식품신기술 NET 인증 획득",2023.08.04.,http://news.heraldcorp.com/view.php?ud=20230804000495,kookmin_media,,긍정,0.9779956340789796
전주교육지원청-국민대 산학협력단 업무협약 체결,2023.08.01.,http://www.veritas-a.com/news/articleView.html?idxno=467306,kookmin_media,,긍정,0.9011722803115844
"전주교육지원청·국민대 산학협력단, 난독·경계선 지능 학생 지원",2023.08.01.,http://www.newsis.com/view/?id=NISX20230801_0002398146&cID=10808&pID=10800,kookmin_media,,긍정,0.8984655141830444
"이상호 국민대 교수, 2023년 환경R&D 우수성과 20선 선정",2023.09.30.,http://www.metroseoul.co.kr/article/20230930500051,kookmin_media,ESG 관련 캠페인,긍정,0.9755834341049194
"(주)세코-국민대 LINC 3.0사업단, 가족회사 협약 체결",2023.09.30.,http://www.munhaknews.com/news/articleView.html?idxno=73591,kookmin_media,"지역사회 ESG 교육 프로그램,ESG 관련 학생 동아리,ESG 운영위원회의 다양성",긍정,0.9420026540756226
"이상호 국민대 건설시스템공학부 교수, 2023년 환경R&D 우수성과 20선 선...",2023.09.28.,https://www.dailysmart.co.kr/news/articleView.html?idxno=78061,kookmin_media,"ESG 관련 캠페인,지역사회 ESG 파트너십",긍정,0.9568451642990112
"국민대, 민주평화통일자문회의 공동주최 학술회의 개최",2023.09.28.,https://www.dailysmart.co.kr/news/articleView.html?idxno=78054,kookmin_media,,긍정,0.9504699110984802
"이동은 국민대 교수, 유네스코 국제 문해상 심사위원 위촉",2023.09.27.,http://news.heraldcorp.com/view.php?ud=20230927000614,kookmin_media,,긍정,0.9225517511367798
이상호 국민대 교수 ‘환경 연구성과 20선’ 선정,2023.09.27.,http://www.edaily.co.kr/news/newspath.asp?newsid=03119286635744384,kookmin_media,"ESG 관련 캠페인,지역사회 ESG 파트너십",긍정,0.9673744440078736
국민대 민주평화통일자문회의 공동주최 학술회의 개최,2023.09.27.,http://www.veritas-a.com/news/articleView.html?idxno=475119,kookmin_media,,긍정,0.922771453857422
국민대 이상호 교수 2023 환경R&D 우수성과 20선 선정,2023.09.27.,http://www.veritas-a.com/news/articleView.html?idxno=475085,kookmin_media,ESG 관련 캠페인,긍정,0.9802367091178894
"국민대 이동은 교수, '국제 문해상 시상식' 심사위원 참가",2023.09.26.,http://www.newsis.com/view/?id=NISX20230926_0002464330&cID=10201&pID=10200,kookmin_media,,긍정,0.8876217603683472
국민대 이동은 교수 세계 문해의 날 '세종대왕 문해상' 심사위원으로 초...,2023.09.25.,http://www.veritas-a.com/news/articleView.html?idxno=474700,kookmin_media,,긍정,0.9074169397354126
"이동은 국민대 한국어문학부 교수, 세계문해의 날 '세종대왕 문해상' 심...",2023.09.25.,https://www.dailysmart.co.kr/news/articleView.html?idxno=77921,kookmin_media,,긍정,0.9309526085853576
"국민대 이동은 교수, 세계문해의 날 ‘세종대왕 문해상’ 심사위원으로...",2023.09.25.,https://www.ekn.kr/web/view.php?key=20230925010007204,kookmin_media,,긍정,0.9421117305755616
"이효리, 모교 국민대 축제 깜짝 방문... ‘미스코리아’ 열창",2023.09.22.,https://www.bntnews.co.kr/article/view/bnt202309220009,kookmin_media,,긍정,0.8697304725646973
"이효리, 모교 국민대 깜짝 방문해 공연 ""유랑은 끝나지 않았다""",2023.09.21.,http://enews.imbc.com/News/RetrieveNewsInfo/395242,kookmin_media,,긍정,0.8221631050109863
"이효리, 국민대학교 축제 깜짝 방문..‘미스코리아’ 열창",2023.09.21.,http://news.heraldcorp.com/view.php?ud=20230921000842,kookmin_media,,긍정,0.8706782460212708
"국민대, 민주평통과 연합 학술회의…""한반도 위기 탈출 방안""",2023.09.21.,https://www.news1.kr/articles/5178399,kookmin_media,,긍정,0.8642576932907104
"국민대 라이프스타일·가구디자인랩, 광주디자인비엔날레 참가",2023.09.20.,http://www.safetimes.co.kr/news/articleView.html?idxno=208326,kookmin_media,,긍정,0.9778098464012146
"인프랩, 국민대학교와 업무협약 체결…SW 개발 교육 콘텐츠 제공",2023.09.19.,https://www.siminilbo.co.kr/news/newsview.php?ncode=1160277320310741,kookmin_media,,긍정,0.9612199664115906
"KT 대구경북본부-국민대, 협력 워크숍",2023.09.18.,http://www.hidomin.com/news/articleView.html?idxno=526743,kookmin_media,,긍정,0.7297974228858948
"KT·국민대, 양자암호기술 실용화 위한 산·학·관 협력 워크숍",2023.09.17.,http://www.kbsm.net/news/view.php?idx=405844,kookmin_media,,긍정,0.9429835081100464
"국민대, 특허청 '지식재산경영 우수기관' 선정",2023.09.15.,http://www.naeil.com/news_view/?id_art=473831,kookmin_media,,긍정,0.8915391564369202
"국민대, 특허청 ‘지식재산경영 우수기관’ 선정",2023.09.14.,https://www.ekn.kr/web/view.php?key=20230914010004084,kookmin_media,,긍정,0.955428183078766
"국민대, 지식재산 경영 우수 표창…특허청 ‘지식재산경영 우수기관’...",2023.09.14.,https://www.mk.co.kr/article/10829803,kookmin_media,,긍정,0.9536951184272766
"국민대, 특허청 '지식재산 경영 우수기관' 선정",2023.09.14.,http://www.edaily.co.kr/news/newspath.asp?newsid=02696166635740120,kookmin_media,,긍정,0.9265660047531128
"국민대, 특허청 `지식재산경영 우수기관` 선정",2023.09.14.,https://www.dt.co.kr/contents.html?article_no=2023091402109954056001&ref=naver,kookmin_media,,긍정,0.9504795074462892
"국과수-교통안전공단-국민대, 미래 이동수단 사고 선제적 대응",2023.09.14.,https://www.safetynews.co.kr/news/articleView.html?idxno=224428,kookmin_media,,긍정,0.9250931739807128
국민대 특허청 '지식재산경영 우수기관' 선정,2023.09.14.,http://www.veritas-a.com/news/articleView.html?idxno=472936,kookmin_media,,긍정,0.9426672458648682
"국민대 학생들, 공공미술 프로젝트 참여",2023.09.13.,http://www.naeil.com/news_view/?id_art=473659,kookmin_media,,긍정,0.9559110403060912
"국민대, ‘서울시 주관’ 공공미술 프로젝트 참여",2023.09.13.,http://news.heraldcorp.com/view.php?ud=20230913000717,kookmin_media,,긍정,0.974648416042328
"국민대 학생들, 공동체 주제로 서울시 주관 공공미술 프로젝트 참여",2023.09.13.,http://www.metroseoul.co.kr/article/20230913500621,kookmin_media,,긍정,0.9524189233779908
국민대 건축학부/미술학부 학생 합작품 전시,2023.09.13.,http://www.veritas-a.com/news/articleView.html?idxno=472774,kookmin_media,,긍정,0.9572014212608336
"국민대 건축학부·미술학부 합작품, 정릉시장 청수교 광장 일대서 전시",2023.09.13.,https://www.onews.tv/news/articleView.html?idxno=180573,kookmin_media,,긍정,0.9509877562522888
"국민대 교수, 북·러 무기 거래 막을 수 있는 나라는 중국",2023.09.13.,http://www.fnnews.com/news/202309131332252852,kookmin_media,,긍정,0.6446809768676758
"국민대, 공동체 주제 서울시 주관 공공미술 프로젝트 참여",2023.09.13.,https://www.dt.co.kr/contents.html?article_no=2023091302109954065001&ref=naver,kookmin_media,,긍정,0.9585250616073608
"국민대, 서울시 주관 '공공미술 프로젝트' 참여",2023.09.13.,http://www.newsis.com/view/?id=NISX20230913_0002448780&cID=10201&pID=10200,kookmin_media,,긍정,0.9602029919624328
"국민대 명원박물관, '조선의 TALK톡' 전시회 진행",2023.09.12.,https://www.onews.tv/news/articleView.html?idxno=180462,kookmin_media,,긍정,0.9587611556053162
"﻿국민대 명원박물관, 문화 축제 '조선의 TALK톡' 개최",2023.09.12.,https://news.unn.net/news/articleView.html?idxno=552376,kookmin_media,,긍정,0.9505650401115416
"MZ세대 언어로 보는 조선의 편지…국민대, 문화 축제 `조선의 TALK톡` 개...",2023.09.12.,https://www.dt.co.kr/contents.html?article_no=2023091202109954083003&ref=naver,kookmin_media,,긍정,0.9466369152069092
국민대 명월박물관 '조선의 TALK톡' 전시회 개최,2023.09.12.,http://www.veritas-a.com/news/articleView.html?idxno=472508,kookmin_media,,긍정,0.9443657994270324
"국민대 LINC 3.0 사업단, ‘ASCC 2023’에서 4차 산업부문 대상 및 금상 ...",2023.09.12.,http://edu.donga.com/?p=article&ps=view&at_no=20230912111017583213,kookmin_media,,긍정,0.8473697304725647
"국민대 LINC 3.0 사업단, ‘ASCC 2023’에서 4차 산업부문 대상ㆍ금상 수...",2023.09.12.,https://www.sedaily.com/NewsView/29UNLIMNPS,kookmin_media,,긍정,0.8346237540245056
"국민대 명원박물관, 문화 축제 '조선의 TALK톡' 개최",2023.09.12.,http://www.newsis.com/view/?id=NISX20230912_0002446896&cID=10201&pID=10200,kookmin_media,,긍정,0.9338789582252502
"국민대 명원박물관, 문화 축제 ‘조선의 TALK톡’ 개최",2023.09.12.,https://www.ekn.kr/web/view.php?key=20230912010003106,kookmin_media,,긍정,0.9842289686203004
국민대 “MZ세대 언어로 조선의 편지 읽는다”,2023.09.12.,https://dhnews.co.kr/news/view/1065574823138769,kookmin_media,,긍정,0.9705365896224976
"국민대 명원박물관, 내달 20일까지 문화 축제 '조선의 TALK톡' 개최",2023.09.12.,http://www.metroseoul.co.kr/article/20230912500063,kookmin_media,,긍정,0.9110697507858276
"국민대, 대상자 자작자동차대회 종합 우승",2023.09.08.,http://www.naeil.com/news_view/?id_art=473007,kookmin_media,,긍정,0.9164248108863832
"국민대, 대학생 자작자동차대회 Formula 부문 7년 연속 종합 우승",2023.09.06.,https://news.unn.net/news/articleView.html?idxno=552069,kookmin_media,,긍정,0.9549643993377686
"국민대, 대학생 자작차대회 7년 연속 '종합 우승'",2023.09.06.,http://www.edaily.co.kr/news/newspath.asp?newsid=02440326635737496,kookmin_media,,긍정,0.9576654434204102
"국민대, 대학생 자작자동차대회 7년 연속 종합 우승",2023.09.06.,https://dhnews.co.kr/news/view/1065588335266414,kookmin_media,,긍정,0.9406452178955078
"국민대 자작자동차동아리 KOOKMIN RACING, 대학생 자작자동차대회 Formula...",2023.09.06.,https://www.dt.co.kr/contents.html?article_no=2023090602109954039003&ref=naver,kookmin_media,,긍정,0.9390509724617004
국민대 자작 자동차동아리 KOOKMIN RACING 대학생 자작자동차대회 Formula...,2023.09.06.,http://www.veritas-a.com/news/articleView.html?idxno=471570,kookmin_media,,긍정,0.9308140873908995
"국민대 KOOKMIN RACING, 대학생 자작자동차대회 7년 연속 종합 우승",2023.09.06.,https://www.onews.tv/news/articleView.html?idxno=179686,kookmin_media,,긍정,0.9691035747528076
"국민대 자동차동아리 KORA팀, 대학생 자작자동차대회 Formula 부문 7년 연...",2023.09.06.,https://www.ekn.kr/web/view.php?key=20230906010001502,kookmin_media,,긍정,0.9791948795318604
"국민대팀, 대학생 자작자동차대회 7년 연속 종합 우승",2023.09.06.,http://www.newsis.com/view/?id=NISX20230906_0002439720&cID=10201&pID=10200,kookmin_media,,긍정,0.9445950984954834
"국민대 자작자동차 동아리 KOOKMIN RACING, 대학생 자작자동차대회 Formul...",2023.09.06.,https://www.dailysmart.co.kr/news/articleView.html?idxno=77116,kookmin_media,,긍정,0.9203221201896667
"국민대, 국내 최초 도핑 전문 서적 출판",2023.09.05.,https://www.ekn.kr/web/view.php?key=20230905010001326,kookmin_media,,긍정,0.975941002368927
"""도핑과 스포츠"" KADA 전문가 12人+국민대 학생들 국내최초 '쌍방향'도핑...",2023.09.05.,https://www.sportschosun.com/sports-news/2023-09-05/202309060100033420003563,kookmin_media,,긍정,0.9750334620475768
"국민대, 국내 최초 도핑 전문 서적 '도핑과 스포츠' 출판",2023.09.05.,http://www.metroseoul.co.kr/article/20230905500274,kookmin_media,,긍정,0.9788836240768432
"국민대 출판부, 도핑 전문서적 출간",2023.09.05.,http://www.edaily.co.kr/news/newspath.asp?newsid=01640006635737168,kookmin_media,,긍정,0.984825074672699
국민대 국내 최초 도핑 전문 서적 출판,2023.09.04.,http://www.veritas-a.com/news/articleView.html?idxno=471301,kookmin_media,,긍정,0.9844515323638916
"국민대, 도핑 전문 서적 출판 ""국내 최초""",2023.09.04.,https://www.onews.tv/news/articleView.html?idxno=179484,kookmin_media,,긍정,0.955430507659912
"알테어 최적화 대회, '배터리팩 최적화 제안' 국민대팀 금상",2023.09.01.,https://www.datanet.co.kr/news/articleView.html?idxno=186778,kookmin_media,,긍정,0.9675207138061525
"국민대 공동기기원, K-FAB 시그니처 소자 실습교육 개최",2023.09.01.,https://www.etnews.com/20230901000139,kookmin_media,,긍정,0.9467580914497375
정승렬 국민대 13대 총장 취임,2023.09.01.,https://www.munhwa.com/news/view.html?no=2023090101072836000002,kookmin_media,,긍정,0.9685860276222228
"국민대 공동기기원, K-FAB 시그니처 소자 실습교육 실시",2023.09.01.,http://www.fnnews.com/news/202309011133257730,kookmin_media,,긍정,0.9592073559761048
"알테어, 제16회 최적화 대회 성료… '배터리팩 최적화' 제안한 국민대팀...",2023.09.01.,http://www.industrynews.co.kr/news/articleView.html?idxno=50852,kookmin_media,ESG 운영위원회의 다양성,긍정,0.9603718519210817
"각국 문화 경험하는 국민대, 컬처플레이리스트",2023.10.31.,https://news.unn.net/news/articleView.html?idxno=554607,kookmin_media,,긍정,0.9382396340370178
"국민대 김주은 교수, 대한약학회 약학기술인상 수상",2023.10.30.,http://news.mt.co.kr/mtview.php?no=2023103019043481867,kookmin_media,,긍정,0.9702293872833252
"키사이트, 국민대와 차세대 통신 인재양성 MOU",2023.10.27.,http://www.koit.co.kr/news/articleView.html?idxno=117869,kookmin_media,,긍정,0.9640116691589355
"개식용금지법 제정촉구 국민대집회, 29일 국회 앞에서 개최",2023.10.27.,http://www.dailyvet.co.kr/news/animalwelfare/195395,kookmin_media,,긍정,0.8020713925361633
"키사이트코리아, 국민대와 차세대 통신 인재 양성 위해 MOU 체결",2023.10.26.,http://www.itdaily.kr/news/articleView.html?idxno=217646,kookmin_media,,긍정,0.938460111618042
"키사이트코리아·국민대, 차세대 통신 인재 양성 맞손",2023.10.26.,https://www.datanet.co.kr/news/articleView.html?idxno=188237,kookmin_media,,긍정,0.970577359199524
"국민대-키사이트코리아, '미래 세상과 소통하는 양자보안 차세대 통신 ...",2023.10.26.,https://www.aitimes.kr/news/articleView.html?idxno=29218,kookmin_media,,긍정,0.9526376724243164
"키사이트코리아, 국민대와 차세대 통신 인재양성 위해 손잡았다",2023.10.26.,http://www.it-b.co.kr/news/articleView.html?idxno=71328,kookmin_media,,긍정,0.97687029838562
"키사이트코리아-국민대, 차세대통신 인재 양성 위해 맞손",2023.10.26.,https://www.hellot.net/news/article.html?no=83339,kookmin_media,지역사회 ESG 파트너십,긍정,0.9815250635147096
"국민대-키사이트테크놀로지스, 차세대통신 글로벌 혁신인재 인재양성 M...",2023.10.26.,https://www.ekn.kr/web/view.php?key=20231026010006739,kookmin_media,,긍정,0.9441858530044556
"국민대-키사이트테크놀로지스, 차세대통신 혁신인재 양성 ‘맞손’",2023.10.25.,https://dhnews.co.kr/news/view/1065597430561996,kookmin_media,지역사회 ESG 파트너십,긍정,0.914235293865204
"국민대-키사이트테크놀로지스, 인재 양성 등 맞손",2023.10.25.,https://www.viva100.com/main/view.php?key=20231025010006616,kookmin_media,지역사회 ESG 파트너십,긍정,0.9760485291481018
"국민대, 키사이트테크놀로지스코리아와 차세대통신 글로벌 혁신인재 양...",2023.10.25.,https://www.dailysmart.co.kr/news/articleView.html?idxno=78926,kookmin_media,지역사회 ESG 파트너십,긍정,0.9807449579238892
"국민대-키사이트테크놀로지스, 차세대통신 글로벌 혁신인재 양성 위한 ...",2023.10.25.,https://www.etnews.com/20231025000325,kookmin_media,,긍정,0.9595159888267516
"﻿국민대-키사이트테크놀로지스, 차세대통신 글로벌 인재양성 MOU",2023.10.25.,https://news.unn.net/news/articleView.html?idxno=554305,kookmin_media,,긍정,0.9545711278915404
"국민대-키사이트테크놀로지스, 차세대통신 글로벌 혁신인재 인재양성을...",2023.10.25.,https://www.hankookilbo.com/News/Read/A2023102514170001764?did=NA,kookmin_media,지역사회 ESG 파트너십,긍정,0.9649009704589844
"국민대-키사이트테크놀로지스, 차세대통신 글로벌 혁신인재 인재양성 위...",2023.10.25.,https://www.dt.co.kr/contents.html?article_no=2023102502109954083001&ref=naver,kookmin_media,,긍정,0.9662168622016908
국민대 키사이트테크놀로지스와 '차세대통신 글로벌 혁신인재 인재양성...,2023.10.25.,http://www.veritas-a.com/news/articleView.html?idxno=477925,kookmin_media,,긍정,0.9295974969863892
"국민대, 키사이트테크놀로지스와 업무협약 체결",2023.10.25.,http://www.newsis.com/view/?id=NISX20231025_0002495964&cID=10201&pID=10200,kookmin_media,,긍정,0.9658502340316772
‘제1회 신라 원지 포럼 및 국민대탐방’ 내달 4일 개최,2023.10.22.,http://www.kbsm.net/news/view.php?idx=409363,kookmin_media,,긍정,0.9503194093704224
"‘엘레지의 여왕’ 이미자, 국민대가수의 인사말 [포토엔HD]",2023.10.21.,https://www.newsen.com/news_view.php?uid=202310211951171510,kookmin_media,,긍정,0.9534218907356262
"에이블브릿지, '2023 개울장 x 국민대학교 창업축제' 성료",2023.10.20.,http://www.kdpress.co.kr/news/articleView.html?idxno=123436,kookmin_media,,긍정,0.985107958316803
"LG유플러스-국민대, 2023년 국가암호공모전’서 양자내성암호 분석 기술...",2023.10.20.,http://www.boannews.com/media/view.asp?idx=122844&kind=,kookmin_media,,긍정,0.9453261494636536
"LG U+-국민대, 양자내성암호 분석 기술로 '2023 국가암호공모전' 최우수...",2023.10.19.,http://www.biztribune.co.kr/news/articleView.html?idxno=294372,kookmin_media,,긍정,0.9662140011787416
"LG유플러스-국민대, '국가암호공모전'서 양자내성 암호분석 기술로 최우...",2023.10.19.,http://www.womentimes.co.kr/news/articleView.html?idxno=65115,kookmin_media,,긍정,0.9304109215736388
"LG 유플러스·국민대, '2023 국가암호공모전' 최우수상",2023.10.19.,http://www.goodkyung.com/news/articleView.html?idxno=219433,kookmin_media,,긍정,0.9814992547035216
"LG유플러스-국민대, '23년 국가암호공모전'에서 양자내성암호 분석 기술...",2023.10.19.,https://www.dailysecu.com/news/articleView.html?idxno=150446,kookmin_media,,긍정,0.932322919368744
"LG유플러스-국민대, '23년 국가암호공모전' 양자내성암호 분석 기술로 최...",2023.10.19.,http://www.thefirstmedia.net/news/articleView.html?idxno=129663,kookmin_media,,긍정,0.9468822479248048
"LGU+, 국민대와 '국가암호공모전'에서 양자내성암호 분석 기술로 최우수...",2023.10.19.,https://www.aitimes.com/news/articleView.html?idxno=154486,kookmin_media,,긍정,0.9339630603790284
"LG유플러스-국민대, 2023 국가암호공모전서 최우수상 수상",2023.10.19.,http://www.it-b.co.kr/news/articleView.html?idxno=71189,kookmin_media,,긍정,0.9517831206321716
"LG유플러스, 국민대와 양자내성암호 분석 기술로 최우수상 수상",2023.10.19.,https://it.chosun.com/news/articleView.html?idxno=2023092102565,kookmin_media,,긍정,0.966740906238556
"LG유플러스, 국민대와 산학협력 성과 톡톡",2023.10.19.,http://www.seoulwire.com/news/articleView.html?idxno=518816,kookmin_media,,긍정,0.9548426866531372
"LGU+·국민대, '2023 국가암호공모전' 최우수상",2023.10.19.,http://www.m-i.kr/news/articleView.html?idxno=1058474,kookmin_media,,긍정,0.9324221611022948
"LG유플러스-국민대, '2023 국가암호 공모전'서 최우수상 수상",2023.10.19.,http://www.smedaily.co.kr/news/articleView.html?idxno=271342,kookmin_media,,긍정,0.971227765083313
"LG유플러스-국민대, 국가암호공모전서 최우수상",2023.10.19.,http://www.kukinews.com/newsView/kuk202310190224,kookmin_media,,긍정,0.9646771550178528
"[포토뉴스] LG유플러스-국민대, 국가암호공모전서 최우수상",2023.10.19.,http://www.obsnews.co.kr/news/articleView.html?idxno=1417784,kookmin_media,,긍정,0.9622985124588012
"LG유플러스-국민대, '국가암호공모전' 최우수상 수상",2023.10.19.,http://mbnmoney.mbn.co.kr/news/view?news_no=MM1005065018,kookmin_media,,긍정,0.9737145304679872
"LG유플러스-국민대, 국가암호공모전 최우수상",2023.10.19.,https://www.ngetnews.com/news/articleView.html?idxno=425411,kookmin_media,"ESG 비교과 프로그램 개발 및 운영,ESG 관련 캠페인",긍정,0.9019843935966492
"LGU+·국민대, 양자내성암호 기술로 국가암호공모전 최우수상",2023.10.19.,http://www.metroseoul.co.kr/article/20231019500514,kookmin_media,,긍정,0.9662320017814636
"LG유플러스·국민대, ‘2023 국가암호공모전’서 양자내성암호 분석 기...",2023.10.19.,http://www.beyondpost.co.kr/view.php?ud=2023101913405674422dcfca32d7_30,kookmin_media,,긍정,0.9121795296669006
"LG U+·국민대, '2023 국가암호 공모전' 최우수상 수상...""양자내성 암호...",2023.10.19.,https://www.thekpm.com/news/articleView.html?idxno=177488,kookmin_media,,긍정,0.9376944303512572
"LG유플러스-국민대, '23년 국가암호공모전'서 양자내성암호 분석 기술로...",2023.10.19.,https://www.koreaittimes.com/news/articleView.html?idxno=125864,kookmin_media,,긍정,0.9397196769714355
"LG유플러스-국민대, 양자내성암호 분석 기술로 최우수상 수상",2023.10.19.,http://www.sentv.co.kr/news/view/671006,kookmin_media,,긍정,0.967776894569397
"LGU+-국민대, 양자내성암호 알고리즘 검증 기술 '호평'",2023.10.19.,http://www.thelec.kr/news/articleView.html?idxno=23551,kookmin_media,,긍정,0.9756961464881896
"LG유플러스·국민대, 23년 국가암호공모전서 최우수상 ""양자내성암호 분...",2023.10.19.,https://www.pinpointnews.co.kr/news/articleView.html?idxno=222309,kookmin_media,,긍정,0.9654560089111328
"LG유플·국민대, 국가암호공모전서 양자내성암호 분석 기술로 최우수상...",2023.10.19.,http://www.getnews.co.kr/news/articleView.html?idxno=645370,kookmin_media,,긍정,0.8796043992042542
"LGU+-국민대, 양자내성암호 분석 기술로 ‘국가암호공모전’서 최우수상",2023.10.19.,https://www.ceoscoredaily.com/page/view/2023101914135864742,kookmin_media,,긍정,0.9693055748939514
"LG유플러스-국민대, 양자내성암호 분석기술 인정받아",2023.10.19.,http://www.datanews.co.kr/news/article.html?no=129803,kookmin_media,,긍정,0.9076288342475892
"LG유플러스-국민대, '국가암호공모전'서 최우수상 수상",2023.10.19.,https://www.epnc.co.kr/news/articleView.html?idxno=237708,kookmin_media,,긍정,0.9610874652862548
"LGU+·국민대, '국가암호공모전'서 양자내성암호 분석 최우수상 수상",2023.10.19.,http://news.tf.co.kr/read/economy/2050261.htm,kookmin_media,,긍정,0.968317687511444
"LG유플러스-국민대, '국가암호공모전'서 양자내성암호 분석 기술로 최우...",2023.10.19.,http://www.newscape.co.kr/news/articleView.html?idxno=97660,kookmin_media,,긍정,0.9368704557418824
"LG유플러스-국민대, 국가암호공모전' 최우수상 수상",2023.10.19.,https://www.businesskorea.co.kr/news/articleView.html?idxno=203844,kookmin_media,,긍정,0.9803203344345092
"LG유플러스-국민대, 국가암호공모전 최우수상 수상",2023.10.19.,https://www.donga.com/news/It/article/all/20231019/121746396/1,kookmin_media,,긍정,0.9836257100105286
"LG유플러스-국민대, ‘23년 국가암호공모전’ 최우수상",2023.10.19.,http://www.edaily.co.kr/news/newspath.asp?newsid=02801126635774560,kookmin_media,,긍정,0.942552387714386
"LGU+·국민대, 양자 내성 암호 기술로 암호공모전 최우수상",2023.10.19.,https://www.dailian.co.kr/news/view/1285055/?sc=Naver,kookmin_media,,긍정,0.968187153339386
"LG유플러스, 국민대와 ‘국가암호공모전’ 최우수상 수상",2023.10.19.,http://www.thebigdata.co.kr/view.php?ud=20231019094955299396085a06ef_23,kookmin_media,,긍정,0.9737491011619568
"LG유플과 국민대, 양자내성암호 기술 인정받았다",2023.10.19.,https://www.econovill.com/news/articleView.html?idxno=630205,kookmin_media,,긍정,0.9614535570144652
"LG유플러스·국민대, '23년 국가암호공모전' 최우수상 수상...알고리즘 ...",2023.10.19.,https://www.lcnews.co.kr/news/articleView.html?idxno=61970,kookmin_media,,긍정,0.932268500328064
LG유플러스-국민대 '국가암호공모전' 최우수상,2023.10.19.,http://www.newsworks.co.kr/news/articleView.html?idxno=730679,kookmin_media,"ESG 관련 캠페인,ESG 비교과 프로그램 개발 및 운영",긍정,0.8864392042160034
"LG유플러스·국민대, '국가암호공모전'서 양자내성암호 분석 기술 최우...",2023.10.19.,https://www.newsquest.co.kr/news/articleView.html?idxno=211896,kookmin_media,,긍정,0.9680770039558412
"LG유플러스X국민대, '국가암호공모전' 최우수상...KpqC 알고리즘 분석 기...",2023.10.19.,http://www.slist.kr/news/articleView.html?idxno=491756,kookmin_media,,긍정,0.9613633751869202
LG유플러스-국민대학교 '2023 국가암호공모전'에서 최우수상 수상,2023.10.19.,http://www.wsobi.com/news/articleView.html?idxno=217979,kookmin_media,ESG 비교과 프로그램 개발 및 운영,긍정,0.8226786255836487
"LG유플-국민대, ‘국가암호공모전’서 양자내성암호 분석 기술로 최우수...",2023.10.19.,https://www.dnews.co.kr/uhtml/view.jsp?idxno=202310191036375360501,kookmin_media,,긍정,0.9291606545448304
"LG유플러스-국민대, '23년 국가암호공모전'서 최우수상 수상",2023.10.19.,https://www.dailysmart.co.kr/news/articleView.html?idxno=78683,kookmin_media,,긍정,0.9768351316452026
"LG유플러스·국민대, ‘23년 국가암호공모전’서 양자내성암호 분석 기...",2023.10.19.,https://www.nspna.com/news/?mode=view&newsid=663301,kookmin_media,,긍정,0.9225760102272034
"LG유플러스-국민대, ‘23년 국가암호공모전’에서 양자내성암호 분석 기...",2023.10.19.,https://www.geconomy.co.kr/news/article.html?no=279858,kookmin_media,,긍정,0.9026113152503968
"양자내성암호 분석 기술로, LG유플러스·국민대…2023년 국가암호공모전...",2023.10.19.,https://idsn.co.kr/news/view/1065579353343179,kookmin_media,,긍정,0.8654424548149109
"LGU+-국민대, 국가암호공모전서 양자내성암호 분석 기술 최우수상",2023.10.19.,http://www.fntimes.com/html/view.php?ud=2023101911121719070cdf61373a_18,kookmin_media,,긍정,0.9659687876701356
"LG유플러스·국민대, '2023년 국가암호공모전'서 최우수상 수상",2023.10.19.,http://www.4th.kr/news/articleView.html?idxno=2049569,kookmin_media,,긍정,0.9715590476989746
"LG유플러스·국민대, 양자내성암호 분석 기술로 국가암호공모전 최우수...",2023.10.19.,https://www.smarttoday.co.kr/news/articleView.html?idxno=36530,kookmin_media,,긍정,0.9661513566970824
"LG유플러스·국민대, 올해 국가암호공모전서 양자내성암호 분석 기술 최...",2023.10.19.,http://www.asiaa.co.kr/news/articleView.html?idxno=143823,kookmin_media,,긍정,0.9375166893005372
"LGU+·국민대, 국가암호공모전서 양자내성암호 분석 기술 최우수상",2023.10.19.,http://www.inews24.com/view/1643651,kookmin_media,,긍정,0.96250581741333
"LGU+·국민대, 국가암호공모전 양자내성암호 분석 부문 최우수상",2023.10.19.,http://www.newsis.com/view/?id=NISX20231019_0002488820&cID=13004&pID=13100,kookmin_media,,긍정,0.9374090433120728
"LGU+·국민대, 양자내성암호 분석기술로 '국가암호공모전' 최우수상",2023.10.19.,http://news.mt.co.kr/mtview.php?no=2023101910191241499,kookmin_media,,긍정,0.9605460166931152
"LGU+, 국민대와 '2023 국가암호공모전' 최우수상",2023.10.19.,https://www.news1.kr/articles/5203693,kookmin_media,,긍정,0.9638972878456116
"국민대 캠퍼스타운 사업단, ‘2023 개울장x국민대학교 창업 축제’ 성료",2023.10.17.,https://www.mk.co.kr/article/10851761,kookmin_media,,긍정,0.9254352450370787
"동아제약, '박카스 캠퍼스 어택'…연대·경희대 이어 국민대까지",2023.10.13.,http://www.smedaily.co.kr/news/articleView.html?idxno=270751,kookmin_media,,긍정,0.9368802309036256
"국민대,'KMU 취창업캠프' 참가자 모집",2023.10.13.,https://www.sedaily.com/NewsView/29VXZFMJ4R,kookmin_media,취약계층 지원강화,긍정,0.938048779964447
"노리스페이스, 국민대기술지주 추천으로 딥테크 팁스(TIPS)에 선정",2023.10.12.,http://www.fnnews.com/news/202310121416456888,kookmin_media,,긍정,0.924095869064331
"국민대학교 자동차융합대학 학생들, 국제 AI 경진대회에서 1위 수상",2023.10.12.,https://www.dt.co.kr/contents.html?article_no=2023101202109954065003&ref=naver,kookmin_media,,긍정,0.9571045637130736
"PN풍년, 국민대와 함께 한 'PN:G' 마케팅 아이디어 공모전 성료",2023.10.12.,http://www.fntoday.co.kr/news/articleView.html?idxno=303562,kookmin_media,,긍정,0.8868306279182434
"국민대, 김준하 인공지능산업융합사업단장 초청해 브라운 백 세미나 개...",2023.10.12.,https://www.etnews.com/20231012000178,kookmin_media,,긍정,0.935095489025116
"국민대, 김준하 인공지능산업융합사업단장 초청해 브라운 백 세미나 진...",2023.10.12.,https://view.asiae.co.kr/article/2023101211284735878,kookmin_media,,긍정,0.9496209621429444
"국민대 자동차융합대학 'KaAI'팀, 국제 AI 경진대회에서 1위 수상",2023.10.11.,https://news.unn.net/news/articleView.html?idxno=553595,kookmin_media,,긍정,0.9493656158447266
"국민대 자동차융합대학팀, 국제 AI 경진대회 1위",2023.10.11.,http://news.heraldcorp.com/view.php?ud=20231011000682,kookmin_media,,긍정,0.9514597058296204
"국민대 자동차융합대학 학생, 국제 AI 경진대회에서 1위 수상",2023.10.11.,https://www.ekn.kr/web/view.php?key=20231011010002373,kookmin_media,,긍정,0.9810644388198853
"국민대 자동차융합대학 KaAI팀, 국제 AI 경진대회 1위 수상",2023.10.11.,https://www.onews.tv/news/articleView.html?idxno=183283,kookmin_media,,긍정,0.9766921997070312
국민대 자동차융합대 학생들 국제 AI 경진대회 1위 수상,2023.10.11.,http://www.veritas-a.com/news/articleView.html?idxno=476023,kookmin_media,,긍정,0.9477643370628356
"국민대 자동차융합대학, 국제 AI 경진대회 ‘1위’",2023.10.11.,https://dhnews.co.kr/news/view/1065592663081124,kookmin_media,,긍정,0.9442249536514282
"국민대 자동차융합대학, 국제 AI 경진대회에서 1위 수상",2023.10.11.,http://www.newsis.com/view/?id=NISX20231011_0002478707&cID=10201&pID=10200,kookmin_media,,긍정,0.9436165690422058
"국민대 자동차융합대학 학생들, 국제 AI 경진대회서 1위 수상",2023.10.11.,https://www.dailysmart.co.kr/news/articleView.html?idxno=78345,kookmin_media,,긍정,0.9525770545005798
"은평구·국민대, '2023 IR 사관학교 및 쇼케이스대회' 개최",2023.10.11.,https://www.news1.kr/articles/5195186,kookmin_media,,긍정,0.8944011330604553
"은평구-국민대, ‘2023 IR 사관학교 및 쇼케이스대회’ 개최",2023.10.11.,https://www.sedaily.com/NewsView/29VX2QXCR6,kookmin_media,,긍정,0.852103054523468
"국민대 응용화학부 연구팀, 범 코로나 치료제 이중항체 플랫폼 개발",2023.10.10.,https://www.joongang.co.kr/article/25198280,kookmin_media,,긍정,0.974282205104828
"정호용 국민대 교수 ""예산배분 편성·심의과정 투명화 필요""",2023.10.10.,https://www.dt.co.kr/contents.html?article_no=2023101002109954783002&ref=naver,kookmin_media,,긍정,0.7920650243759155
국민대 이사장 국감 피해 또 '해외 출장',2023.10.10.,http://www.safetimes.co.kr/news/articleView.html?idxno=208728,kookmin_media,,부정,0.8626717329025269
"국민대 바이오의약전공 연구팀, 범 코로나 바이러스 치료제 개발 위한 ...",2023.10.09.,http://www.metroseoul.co.kr/article/20231009500013,kookmin_media,,긍정,0.981395661830902
"민주 ""국민대 이사장 등 '김건희 논문 증인' 국감 불출석""",2023.10.08.,https://www.idaegu.co.kr/news/articleView.html?idxno=435858,kookmin_media,,부정,0.9068811535835266
‘김건희 논문’ 국감 증인들 줄줄이 불출석 통보...국민대 이사장 또 ...,2023.10.08.,https://vop.co.kr/A00001640422.html,kookmin_media,,부정,0.8842318058013916
"국민대, 코로나 바이러스 치료제 기반 ‘이중항체 플랫폼 ’개발",2023.10.07.,http://news.heraldcorp.com/view.php?ud=20231007000047,kookmin_media,,긍정,0.9652785062789916
"국민대 이사장, ‘김건희 논문 표절 의혹’ 국감 피해 또 해외로",2023.10.06.,https://www.khan.co.kr/article/202310062129035,kookmin_media,,부정,0.944065809249878
"[단독] ‘김건희 논란’ 피해 다니기? 국민대 이사장, 또 국감 맞춰 해외...",2023.10.06.,https://www.khan.co.kr/article/202310061810001,kookmin_media,,부정,0.9525758624076844
"국민대, 범코로나 바이러스 치료제 개발을 위한 혁신적인 이중항체 플랫...",2023.10.06.,https://www.ekn.kr/web/view.php?key=20231006010001280,kookmin_media,,긍정,0.9775081276893616
국민대 응용화학부 바이오의약전공 이석묵 교수 연구팀 바이러스 치료 ...,2023.10.06.,http://www.veritas-a.com/news/articleView.html?idxno=475629,kookmin_media,,긍정,0.9792934656143188
"국민대, 코로나 치료제 만들 플랫폼 개발",2023.10.06.,http://www.edaily.co.kr/news/newspath.asp?newsid=02673206635770296,kookmin_media,,긍정,0.9378831386566162
"국민대, 이룸 EDU&C와 베트남 한글교육 협력사업 추진 위한 MOU 맺어",2023.10.06.,http://edu.donga.com/?p=article&ps=view&at_no=20231006154420269348,kookmin_media,,긍정,0.943571150302887
"국민대, 혁신적인 '이중항체 플랫폼' 개발",2023.10.06.,http://www.newsis.com/view/?id=NISX20231006_0002474192&cID=10201&pID=10200,kookmin_media,,긍정,0.965563714504242
"국민대 응용화학부, 코로나 치료 이중항체 플랫폼 개발",2023.10.06.,https://dhnews.co.kr/news/view/1065589258210122,kookmin_media,,긍정,0.9729467630386353
"이석묵 국민대 응용화학부 바이오의약전공 교수 연구팀, 범코로타 바이...",2023.10.06.,https://www.dailysmart.co.kr/news/articleView.html?idxno=78222,kookmin_media,,긍정,0.9690375328063964
"국민대학교 캠퍼스타운 사업단, 2023 개울장 연계 창업 축제 개최",2023.10.06.,http://www.sisunnews.co.kr/news/articleView.html?idxno=201405,kookmin_media,,긍정,0.870678722858429
"국민대학교 캠퍼스타운 사업단, 2023 성북 캠퍼스타운 아카데미 성료",2023.10.05.,http://www.munhaknews.com/news/articleView.html?idxno=73620,kookmin_media,,긍정,0.9730274677276612
"국민대-민주평화통일자문회의, 공동 학술회의 개최",2023.10.02.,http://www.metroseoul.co.kr/article/20231002500087,kookmin_media,,긍정,0.9338867664337158
"[2023 대학대상/교육콘텐츠 우수대학] 국민대, 팀팀클래스·알파프로젝...",2023.11.30.,https://news.unn.net/news/articleView.html?idxno=555845,kookmin_media,,긍정,0.9888590574264526
"국민대 LINC 3.0 사업단, 커뮤니티상생 제3차 정기포럼 성료",2023.11.29.,http://www.kdpress.co.kr/news/articleView.html?idxno=124724,kookmin_media,,긍정,0.9547963738441468
[라이프 트렌드&] 국민대 ‘경계없는 교육’…동아리·경진대회도 학점...,2023.11.28.,https://www.joongang.co.kr/article/25210607,kookmin_media,,긍정,0.9940115809440612
넥센타이어x국민대 협업 미디어 아트 전시 개최,2023.11.24.,https://www.jungle.co.kr/magazine/205743,kookmin_media,,긍정,0.9817997217178344
"앤필라테스 최윤정 원장, 국민대 평생교육원 필라테스 지도자 과정 출강",2023.11.23.,http://www.4th.kr/news/articleView.html?idxno=2051981,kookmin_media,,긍정,0.9686551690101624
"국민대, 한예종과 예술분야 인재 양성 및 협력체계 구축 위한 MOU 체결",2023.11.23.,https://view.asiae.co.kr/article/2023112315335947491,kookmin_media,지역사회 ESG 파트너십,긍정,0.936186134815216
윤용현 국민대 교수 “도심항공모빌리티 세계시장서 경쟁 우위 확보 위...,2023.11.23.,https://www.sportsseoul.com/news/read/1373817?ref=naver,kookmin_media,,긍정,0.8711662292480469
"국민대, 한예종과 예술분야 인재 양성체계 구축 MOU",2023.11.23.,https://www.news1.kr/articles/5240504,kookmin_media,지역사회 ESG 파트너십,긍정,0.9368917346000672
"국민대학교-엔투솔루션, 소프트웨어인력양성 MOU 체결",2023.11.22.,https://www.etnews.com/20231122000286,kookmin_media,지역사회 ESG 파트너십,긍정,0.9561749696731568
한예종-국민대 업무 협약 체결,2023.11.22.,http://www.kyosu.net/news/articleView.html?idxno=112571,kookmin_media,,긍정,0.9232138395309448
"한예종, 국민대와 '예술가 양성체계 구축' MOU",2023.11.22.,http://www.newspim.com/news/view/20231122000632,kookmin_media,,긍정,0.9719244241714478
"넥센타이어·국민대, 미디어 아트 전시 연다",2023.11.20.,http://www.gnmaeil.com/news/articleView.html?idxno=530141,kookmin_media,,긍정,0.9803540110588074
"넥센타이어, 국민대와 산학협업 통한 미디어 아트 전시",2023.11.20.,http://www.m-i.kr/news/articleView.html?idxno=1068134,kookmin_media,,긍정,0.962302029132843
"넥센타이어·국민대, ‘디자인 철학 전시회’ 개최",2023.11.20.,https://www.ebn.co.kr/news/view/1600720/?sc=Naver,kookmin_media,,긍정,0.9775866866111756
"도로교통공단, 자율주행 모빌리티 경진대회 개최…국민대 대상",2023.11.20.,http://www.edaily.co.kr/news/newspath.asp?newsid=02876566635807688,kookmin_media,,긍정,0.9297245740890504
"넥센타이어, 국민대와 산학협력 통한 '디자인 철학' 전시회 개최",2023.11.20.,http://www.consumernews.co.kr/news/articleView.html?idxno=693141,kookmin_media,,긍정,0.982921540737152
"넥센타이어-국민대, 산학협업 통합 미디어 전시 개최",2023.11.20.,https://www.cnbnews.com/news/article.html?no=629523,kookmin_media,,긍정,0.9839370250701904
"넥센타이어, 국민대와 손잡고 ‘디자인 철학’ 전시회 개최",2023.11.20.,https://vop.co.kr/A00001642150.html,kookmin_media,"ESG 관련 캠페인,ESG 위원회 조직,부패예방 및 청렴 강화,지역사회 ESG 파트너십",긍정,0.7782126069068909
"넥센타이어∙국민대, 산학협업 통한 미디어 아트 전시 개최",2023.11.20.,https://daily.hankooki.com/news/articleView.html?idxno=1022008,kookmin_media,,긍정,0.9607564806938172
"넥센타이어, 국민대와 7개 영상 콘텐츠 제작…미디어 아트 전시 개최",2023.11.20.,https://www.sedaily.com/NewsView/29XB4L48UB,kookmin_media,,긍정,0.9674930572509766
"넥센타이어, 국민대와 산학협력...미디어아트 전시 열어",2023.11.20.,http://www.finomy.com/news/articleView.html?idxno=203186,kookmin_media,,긍정,0.9813070297241212
"넥센타이어, 국민대와 산학협업 미디어 아트 전시 개최",2023.11.20.,http://www.paxetv.com/news/articleView.html?idxno=190272,kookmin_media,,긍정,0.9799895882606506
"넥센타이어, 국민대와 산학협업 `미디어 아트` 전시 개최",2023.11.20.,http://www.gpkorea.com/news/articleView.html?idxno=107455,kookmin_media,,긍정,0.9816033840179444
"넥센타이어-국민대, 산학협업 미디어 아트 전시 개최",2023.11.20.,https://www.ekn.kr/web/view.php?key=20231120010005630,kookmin_media,,긍정,0.9736493229866028
"넥센타이어, 국민대와 미디어 아트 전시",2023.11.20.,http://autotimes.hankyung.com/apps/news.sub_view?popup=0&nid=03&c1=03&c2=03&c3=00&nkey=202311200912411,kookmin_media,,긍정,0.8007961511611938
"메인콘텐츠, 국민대 DCT Campus-preneur 창업교육 IR 데모데이 성료",2023.11.17.,http://news.mt.co.kr/mtview.php?no=2023111713283219285,kookmin_media,,긍정,0.9449011087417604
"국민대, 중국 무한체육대학교와 협약체결",2023.11.17.,https://www.joongang.co.kr/article/25208058,kookmin_media,,긍정,0.9682698845863342
‘안중근 의사 유해 찾기’ 한중일 국제포럼 17일 국민대서 개최,2023.11.17.,http://www.edaily.co.kr/news/newspath.asp?newsid=02532166635806704,kookmin_media,,긍정,0.9057719707489014
"국민대 체육대학, 중국 무한체육대와 업무협약 체결",2023.11.17.,http://www.m-i.kr/news/articleView.html?idxno=1067356,kookmin_media,,긍정,0.9456297755241394
"국민대 체육대학, 중국 무한체육대학교와 MOU 체결",2023.11.17.,https://www.sedaily.com/NewsView/29X9RJIRM9,kookmin_media,,긍정,0.9547237753868104
"국민대 체육대학, 중국 무한체육대학교와 업무협약",2023.11.17.,http://news.heraldcorp.com/view.php?ud=20231117000054,kookmin_media,,긍정,0.9626086950302124
"국민대·'안중근의사찾기 韓中 민간상설위원회', 국제학술대회 개최",2023.11.17.,https://view.asiae.co.kr/article/2023111700250043386,kookmin_media,,긍정,0.921662986278534
"국민대, 안중근의사찾기한·중민간상설위원회와 국제학술대회 개최",2023.11.16.,https://www.dailysmart.co.kr/news/articleView.html?idxno=79856,kookmin_media,,긍정,0.9506312608718872
"국민대, 안중근의사찾기 한중민간상설위원회와 국제학술대회 개최",2023.11.16.,https://www.thekpm.com/news/articleView.html?idxno=180884,kookmin_media,,긍정,0.9044785499572754
국민대 안중근의사찾기 한중민간상설위원회와 국제학술대회 개최,2023.11.16.,http://www.veritas-a.com/news/articleView.html?idxno=481566,kookmin_media,,긍정,0.9358478784561156
국민대·인하대 法硏 '인공지능 기술 법적 쟁점·과제' 학술대회,2023.11.15.,http://www.lec.co.kr/news/articleView.html?idxno=744737,kookmin_media,,긍정,0.9658992290496826
"국민대 정보보호연구실, '금융보안원 논문공모전' 최우수상",2023.11.15.,http://www.newsis.com/view/?id=NISX20231115_0002522694&cID=10201&pID=10200,kookmin_media,,긍정,0.9639382362365724
"국민대, 금융보안원 논문공모전서 최우수상 수상",2023.11.15.,http://www.m-i.kr/news/articleView.html?idxno=1066746,kookmin_media,,긍정,0.9565167427062988
"국민대 정보보호연구실, 금융보안원 논문공모전 최우수상 수상",2023.11.15.,https://www.onews.tv/news/articleView.html?idxno=187774,kookmin_media,,긍정,0.9460830688476562
"국민대학교 캠퍼스타운 사업단, '2023 KMU Youth Camp 취창업캠프'성료",2023.11.10.,https://www.mhns.co.kr/news/articleView.html?idxno=566071,kookmin_media,,긍정,0.9432829022407532
"국민대학교 캠퍼스타운 사업단, ‘2023 DCT Campus-preneur 창업교육’성...",2023.11.10.,http://www.fnnews.com/news/202311101328525133,kookmin_media,,긍정,0.9429906606674194
"국민대, 유웨이어플라이와 업무협약 체결",2023.11.10.,http://www.m-i.kr/news/articleView.html?idxno=1065033,kookmin_media,지역사회 ESG 파트너십,긍정,0.9773845076560974
[2023 기계설비의 날] 우수기계설비인포상 - [포상패] 장영수 국민대학...,2023.11.09.,http://www.kmecnews.co.kr/news/articleView.html?idxno=32130,kookmin_media,,긍정,0.954067587852478
"국민대, 유웨이어플라이와 MOU 체결",2023.11.09.,https://www.dailysmart.co.kr/news/articleView.html?idxno=79622,kookmin_media,,긍정,0.9714566469192504
"이호선 국민대 교수, 공수처장후보추천위 위원 위촉",2023.11.08.,https://www.news1.kr/photos/view/?6313512,kookmin_media,,긍정,0.6215083003044128
"김주은 국민대 교수, 대한약학회 약학기술인상 수상…상금 전액 기부",2023.11.07.,http://www.metroseoul.co.kr/article/20231107500784,kookmin_media,,긍정,0.9802348613739014
국민대 김주은 교수 '대한약학회 약학기술인상' 수상,2023.11.07.,http://www.veritas-a.com/news/articleView.html?idxno=479937,kookmin_media,,긍정,0.9791224598884584
"국민대 김주은 교수, 대한약사회 '약학기술인상' 수상",2023.11.07.,https://www.viva100.com/main/view.php?key=20231107010001960,kookmin_media,,긍정,0.9486985802650452
"KAIST-국민대- 서강대, 고성능 비 백금계 연료전지 촉매 공동 개발",2023.11.07.,http://www.worktoday.co.kr/news/articleView.html?idxno=44526,kookmin_media,,긍정,0.991684079170227
"한자연, 국민대와 미래 모빌리티 선도·산업생태계 구축을 위한 MOU",2023.11.06.,https://www.electimes.com/news/articleView.html?idxno=328424,kookmin_media,,긍정,0.9569737315177916
"최희식 국민대 교수 ""한일관계 중심이 이제 바다문제로 나간다""",2023.11.06.,https://www.dt.co.kr/contents.html?article_no=2023110602109954083002&ref=naver,kookmin_media,,긍정,0.8349594473838806
"국민대 한마음, KUSF 클럽챔피언십 축구 최초 남·녀 동반 우승... 한마음...",2023.11.06.,https://mydaily.co.kr/page/view/2023110611331418229,kookmin_media,,긍정,0.9379950761795044
"국민대, 외국인 유학생과 함께 하는 '컬처플레이리스트' 개최",2023.11.05.,http://www.m-i.kr/news/articleView.html?idxno=1063356,kookmin_media,,긍정,0.942383110523224
대한민국디자인전람회 대통령상에 국민대 김윤호 학생,2023.11.05.,https://www.incheonilbo.com/news/articleView.html?idxno=1219064,kookmin_media,,긍정,0.8944253921508789
"국민대 총학생회, 유학생과 함께하는 '컬처플레이리스트' 행사 개최",2023.11.05.,http://www.metroseoul.co.kr/article/20231105500019,kookmin_media,,긍정,0.9870399832725524
"[게시판] 한자연·국민대, '미래 모빌리티 생태계 조성' 업무협약",2023.11.03.,https://www.yna.co.kr/view/AKR20231103155600003?input=1195m,kookmin_media,지역사회 ESG 파트너십,긍정,0.834441602230072
"국민대총학생회, '컬처플레이리스트' 행사 열어",2023.11.03.,http://www.veritas-a.com/news/articleView.html?idxno=479558,kookmin_media,,긍정,0.9792781472206116
"한자연-국민대, 미래 모빌리티 선도 및 산업생태계 구축 맞손",2023.11.03.,http://www.chungnamilbo.co.kr/news/articleView.html?idxno=741544,kookmin_media,지역사회 ESG 파트너십,긍정,0.9639143347740172
"국민대 총학, 유학생 문화체험 ‘컬처플레이리스트’ 행사",2023.11.03.,http://www.newsis.com/view/?id=NISX20231103_0002508616&cID=10201&pID=10200,kookmin_media,,긍정,0.979510486125946
"한자연, 국민대와 미래 모빌리티 선도 MOU",2023.11.03.,http://www.enewstoday.co.kr/news/articleView.html?idxno=2053820,kookmin_media,,긍정,0.9597876071929932
"국민대 ""외국인 유학생과 함께 하는 '컬처플레이리스트' 문화체험 행사...",2023.11.03.,http://edu.donga.com/?p=article&ps=view&at_no=20231103160359267328,kookmin_media,,긍정,0.9484593868255616
"국민대, ‘컬처플레이리스트’ 행사 열어",2023.11.03.,https://dhnews.co.kr/news/view/1065593282506758,kookmin_media,,긍정,0.9142048358917236
"국민대 총학생회, '컬처플레이리스트' 개최",2023.11.03.,https://www.dailysmart.co.kr/news/articleView.html?idxno=79363,kookmin_media,,긍정,0.9752293825149536
"주한 벨기에 대사관 관계자, 국민대 명원박물관 방문",2023.11.03.,http://www.newsis.com/view/?id=NISX20231103_0002507599&cID=10201&pID=10200,kookmin_media,,긍정,0.9576128125190736
"주한 벨기에 대사 부인 일행과 대사관 관계자들, 국민대 명원박물관 방...",2023.11.02.,https://www.dailysmart.co.kr/news/articleView.html?idxno=79315,kookmin_media,,긍정,0.9772671461105348
[인사] 국민대학교,2023.11.02.,http://www.m-i.kr/news/articleView.html?idxno=1062755,kookmin_media,,부정,0.5226508975028992
[인사] 국민대,2023.11.01.,http://www.veritas-a.com/news/articleView.html?idxno=479076,kookmin_media,,부정,0.7324436902999878
[인사]국민대,2023.11.01.,http://www.edaily.co.kr/news/newspath.asp?newsid=03535846635801456,kookmin_media,,긍정,0.6713394522666931
국민대 '2023 하계 현장실습 프로그램' 참여자 연수 후기집 발간,2023.11.01.,http://www.veritas-a.com/news/articleView.html?idxno=478965,kookmin_media,,긍정,0.9667078256607056
"국민대 전자공학부‧현대케피코, 타겟랩 지정 협약 체결",2023.11.01.,http://www.m-i.kr/news/articleView.html?idxno=1062335,kookmin_media,,긍정,0.9315130710601808
"국민대, 이공계열 전공별 진출사례집 발간",2023.11.01.,https://www.dailysmart.co.kr/news/articleView.html?idxno=79243,kookmin_media,,긍정,0.9858412742614746
"국민대·KISA, ‘세계 최초’ 신종 랜섬웨어 ‘리시다’ 복구 도구 개발",2023.12.30.,http://news.heraldcorp.com/view.php?ud=20231229000601,kookmin_media,,긍정,0.8515331745147705
국민대 김장호 교수팀 'NeurIPS 2023 Machine Unlearning' 2등 수상,2023.12.29.,https://www.news1.kr/articles/5275606,kookmin_media,,긍정,0.8781932592391968
"국민대·KISA, 세계 최초 신종 랜섬웨어 '리시다' 복구도구 개발",2023.12.29.,http://www.newsis.com/view/?id=NISX20231229_0002575350&cID=10201&pID=10200,kookmin_media,,긍정,0.7784501314163208
"국민대, KISA와 함께 세계 최초 신종 랜섬웨어 Rhysida 복구 도구 개발",2023.12.28.,https://www.ekn.kr/web/view.php?key=20231228010008779,kookmin_media,,긍정,0.6876618266105652
"국민대, KISA와 함께 신종 랜섬웨어 Rhysida 복구도구 개발",2023.12.28.,https://www.thekpm.com/news/articleView.html?idxno=185840,kookmin_media,,긍정,0.8099052906036377
"﻿국민대, KISA와 함께 세계 최초 신종 랜섬웨어 Rhysida 복구도구 개발",2023.12.28.,https://news.unn.net/news/articleView.html?idxno=557477,kookmin_media,,긍정,0.7808660268783569
"국민대·KISA, 세계 최초 신종 랜섬웨어 '리시아' 복구도구 개발",2023.12.28.,http://www.m-i.kr/news/articleView.html?idxno=1079955,kookmin_media,,긍정,0.8906840682029724
"김종성 국민대 정보보안암호수학과·금융정보보안학과 교수 연구팀, 세...",2023.12.28.,https://www.dailysmart.co.kr/news/articleView.html?idxno=81630,kookmin_media,,긍정,0.7326655387878418
"국민대, 신종 랜섬웨어 ‘리시다’ 복구 도구 개발",2023.12.28.,https://dhnews.co.kr/news/view/1065592413961905,kookmin_media,,부정,0.5697396993637085
"국민대 LINC 3.0 사업단, ‘2023 캡스톤디자인 경진대회’ 시상식 개최",2023.12.28.,https://view.asiae.co.kr/article/2023122813280414001,kookmin_media,,긍정,0.8830734491348267
"국민대 LINC 3.0 사업단, 2023 캡스톤디자인 경진대회 시상식 진행",2023.12.28.,https://www.businesskorea.co.kr/news/articleView.html?idxno=208680,kookmin_media,,긍정,0.8442901968955994
"국민대 LINC 3.0 사업단, 2023 산학협력 페스티벌 개최",2023.12.28.,http://www.kdpress.co.kr/news/articleView.html?idxno=125529,kookmin_media,지역사회 ESG 파트너십,긍정,0.9472597241401672
"국민대 LINC 3.0 사업단, 2023 산학협력 페스티벌 진행",2023.12.28.,https://www.sedaily.com/NewsView/29YOQSBUA3,kookmin_media,,긍정,0.9429295659065248
"고려대·국민대 등 49개 대학, 대교협 대학기관평가인증 획득",2023.12.26.,https://www.yna.co.kr/view/AKR20231226044400530?input=1195m,kookmin_media,,긍정,0.8777369260787964
"국민대 명원박물관, 융합과 혁신을 실현한 전시회 개최",2023.12.26.,http://www.newsis.com/view/?id=NISX20231226_0002570181&cID=10201&pID=10200,kookmin_media,,긍정,0.9480190277099608
"국민대 명원박물관, 내년 2월 2일까지 '사군강산 참선수석' 전시회 개최",2023.12.25.,http://www.metroseoul.co.kr/article/20231225500035,kookmin_media,,긍정,0.9476695656776428
"국민대 이찬우 교수 연구팀, 혁신과학기술센터 신규 선정",2023.12.24.,http://www.naeil.com/news_view/?id_art=483973,kookmin_media,,긍정,0.9623705744743348
"“박물관, 디지털 인문학의 장으로” 국민대, ‘산수를 바라보는 두 개...",2023.12.24.,http://news.heraldcorp.com/view.php?ud=20231222000663,kookmin_media,,긍정,0.9876213669776917
"﻿국민대 명원박물관, 융합과 혁신을 실현한 전시회 개최",2023.12.22.,https://news.unn.net/news/articleView.html?idxno=557246,kookmin_media,,긍정,0.9556353092193604
"국민대 명원박물관, 융합과 혁신 실현 위한 전시회 개최",2023.12.22.,http://www.m-i.kr/news/articleView.html?idxno=1078470,kookmin_media,,긍정,0.9648147821426392
"국민대 명월박물관, '사군강산 참선수석-산수를 바라보는 두 개의 시선...",2023.12.22.,https://www.thekpm.com/news/articleView.html?idxno=185258,kookmin_media,,긍정,0.9239209294319152
"국민대 명원박물관, 융합과 혁신 실현한 전시회 개최",2023.12.22.,https://www.dailysmart.co.kr/news/articleView.html?idxno=81487,kookmin_media,,긍정,0.9662399291992188
국민대 명원박물관 융합과 혁신을 실현한 전시회 개최,2023.12.22.,http://www.veritas-a.com/news/articleView.html?idxno=488556,kookmin_media,,긍정,0.9706537127494812
"국민대기술지주 자회사 엠이티, ‘올해의 연구소기업’ 사업부문 우수기...",2023.12.22.,http://news.heraldcorp.com/view.php?ud=20231222000397,kookmin_media,,긍정,0.862493634223938
"국민대기술지주 자회사 엠이티, '올해의 연구소기업' 사업부문 우수기업...",2023.12.22.,http://www.kdpress.co.kr/news/articleView.html?idxno=125395,kookmin_media,,긍정,0.8859731554985046
"신종 랜섬웨어 '리시다' 복구도구, KISA·국민대 세계 최초 개발·배포",2023.12.22.,http://news.mt.co.kr/mtview.php?no=2023122210030622501,kookmin_media,,긍정,0.8489483594894409
"국민대 미술학부, 러블리페이퍼와 '직지거리 270.6 KM' 협업전시 개최",2023.12.21.,https://www.thekpm.com/news/articleView.html?idxno=185030,kookmin_media,,긍정,0.904509961605072
"국민대학교기술지주 자회사 ‘에리드’와 ‘써카디언’, 팁스 선정",2023.12.21.,https://view.asiae.co.kr/article/2023122109413707445,kookmin_media,,긍정,0.9277043342590332
"국민대학교기술지주 2개 자회사, 팁스(TIPS) 최종 선정",2023.12.21.,https://www.businesskorea.co.kr/news/articleView.html?idxno=208278,kookmin_media,,긍정,0.957634687423706
국민대 취업률 70% 목표를 향해 달린다,2023.12.21.,https://www.donga.com/news/Society/article/all/20231220/122709084/1,kookmin_media,회계의 투명성 관리,긍정,0.9899706244468688
"국민대, 사회적기업 러블리페이퍼와 협업전시",2023.12.20.,http://www.newsis.com/view/?id=NISX20231220_0002565551&cID=10201&pID=10200,kookmin_media,폐기물 배출,긍정,0.9384397864341736
"[포토] 이상호 국민대 교수, 이투데이그룹 미래기술연구소 자문위원 위...",2023.12.20.,https://www.etoday.co.kr/news/view/2313941,kookmin_media,,긍정,0.6597613096237183
"국민대 미술학부 학생들, 사회적기업 러블리페이퍼와 협업전시 열어",2023.12.20.,http://www.m-i.kr/news/articleView.html?idxno=1077772,kookmin_media,폐기물 배출,긍정,0.9525039792060852
국민대 미술학부 학생들 사회적기업 러블리페이퍼와 협업전시 개최,2023.12.20.,http://www.veritas-a.com/news/articleView.html?idxno=488141,kookmin_media,,긍정,0.9430115222930908
"국민대 미술학부 학생들, 사회적기업 러블리페이퍼와 협업전시 개최",2023.12.20.,https://www.dailysmart.co.kr/news/articleView.html?idxno=81369,kookmin_media,,긍정,0.9404886960983276
"‘대남 방송’했던 북한 가수, 오늘 저녁 국민대학교에서 만나요 | 국민...",2023.12.20.,http://monthly.chosun.com/client/mdaily/daily_view.asp?idx=18916&Newsnumb=20231218916,kookmin_media,,긍정,0.9291614294052124
"국민대 한반도미래연구원, '통일 음악으로 만나다' 행사 개최",2023.12.20.,https://www.etoday.co.kr/news/view/2313824,kookmin_media,,긍정,0.9670052528381348
"국민대, 드라마 '연인' 황진영 작가 특강 개최",2023.12.20.,https://www.thekpm.com/news/articleView.html?idxno=184902,kookmin_media,,긍정,0.9904574155807496
"국민대, 드라마 ‘연인’ 황진영 작가 특강 개최",2023.12.20.,http://www.newsis.com/view/?id=NISX20231220_0002564446&cID=10201&pID=10200,kookmin_media,,긍정,0.9897775053977966
"국민대, 황진영 드라마 작가 초청 특강 개최",2023.12.20.,https://www.dailysmart.co.kr/news/articleView.html?idxno=81339,kookmin_media,,긍정,0.9896406531333924
"﻿국민대, 드라마 '연인' 황진영 작가 특강",2023.12.20.,https://news.unn.net/news/articleView.html?idxno=557053,kookmin_media,,긍정,0.9928098917007446
"국민대 한국어문학부, '연인' 황진영 작가 특강 개최",2023.12.19.,https://www.onews.tv/news/articleView.html?idxno=192156,kookmin_media,,긍정,0.9538151621818542
"국민대, '연인' 황진영 작가 초청 특강",2023.12.19.,https://www.viva100.com/main/view.php?key=20231219010006054,kookmin_media,,긍정,0.8242955803871155
국민대 드라마 '연인' 황진영 작가 특강 개최,2023.12.19.,http://www.veritas-a.com/news/articleView.html?idxno=487949,kookmin_media,,긍정,0.9923921823501588
"이찬우 국민대 교수 연구팀, 동그라미재단 인류 난제 해결 위한 혁신과...",2023.12.19.,https://www.dt.co.kr/contents.html?article_no=2023121902109954088003&ref=naver,kookmin_media,,긍정,0.971284568309784
"국민대 이찬우 교수 연구팀, 동그라미재단 인류 난제 해결을 위한 혁신...",2023.12.19.,https://www.thekpm.com/news/articleView.html?idxno=184720,kookmin_media,,긍정,0.9693660736083984
"LG전자, 서울대·고려대·국민대와 맞손…히트펌프 컨소시엄 구축",2023.12.19.,https://www.inthenews.co.kr/news/article.html?no=59072,kookmin_media,,긍정,0.9638250470161438
"LG전자, 고려대·서울대·국민대와 차세대 히트펌프 원천기술 확보 나서",2023.12.19.,http://www.mtnews.net/news/view.php?idx=17592,kookmin_media,,긍정,0.9507718682289124
"'히트펌프 강자' LG전자, 고려대·서울대·국민대와 손잡은 이유",2023.12.19.,http://www.inews24.com/view/1667027,kookmin_media,,긍정,0.9614920020103456
"차세대 히트펌프 핵심기술 개발..LG전자, 서울대·고려대·국민대와 협약",2023.12.19.,http://www.4th.kr/news/articleView.html?idxno=2053521,kookmin_media,,긍정,0.937438428401947
"국민대, 다비오와 글로벌 기후 인재 양성 MOU 체결",2023.12.18.,https://www.munhwa.com/news/view.html?no=2023121801039936156002,kookmin_media,ESG 교육과정 및 교수학습 방법,긍정,0.979162871837616
"국민대·다비오, 글로벌 기후인재 양성 산학협력 나서",2023.12.18.,http://www.m-i.kr/news/articleView.html?idxno=1076612,kookmin_media,,긍정,0.9371072053909302
"국민대, ㈜다비오(Dabeeo)와 MOU... 글로벌 기후인재양성 위한 산학협력",2023.12.18.,https://www.thekpm.com/news/articleView.html?idxno=184515,kookmin_media,,긍정,0.9774187207221984
"국민대, 인공지능 기술기업 다비오와 업무협약",2023.12.18.,http://www.newsis.com/view/?id=NISX20231218_0002561482&cID=10201&pID=10200,kookmin_media,,긍정,0.9624924659729004
"국민대, 외국인교원 한국어교육 컨설팅사업 종료",2023.12.17.,http://www.naeil.com/news_view/?id_art=483166,kookmin_media,,긍정,0.5446818470954895
"국민대, ‘AI 기술기업’ 다비오와 글로벌 기후인재양성 MOU",2023.12.17.,http://www.metroseoul.co.kr/article/20231216500015,kookmin_media,,긍정,0.9713260531425476
"국민대, 인공지능 기업 다비오와 기후인재양성을 위한 산학협력",2023.12.15.,https://www.onews.tv/news/articleView.html?idxno=191741,kookmin_media,,긍정,0.9660942554473876
국민대 에브리타임에 올라온 충격 사진…건물이 완전 박살 났다,2023.12.15.,https://www.wikitree.co.kr/articles/910959,kookmin_media,,부정,0.5519511103630066
"국민대, 몽클라르 한국전쟁 연구센터 프랑스 국립 육군사관학교 장교 논...",2023.12.15.,http://www.veritas-a.com/news/articleView.html?idxno=487531,kookmin_media,,긍정,0.9404400587081908
국민대 인공지능 기술기업 다비오(Dabeeo)와 MOU,2023.12.15.,http://www.veritas-a.com/news/articleView.html?idxno=487459,kookmin_media,,긍정,0.9668143391609192
"국민대, 인공지능 기술기업 ㈜다비오와 MOU 체결",2023.12.15.,https://www.dailysmart.co.kr/news/articleView.html?idxno=81190,kookmin_media,,긍정,0.9791105389595032
국민대 주차장 창문 승용차가 들이받아...인명피해 없어,2023.12.15.,http://www.fnnews.com/news/202312151655459203,kookmin_media,,부정,0.6886165142059326
[종합] 국민대 주차장 창문 승용차가 들이받아…인명피해 없어,2023.12.15.,http://www.newspim.com/news/view/20231215000874,kookmin_media,,부정,0.5922145247459412
"승용차 돌진에 국민대 주차장 ""와장창""…""인명피해 파악 중""",2023.12.15.,https://www.news1.kr/articles/5262781,kookmin_media,,긍정,0.5707576870918274
"국민대학교 주차장 창문 승용차가 들이받아…""피해 파악 중""",2023.12.15.,http://www.newspim.com/news/view/20231215000780,kookmin_media,,부정,0.5267377495765686
국민대-세종학당 '외국인교원 한국어교육 컨설팅 사업' 성료,2023.12.14.,https://www.onews.tv/news/articleView.html?idxno=191580,kookmin_media,,긍정,0.9510908722877502
국민대 '외국인교원 한국어교육 컨설팅사업' 성황,2023.12.14.,http://www.newsis.com/view/?id=NISX20231214_0002558483&cID=10201&pID=10200,kookmin_media,,긍정,0.9413055181503296
"국민대, 외국인교원 한국어 컨설팅사업 성료",2023.12.14.,http://www.m-i.kr/news/articleView.html?idxno=1075779,kookmin_media,,긍정,0.9285038709640504
국민대 김지희 약제학회서 ‘Best Poster Award’ 수상,2023.12.14.,https://www.kpanews.co.kr/article/show.asp?idx=247425&category=E,kookmin_media,,긍정,0.9632696509361268
"국민대X세종학당, 국인교원 한국어교육 컨설팅사업 성료",2023.12.14.,https://www.thekpm.com/news/articleView.html?idxno=184197,kookmin_media,,긍정,0.9235474467277528
국민대 세종학당과 진행한 외국인교원 한국어교육 컨설팅사업 성료,2023.12.14.,http://www.veritas-a.com/news/articleView.html?idxno=486788,kookmin_media,,긍정,0.9631051421165466
"국민대, 세종학당과 함께 진행한 외국인교원 한국어교육 컨설팅사업 성...",2023.12.14.,https://www.dailysmart.co.kr/news/articleView.html?idxno=81090,kookmin_media,,긍정,0.9491907358169556
국민대-세종학당 공동 `외국인교원 한국어교육 컨설팅사업` 성황리에 종...,2023.12.14.,https://www.dt.co.kr/contents.html?article_no=2023121402109954062001&ref=naver,kookmin_media,,긍정,0.8689577579498291
[국민대] AI 융합으로 대학창업 선도… '미래모빌리티학과' 특성화,2023.12.14.,http://www.kyosu.net/news/articleView.html?idxno=113598,kookmin_media,,긍정,0.9847363829612732
"국민대, 두바이 유엔기후변화협약 총회서 '글로벌 기후인재 양성' 주제...",2023.12.14.,https://www.onews.tv/news/articleView.html?idxno=191422,kookmin_media,ESG 비교과 프로그램 개발 및 운영,긍정,0.9344173073768616
"국민대, 영림임업과 상호협력협약 MOU 체결",2023.12.13.,http://www.newsis.com/view/?id=NISX20231213_0002556767&cID=10201&pID=10200,kookmin_media,,긍정,0.9523453116416932
"국민대, 유엔기후변화협약 총회서 '글로벌 기후인재양성' 주제로 부대행...",2023.12.13.,https://www.dailysmart.co.kr/news/articleView.html?idxno=81071,kookmin_media,ESG 비교과 프로그램 개발 및 운영,긍정,0.945384681224823
"국민대, 유엔기후변화협약 총회 부대행사 개최... 글로벌 기후인재 양성...",2023.12.13.,https://www.thekpm.com/news/articleView.html?idxno=184081,kookmin_media,ESG 비교과 프로그램 개발 및 운영,긍정,0.943663477897644
"국민대, 유엔기후변화협약 총회서 부대행사 개최",2023.12.13.,http://www.m-i.kr/news/articleView.html?idxno=1075383,kookmin_media,"ESG 비교과 프로그램 개발 및 운영,ESG 관련 학생 동아리",긍정,0.876948893070221
국민대 유엔기후변화협약 총회 '글로벌 기후인재 양성' 주제 부대행사 ...,2023.12.13.,http://www.veritas-a.com/news/articleView.html?idxno=486708,kookmin_media,ESG 비교과 프로그램 개발 및 운영,긍정,0.917644739151001
"국민대-영림임업, 상호협력 MOU",2023.12.13.,https://www.viva100.com/main/view.php?key=20231213010003740,kookmin_media,지역사회 ESG 파트너십,긍정,0.9776803851127625
"국민대–영림임업, '실무능력 갖춘 인재 양성' 상호협력 MOU",2023.12.12.,https://www.onews.tv/news/articleView.html?idxno=191239,kookmin_media,,긍정,0.9238698482513428
"국민대·영림임업, 상호협력 협약 체결",2023.12.12.,http://www.m-i.kr/news/articleView.html?idxno=1074980,kookmin_media,지역사회 ESG 파트너십,긍정,0.9066542387008668
"국민대 – 영림임업(주), 상호협력협약 MOU 체결",2023.12.12.,https://news.unn.net/news/articleView.html?idxno=556688,kookmin_media,,긍정,0.9598557949066162
국민대학교·영림임업(주) 상호협력협약 MOU 체결,2023.12.12.,https://www.thekpm.com/news/articleView.html?idxno=183965,kookmin_media,,긍정,0.9541188478469848
국민대 – 영림임업 상호협력협약 MOU 체결,2023.12.12.,http://www.veritas-a.com/news/articleView.html?idxno=486457,kookmin_media,,긍정,0.9594553112983704
"국민대 미래자동차 컨소시엄, 코드프레소와 업무협약",2023.12.11.,http://www.naeil.com/news_view/?id_art=482388,kookmin_media,,긍정,0.9128179550170898
국민대 2023 학과별 대입 준비 설명회.. 내달 23일,2023.12.07.,http://www.veritas-a.com/news/articleView.html?idxno=485430,kookmin_media,,긍정,0.9225453734397888
"김주은 국민대 교수, 산업통상자원부 장관상 수상",2023.12.07.,http://news.heraldcorp.com/view.php?ud=20231207000702,kookmin_media,,긍정,0.9455239176750184
"국민대학교 총학생회, 북악리그 성료",2023.12.07.,http://www.m-i.kr/news/articleView.html?idxno=1073690,kookmin_media,,긍정,0.977436363697052
국민대 바이오의약전공 김주은 교수 '2023 바이오산업인의 날' 산업통상...,2023.12.07.,http://www.veritas-a.com/news/articleView.html?idxno=485587,kookmin_media,,긍정,0.961647629737854
"국민대 김주은 교수, '2023년 바이오산업인의 날' 산업부 장관상 수상",2023.12.07.,https://www.onews.tv/news/articleView.html?idxno=190579,kookmin_media,,긍정,0.9503222703933716
국민대 총학생회 성황리에 북악리그 개최,2023.12.07.,http://www.veritas-a.com/news/articleView.html?idxno=485580,kookmin_media,,긍정,0.9788376092910768
"은평구ㆍ국민대, '2023 IR 사관학교 및 쇼케이스대회' 성료",2023.12.07.,https://www.businesskorea.co.kr/news/articleView.html?idxno=207261,kookmin_media,,긍정,0.950546383857727
"국민대 바이오의약전공 학부생, SCI급 국제학술지 논문 게재",2023.12.07.,https://view.asiae.co.kr/article/2023120710445910535,kookmin_media,,긍정,0.9787865877151488
"은평구·국민대, ‘2023 IR 사관학교 및 쇼케이스대회’ 성황리에 개최",2023.12.07.,http://news.heraldcorp.com/view.php?ud=20231207000252,kookmin_media,,긍정,0.9221665859222412
"국민대 바이오의약전공 이채연ㆍ김지현 학부생, SCI급 국제학술지에 난...",2023.12.07.,https://www.etoday.co.kr/news/view/2309657,kookmin_media,,긍정,0.966405987739563
"국민대 총학생회, 북악리그 성황리 개최",2023.12.07.,https://www.dailysmart.co.kr/news/articleView.html?idxno=80763,kookmin_media,,긍정,0.9862441420555116
국민대 주관 '미래자동차 컨소시엄' 코드프레소와 MOU,2023.12.06.,http://www.m-i.kr/news/articleView.html?idxno=1073327,kookmin_media,,긍정,0.9045931696891784
국민대 주관 혁신융합대학 미래자동차 컨소시엄-코드프레소 MOU,2023.12.06.,https://www.viva100.com/main/view.php?key=20231206010001839,kookmin_media,,긍정,0.9657697081565856
"‘미래차 컨소시엄’ 주관 국민대, 코드프레소와 SW 인재양성 나선다",2023.12.06.,http://news.heraldcorp.com/view.php?ud=20231206000754,kookmin_media,,긍정,0.8886982202529907
"국민대 주관 미래자동차 컨소시엄, 코드프레소와 업무협약 체결",2023.12.06.,https://www.dt.co.kr/contents.html?article_no=2023120602109954039001&ref=naver,kookmin_media,,긍정,0.9312061071395874
"'아쿠아랩', 국민대학교와 질환별 수중재활 프로그램 개발",2023.12.06.,http://news.mt.co.kr/mtview.php?no=2023120616120826900,kookmin_media,,긍정,0.944550096988678
"국민대-인텔리빅스, 비전 AI 기술과 인력 교류 위한 MOU",2023.12.06.,https://view.asiae.co.kr/article/2023120615365125675,kookmin_media,,긍정,0.9343605041503906
"국민대 입주기업 ‘리디퍼’, 보드게임 활용한 문해력 교육 및 특허 출...",2023.12.06.,https://www.asiatoday.co.kr/view.php?key=20231206001454553,kookmin_media,,긍정,0.97707599401474
"﻿국민대 주관 미래자동차 컨소시엄, 코드프레소와 업무협약 체결",2023.12.06.,https://news.unn.net/news/articleView.html?idxno=556364,kookmin_media,,긍정,0.9326387643814088
"국민대, 인텔리빅스와 비전 AI 기술 및 인력 교류 위한 MOU 체결",2023.12.06.,http://www.kdpress.co.kr/news/articleView.html?idxno=124933,kookmin_media,,긍정,0.9553266763687134
"국민대학교 캠퍼스타운 사업단, '2023 전체 프로그램' 성료",2023.12.06.,https://www.nbntv.co.kr/news/articleView.html?idxno=3007011,kookmin_media,,긍정,0.9878095388412476
임성수 국민대 교수 '산업인의 날' 대통령 표창 수상,2023.12.06.,http://www.edaily.co.kr/news/newspath.asp?newsid=01810566635835896,kookmin_media,,긍정,0.9307048916816713
"인텔리빅스-국민대, 비전 AI 연구개발ㆍ인재 양성 위한 업무협약",2023.12.05.,http://fpn119.co.kr/208062,kookmin_media,,긍정,0.9533332586288452
"인텔리빅스, 국민대와 연구개발 및 인재양성 산학협력 MOU",2023.12.05.,http://news.mt.co.kr/mtview.php?no=2023120511051145444,kookmin_media,,긍정,0.9370021224021912
국민대 임성수 교수 'SW 산업인의 날' 대통령 표창,2023.12.05.,http://www.m-i.kr/news/articleView.html?idxno=1072913,kookmin_media,,긍정,0.9474506974220276
"인텔리빅스-국민대, 연구개발·인재양성 산학협력 MOU",2023.12.05.,https://www.aitimes.com/news/articleView.html?idxno=155659,kookmin_media,,긍정,0.9722184538841248
"인텔리빅스-국민대, 비전 AI 인재 양성에 ‘뜻모아’",2023.12.05.,https://www.hellot.net/news/article.html?no=84677,kookmin_media,,긍정,0.946633279323578
"인텔리빅스-국민대, 연구개발 및 인재양성 '맞손'",2023.12.05.,http://www.itdaily.kr/news/articleView.html?idxno=218595,kookmin_media,,긍정,0.9668704867362976
"인텔리빅스-국민대, 비전AI 공동연구·인재양성 협력",2023.12.05.,https://www.ddaily.co.kr/page/view/2023120510184934406,kookmin_media,,긍정,0.9798386096954346
"국민대-바이오크래프트, 공동연구 및 기업부설연구센터 설립 위한 MOU 체...",2023.12.05.,https://www.sedaily.com/NewsView/29YE6NC3DB,kookmin_media,,긍정,0.8767108917236328
박규철 국민대 교수가 한국동서철학회 제34대 차기회장에 선임됐다.,2023.12.05.,http://www.kyosu.net/news/articleView.html?idxno=113105,kookmin_media,,긍정,0.9464359283447266
"국민대, 학생 눈높이에서 준비하는 진로 취업 행사 '커리어 데이' 개최",2023.12.04.,http://www.veritas-a.com/news/articleView.html?idxno=484822,kookmin_media,,긍정,0.8414395451545715
[JOB인터뷰] 국민대 교내 창업기업 '필트럼'‧'플레이매치'를 만나다,2023.12.04.,http://www.sisunnews.co.kr/news/articleView.html?idxno=204031,kookmin_media,폐기물 배출,긍정,0.972789704799652
"국민대 임성수 교수, ‘SW 산업인의 날’ 대통령 표창 수상",2023.12.04.,https://www.joongang.co.kr/article/25212150,kookmin_media,,긍정,0.9521318078041076
국민대 임성수 교수 ‘SW 산업인의 날’ 대통령 표창,2023.12.04.,http://www.newsis.com/view/?id=NISX20231204_0002544394&cID=10201&pID=10200,kookmin_media,,긍정,0.9416124820709229
"국민대학교 임성수 교수, SW 산업인의 날 대통령 표창 수상",2023.12.01.,https://www.onews.tv/news/articleView.html?idxno=189913,kookmin_media,,긍정,0.9276465773582458
"임성수 국민대 소프트웨어전공 교수, 'SW 산업인의 날' 대통령 표창 수...",2023.12.01.,https://www.dailysmart.co.kr/news/articleView.html?idxno=80561,kookmin_media,,긍정,0.9225903153419496
"임현택 국민대 특임교수 “인천해저상도시, 세계적 첨단기술-입지 여건...",2023.12.01.,http://www.breaknews.com/1001887,kookmin_media,,긍정,0.9515259265899658
"국민대 심포닉 윈드 오케스트라, '제22회 정기 연주회' 개최",2023.12.01.,https://www.news1.kr/articles/5248687,kookmin_media,,긍정,0.9590548276901244
국민대 심포닉 윈드 오케스트라 제22회 정기 연주회 개최,2023.12.01.,https://www.donga.com/news/Culture/article/all/20231201/122439638/1,kookmin_media,,긍정,0.9632609486579896
[단독] [2025대입] 반수 어려운 대학은? '시립대 숙대 국민대 숭실대 세...,2024.01.31.,http://www.veritas-a.com/news/articleView.html?idxno=492813,kookmin_media,,긍정,0.6060084700584412
"에어딥, 국민대학교 냉난방 제어 시스템 수주",2024.01.31.,http://www.newsprime.co.kr/news/article.html?no=626670,kookmin_media,,긍정,0.9793758988380432
"국민대, 용평배 FIS FEC 알파인 국제스키대회 후원 나서",2024.01.31.,https://www.hankookilbo.com/News/Read/A2024013110150001135?did=NA,kookmin_media,,긍정,0.968606412410736
"국민대, '용평배 FIS FEC 알파인 국제스키대회' 후원",2024.01.31.,https://www.viva100.com/main/view.php?key=20240131010010143,kookmin_media,,긍정,0.9544233083724976
"국민대, 용평배 알파인 국제스키대회 후원",2024.01.30.,http://www.edaily.co.kr/news/newspath.asp?newsid=03339046638762968,kookmin_media,,긍정,0.9395965337753296
"국민대 용평배 극동컵 스키대회, 2월 1∼2일 용평서 개최",2024.01.30.,https://www.yna.co.kr/view/AKR20240130055200007?input=1195m,kookmin_media,,긍정,0.7988971471786499
경북IT기술원·대신테크젠·국민대 ‘유로스타3’ 따냈다,2024.01.29.,http://www.newsis.com/view/?id=NISX20240129_0002608783&cID=10810&pID=10800,kookmin_media,지역사회 ESG 파트너십,긍정,0.9296486377716064
"경산시 ㈜대신테크젠ㆍ국민대학교 컨소시엄, ‘유로스타3’ 사업에 선정",2024.01.29.,https://www.dnews.co.kr/uhtml/view.jsp?idxno=202401291321554970655,kookmin_media,,긍정,0.9318064451217652
"해건협·국민대·중앙대, '해외건설 투자개발 인력' 양성",2024.01.29.,http://www.meconomynews.com/news/articleView.html?idxno=86765,kookmin_media,,긍정,0.9376665949821472
"국민대 만주연구소, 드라마 '연인' 관련 학술대회 개최",2024.01.25.,https://imnews.imbc.com/replay/2024/nwtoday/article/6565584_36523.html,kookmin_media,,긍정,0.8717973232269287
"국민대 만주연구소, MBC 드라마 ""연인"" 관련 학술대회 개최",2024.01.24.,https://imnews.imbc.com/news/2024/culture/article/6565362_36459.html,kookmin_media,,긍정,0.854562520980835
"국민대, CES 2024 서울통합관 대학생 서포터즈 활동",2024.01.24.,https://view.asiae.co.kr/article/2024012413143050784,kookmin_media,,긍정,0.9067164659500122
"국민대, 'CES 2024 서울통합관 대학생 서포터즈' 활동 마쳐",2024.01.24.,https://www.businesskorea.co.kr/news/articleView.html?idxno=210074,kookmin_media,,긍정,0.8888351321220398
"국민대, '만주연구소 창립기념 학술대회' 개최",2024.01.23.,http://www.newsis.com/view/?id=NISX20240123_0002601224&cID=10201&pID=10200,kookmin_media,,긍정,0.957150399684906
"국민대, 만주연구소 창립기념 학술대회 개최",2024.01.23.,http://www.m-i.kr/news/articleView.html?idxno=1086772,kookmin_media,,긍정,0.9290591478347778
"드라마 '연인'으로 보는 조선과 만주 국민대, 만주연구소 창립기념 학술...",2024.01.23.,http://www.kyosu.net/news/articleView.html?idxno=115168,kookmin_media,,긍정,0.9724554419517516
국민대 만주연구소 창립 학술대회…드라마 '연인'으로 보는 만주,2024.01.23.,https://www.news1.kr/articles/5298449,kookmin_media,,긍정,0.9437636137008668
[단신] 중앙대-국민대에 투자개발사업 프로그램,2024.01.23.,https://www.donga.com/news/Economy/article/all/20240122/123176908/1,kookmin_media,,긍정,0.8772364854812622
"국민대 만주연구소, 창립기념 학술대회 '오랑캐'의 탄생 : 드라마 연인으...",2024.01.22.,https://www.onews.tv/news/articleView.html?idxno=195401,kookmin_media,,긍정,0.9347944259643556
"국민대 만주연구소, '창립기념 학술대회' 개최",2024.01.22.,https://www.viva100.com/main/view.php?key=20240122010007078,kookmin_media,,긍정,0.8776889443397522
"해건협, 국민대·중앙대와 해외건설 투자개발 인력 양성",2024.01.22.,https://www.ebn.co.kr/news/view/1609767/?sc=Naver,kookmin_media,,긍정,0.9722399711608888
국민대 만주연구소 창립기념 학술대회 개최,2024.01.22.,http://www.veritas-a.com/news/articleView.html?idxno=491886,kookmin_media,,긍정,0.9721931219100952
"해건협, 국민대‧중앙대와 해외건설 인력 양성 나선다",2024.01.22.,http://www.smedaily.co.kr/news/articleView.html?idxno=279676,kookmin_media,,긍정,0.9557498693466188
"해외건설협회, 국민대·중앙대와 해외건설 투자개발사업 협약체결",2024.01.22.,http://www.wolyo.co.kr/news/articleView.html?idxno=235142,kookmin_media,,긍정,0.9490405917167664
"해외건설협회, 국민대‧중앙대와 해외건설 투자개발사업 협약 체결",2024.01.22.,https://www.ajunews.com/view/20240122140752180,kookmin_media,,긍정,0.952742040157318
"해건協, 국민대·중앙대와 해외건설 투자개발사업 인력 양성",2024.01.22.,https://www.bizwork.co.kr/news/articleView.html?idxno=244834,kookmin_media,,긍정,0.8990423083305359
"국민대·중앙대, 해외건설 투자개발사업 특성화대 양성",2024.01.22.,https://www.newspim.com/news/view/20240122000314,kookmin_media,,긍정,0.9359737634658812
"해외건설협회-중앙대-국민대, 해외건설 투자개발사업 특성화대 협약",2024.01.22.,https://www.fetv.co.kr/news/article.html?no=157471,kookmin_media,,긍정,0.9421998858451844
"해외건설협회-국민대-중앙대, PPP 정부지원사업 실시협약 체결",2024.01.22.,https://www.dnews.co.kr/uhtml/view.jsp?idxno=202401221002151760517,kookmin_media,,긍정,0.9419562220573424
"해건협, 투자개발사업 특성화대학 국민대·중앙대와 협약",2024.01.22.,http://www.newsis.com/view/?id=NISX20240122_0002600142&cID=10401&pID=10400,kookmin_media,,긍정,0.924166977405548
"광주시·국민대, 초거대 AI 모빌리티 생태계 조성 협약 '맞손'",2024.01.17.,http://www.seoulfn.com/news/articleView.html?idxno=507882,kookmin_media,,긍정,0.9742180705070496
"광주시, 자동차 특화 국민대와 '인공지능 모빌리티 생태계 조성' 업무협...",2024.01.17.,http://www.newsmaker.or.kr/news/articleView.html?idxno=148108,kookmin_media,캠퍼스 차량,긍정,0.6206522583961487
"광주시·국민대, 기업과 시민에게 도움되는 AI 모빌리티 실증도시 구축",2024.01.17.,https://www.smartfn.co.kr/article/view/sfn202401170056,kookmin_media,,긍정,0.9691707491874696
"광주시, 자동차 특화 국민대와 손잡고 인공지능 모빌리티 실증도시 모델...",2024.01.17.,http://www.boannews.com/media/view.asp?idx=125803&kind=,kookmin_media,,긍정,0.9010367393493652
"광주시, 자동차 특화 국민대와 인공지능(AI) 모빌리티 실증도시 모델 구...",2024.01.17.,https://www.asiatoday.co.kr/view.php?key=20240117010010623,kookmin_media,,긍정,0.8991608619689941
광주시 '자동차특화AI 모빌리티 실증도시 모델 구축' 국민대와 협약,2024.01.17.,http://www.sentv.co.kr/news/view/677288,kookmin_media,,긍정,0.9424049854278564
"광주광역시-국민대, AI 모빌리티 실증도시 구축 '맞손'",2024.01.17.,https://www.moneys.co.kr/article/2024011709132859130,kookmin_media,,긍정,0.980294704437256
"광주시, 국민대와 손잡고~인공지능(AI) 모빌리티 실증도시 모델 구축 나...",2024.01.17.,https://www.wikitree.co.kr/articles/919057,kookmin_media,,긍정,0.8369532227516174
"광주광역시, 국민대와 손잡고 '인공지능(AI) 모빌리티 실증도시 모델' 구...",2024.01.16.,https://daily.hankooki.com/news/articleView.html?idxno=1042085,kookmin_media,,긍정,0.9050289392471312
"광주광역시, 국민대와 인공지능(AI) 모빌리티 실증도시 모델 구축",2024.01.16.,http://www.startuptoday.co.kr/news/articleView.html?idxno=166407,kookmin_media,,긍정,0.92374187707901
"광주시·국민대, 미래차 실증도시 구축",2024.01.16.,http://www.kwangju.co.kr/article.php?aid=1705400400763219004,kookmin_media,,긍정,0.8530575633049011
"광주광역시, 자동차 특화 국민대와 손잡았다'융합인재 양성, 창업·연구...",2024.01.16.,https://www.dailysportshankook.co.kr/news/articleView.html?idxno=319164,kookmin_media,,긍정,0.9582827687263488
"광주시-국민대, AI 모빌리티 실증도시 모델 구축 협약",2024.01.16.,https://www.news1.kr/articles/5292171,kookmin_media,,긍정,0.94364333152771
"광주광역시, 국민대와 손잡고 AI 모빌리티 실증도시 모델 구축한다",2024.01.16.,http://www.fnnews.com/news/202401161724192682,kookmin_media,,긍정,0.915338695049286
"광주시, '자동차 특화' 국민대와 AI 모빌리티 실증도시 모델 구축 '맞손...",2024.01.16.,https://www.nocutnews.co.kr/news/6080009,kookmin_media,,긍정,0.8982937932014465
"[사랑방] 국민대, 수험생·학부모 함께 참여할 수 있는 감성 이벤트 마...",2024.01.16.,https://www.joongang.co.kr/article/25222335,kookmin_media,,긍정,0.8453391194343567
"광주광역시-자동차 특화 국민대, 인공지능(AI) 모빌리티 실증도시 모델...",2024.01.16.,https://www.cnbnews.com/news/article.html?no=638929,kookmin_media,,긍정,0.8885749578475952
"국민대, 광주에 ‘초거대 AI 모빌리티 연구소’ 설립",2024.01.16.,https://news.kbs.co.kr/news/pc/view/view.do?ncd=7867421&ref=A,kookmin_media,,긍정,0.9289865493774414
"광주시, 국민대와 인공지능 모빌리티 실증도시 모델 구축",2024.01.16.,https://www.gukjenews.com/news/articleView.html?idxno=2901602,kookmin_media,,긍정,0.9317035675048828
"광주광역시, 자동차특화 국민대와 모빌리티 분야 상호 협력",2024.01.16.,https://www.newscj.com/news/articleView.html?idxno=3100513,kookmin_media,,긍정,0.8960140347480774
광주시·국민대 '인공지능 모빌리티 연구소' 설립 협약,2024.01.16.,http://www.newsis.com/view/?id=NISX20240116_0002594309&cID=10201&pID=10200,kookmin_media,,긍정,0.8625063300132751
"광주시, 국민대와 인공지능(AI) 모빌리티 생태계 조성",2024.01.16.,https://www.aitimes.com/news/articleView.html?idxno=156559,kookmin_media,,긍정,0.9321768283843994
"광주시, 자동차 특화 국민대와 손잡고 '인공지능(AI) 모빌리티 실증도시...",2024.01.16.,http://www.newsworker.co.kr/news/articleView.html?idxno=315440,kookmin_media,,긍정,0.911368727684021
"광주시-국민대, 인공지능 미래차 실증도시 구축 맞손",2024.01.16.,https://www.yna.co.kr/view/AKR20240116129300054?input=1195m,kookmin_media,,긍정,0.9425849318504332
"광주시, 자동차 특화 국민대와 손잡고 인공지능(AI) 모빌리티 실증도시...",2024.01.16.,https://www.viva100.com/main/view.php?key=20240116010005293,kookmin_media,,긍정,0.871449887752533
"광주시-국민대, 초거대 AI 모빌리티 실증도시 모델 조성' 업무협약 체결",2024.01.16.,https://www.etnews.com/20240116000289,kookmin_media,,긍정,0.9416563510894777
"광주광역시, 자동차 특화 국민대와 인공지능(AI) 모빌리티 실증도시 모...",2024.01.16.,https://www.siminilbo.co.kr/news/newsview.php?ncode=1160291591160048,kookmin_media,,긍정,0.8085774779319763
"광주시, 국민대와 인공지능(AI) 모빌리티 조성 업무협약 체결",2024.01.16.,http://www.enewstoday.co.kr/news/articleView.html?idxno=2079863,kookmin_media,,긍정,0.9147074222564696
"우신구 의원, 국민대 '자랑스런 국민인의 상' 수상…""소외계층 돌볼 것...",2024.01.12.,https://www.asiatoday.co.kr/view.php?key=20240112010007702,kookmin_media,,긍정,0.9385159015655518
"우신구 의원, 2024년 국민대'자랑스런 국민인의 상'수상",2024.01.11.,https://www.gukjenews.com/news/articleView.html?idxno=2898049,kookmin_media,,긍정,0.9521514177322388
"우신구, 국민대 '자랑스런 국민인의 상' 수상",2024.01.10.,http://www.joongboo.com/news/articleView.html?idxno=363630101,kookmin_media,,긍정,0.9540227055549622
"국민대 총동문회, 2024년 ‘자랑스런 국민인의 상’ 수상자에 우신구 국...",2024.01.10.,http://sports.khan.co.kr/news/sk_index.html?art_id=202401101302003&sec_id=560101&pt=nv,kookmin_media,,긍정,0.9146038889884948
"국민대총동문회, '2024 자랑스러운 국민의 상' 수상자 선정",2024.01.10.,https://www.viva100.com/main/view.php?key=20240110010003260,kookmin_media,,긍정,0.92509788274765
"국민대 총동문회, 우신구 의원 등 '2024년 자랑스런 국민인의 상' 수상자...",2024.01.10.,http://www.thepowernews.co.kr/news/articleView.html?idxno=131309,kookmin_media,,긍정,0.9644930362701416
"국민대 도영락 교수 연구팀, 무기발광 디스플레이 기술 개발…GaN dot-LED...",2024.01.10.,https://www.mk.co.kr/article/10917640,kookmin_media,,긍정,0.753104031085968
"국민대 도영락 교수 연구팀, 무기발광 디스플레이 'GaN dot-LED' 개발",2024.01.09.,https://www.thekpm.com/news/articleView.html?idxno=186897,kookmin_media,,긍정,0.9094873070716858
"국민대 도영락 교수 연구팀, 무기발광 디스플레이 기술에 혁신! GaN dot-L...",2024.01.09.,http://edu.donga.com/?p=article&ps=view&at_no=20240109105401259262,kookmin_media,,긍정,0.9745764136314392
"국민대, 차세대 무기발광 디스플레이 원천기술 개발",2024.01.09.,https://www.ekn.kr/web/view.php?key=20240108010002295,kookmin_media,,긍정,0.7303085923194885
"국민대 도영락 교수팀, GaN 기반 dot-LED 디스플레이 기술 개발",2024.01.09.,https://www.viva100.com/main/view.php?key=20240109010002657,kookmin_media,,긍정,0.9805429577827454
국민대 화학과 도영락 교수 연구팀 GaN 기반 dot-LED 디스플레이 기술 개...,2024.01.08.,http://www.veritas-a.com/news/articleView.html?idxno=490514,kookmin_media,,긍정,0.9052767157554626
"국민대 도영락 교수 연구팀, 초박형 dot-LED 분리 기술 개발",2024.01.08.,https://www.onews.tv/news/articleView.html?idxno=194031,kookmin_media,,긍정,0.9310733675956726
"도영락 국민대 화학과 교수 연구팀, GaN 기반 dot-LED 개발",2024.01.08.,https://www.dailysmart.co.kr/news/articleView.html?idxno=81988,kookmin_media,,긍정,0.948161005973816
[온라인 라운지]국민대 산학협력단-동아일보 미래연 MOU 체결,2024.01.05.,https://www.donga.com/news/Society/article/all/20240105/122918609/1,kookmin_media,지역사회 ESG 파트너십,긍정,0.8482913970947266
2024년 국민대학교 캠퍼스타운 입주기업 모집 창업경진대회 실시,2024.01.05.,https://www.news1.kr/articles/5281011,kookmin_media,,긍정,0.9070164561271667
"국민대, 랜섬웨어 '리시다' 복구 도구 세계 최초 개발·배포",2024.01.01.,https://www.news1.kr/articles/5277148,kookmin_media,,긍정,0.9178102016448976
"문경시, 김의진 전 국민대학교 교수 초청 특강 개최",2024.02.29.,https://www.idaegu.co.kr/news/articleView.html?idxno=451746,kookmin_media,,긍정,0.9515872597694396
"국민대학교, 미래 모빌리티는 국민대 주도… 미래 자동차 컨소시엄 손에",2024.02.28.,https://www.donga.com/news/Society/article/all/20240227/123714317/1,kookmin_media,,긍정,0.9522452354431152
"통일부, 국민대 ‘통일 교육사업’에 S등급 부여 | 4년 간 10억원 지원받...",2024.02.27.,http://monthly.chosun.com/client/mdaily/daily_view.asp?idx=19253&Newsnumb=20240219253,kookmin_media,,긍정,0.9832903146743774
"이마트24, '국민대학교생활협동조합 예술대점' 오픈...'쿱스켓' 100호점...",2024.02.27.,http://www.popcornnews.net/news/articleView.html?idxno=53870,kookmin_media,,긍정,0.973236322402954
"김병준 국민대 교수, 서울시장상 수상",2024.02.26.,https://www.etnews.com/20240226000142,kookmin_media,,긍정,0.9718850255012512
[전종철의 전격시사] 강윤희 교수(국민대 유라시아학과) - “우크라이나...,2024.02.26.,https://news.kbs.co.kr/news/pc/view/view.do?ncd=7898884&ref=A,kookmin_media,,긍정,0.9258106350898744
"국민대, 혁신융합대학 미래자동차 컨소시엄... 가상환경 기반 자율주행...",2024.02.26.,https://www.pointdaily.co.kr/news/articleView.html?idxno=191615,kookmin_media,,긍정,0.9295466542243958
"국민대, 첨단분야 혁신융합대학 미래자동차 컨소시엄 가상환경 기반 자...",2024.02.25.,https://www.dailysmart.co.kr/news/articleView.html?idxno=83789,kookmin_media,,긍정,0.941653609275818
"'레드카펫' 이효리 ""국민대 축사, 기세로 밀고 나갔다""",2024.02.23.,https://www.starnewskorea.com/stview.php?no=2024022319531652489,kookmin_media,,부정,0.6996517777442932
국민대 첨단분야 혁신융합대학 '가상환경 기반 자율주행 경진대회' 개최,2024.02.23.,http://www.veritas-a.com/news/articleView.html?idxno=495171,kookmin_media,,긍정,0.9324278831481934
"국민대 캠퍼스타운 사업단, '2024 스타트업 Scale-Up 토크콘서트' 참가자...",2024.02.23.,https://www.ajunews.com/view/20240223140443967,kookmin_media,취약계층 지원강화,긍정,0.8984112739562988
"국민대 캠퍼스타운 사업단, '2024년 국민대학교 캠퍼스타운 입주기업 모...",2024.02.22.,https://www.nbntv.co.kr/news/articleView.html?idxno=3011197,kookmin_media,,긍정,0.9009078741073608
"이효리, 국민대 후배들에게 하고픈 말... ""인생은 독고다이""",2024.02.18.,https://www.ggilbo.com/news/articleView.html?idxno=1015396,kookmin_media,,긍정,0.8673487901687622
"[바로이뉴스] ""인생 '독고다이', 마음 가는대로""…'국민대 선배' 이효리...",2024.02.16.,https://news.sbs.co.kr/news/endPage.do?news_id=N1007539373&plink=ORI&cooper=NAVER,kookmin_media,,긍정,0.9187813401222228
"치산기술협회·국민대, 산사태 통합관리 전문인력 양성·공동연구 '맞손...",2024.02.16.,http://www.paxetv.com/news/articleView.html?idxno=196737,kookmin_media,지역사회 ESG 파트너십,긍정,0.9281136989593506
"치산기술협회·국민대, 전문인력 양성 업무협약 체결",2024.02.16.,https://www.businesskorea.co.kr/news/articleView.html?idxno=211447,kookmin_media,지역사회 ESG 파트너십,긍정,0.9634569883346558
"국민대 플랫폼SME연구센터, '소상공인 성장 돕는 플랫폼 서비스와 디지...",2024.02.16.,https://www.etnews.com/20240216000201,kookmin_media,,긍정,0.907275378704071
"국민대 플랫폼SME연구센터, '소상공인 플랫폼·디지털전환 세미나'",2024.02.16.,https://www.news1.kr/articles/5323055,kookmin_media,,긍정,0.9506673812866212
"국민대, 2023학년도 전기 학위수여식 열려",2024.02.15.,http://www.newsis.com/view/?id=NISX20240215_0002627119&cID=10201&pID=10200,kookmin_media,,긍정,0.9697821736335754
"""귀담아 듣지 말라""던 이효리 국민대 졸업축사, 전문을 읽어보니",2024.02.15.,https://view.asiae.co.kr/article/2024021510254271266,kookmin_media,,긍정,0.9038179516792296
"이효리 ""인생은 독고다이"" 국민대 졸업식서 파격 축사 선보여 '화제'",2024.02.15.,https://www.megaeconomy.co.kr/news/newsview.php?ncode=1065566756047079,kookmin_media,,긍정,0.8420889377593994
"‘국민대 연영과 98학번’ 이효리, ‘인생 독고다이’ 축사에 음이탈도...",2024.02.15.,https://www.newsen.com/news_view.php?uid=202402150750045510,kookmin_media,,긍정,0.7752771377563477
"[녹취구성] 국민대 축사 이효리 ""마음 가는대로 사십시오""",2024.02.15.,http://www.yonhapnewstv.co.kr/MYH20240215003500641/?input=1825m,kookmin_media,,긍정,0.6138642430305481
"[뉴스1 ★]‘인생은 독고다이’ 이효리, 국민대 발칵 뒤집어 놓은…치티...",2024.02.15.,https://www.news1.kr/articles/5320980,kookmin_media,,긍정,0.7151318788528442
"이효리, 국민대 졸업식 축사 “마음 가는 대로 하라”",2024.02.15.,https://www.kmib.co.kr/article/view.asp?arcid=0924344025&code=13180000&cp=nv,kookmin_media,,긍정,0.9300051927566528
"국민대 후배 앞에 선 이효리 “인생 ‘독고다이’, 자신만의 이야기 만...",2024.02.14.,http://www.segye.com/newsView/20240214512874?OutUrl=naver,kookmin_media,,긍정,0.8775451183319092
가장 이효리다웠던 국민대 졸업식 축사.txt,2024.02.14.,http://www.elle.co.kr/article/84287,kookmin_media,,긍정,0.9807887673377992
국민대 98학번 이효리 모교 졸업식서 부른 축가는?,2024.02.14.,https://www.ekn.kr/web/view.php?key=20240214025557951,kookmin_media,,긍정,0.9730993509292604
"[포토] 이효리, 국민대 졸업식 축하 공연",2024.02.14.,https://www.hankyung.com/article/2024021439181,kookmin_media,,긍정,0.9191655516624452
"""남 믿지 말고, 몸소 체득한 것만 진짜"" ... 이효리, 국민대 졸업 축사 ...",2024.02.14.,http://www.chemicalnews.co.kr/news/articleView.html?idxno=8549,kookmin_media,,긍정,0.9392411708831788
"[포토] 모교 국민대 졸업식 나타난 이효리 ""인생은 독고다이"" 축사",2024.02.14.,http://www.newskr.kr/news/articleView.html?idxno=94668,kookmin_media,,긍정,0.7978782057762146
"이효리 국민대 졸업식 축사 화제 ""마음 가는 대로""",2024.02.14.,http://www.starnewsk.com/news/articleView.html?idxno=40184,kookmin_media,,긍정,0.8100037574768066
"[포토] 국민대 학위수여식 ""와 졸업이다""",2024.02.14.,https://www.newdaily.co.kr/site/data/html/2024/02/14/2024021400403.html,kookmin_media,,긍정,0.629341185092926
국민대 방문한 이효리의 졸업식 축하 공연곡은? | 마리끌레르,2024.02.14.,https://www.marieclairekorea.com/celebrity/2024/02/leehyolee-kookminuniv/?utm_source=naver&utm_medium=partnership,kookmin_media,,긍정,0.9546695947647096
"국민대 졸업식 축사 이효리 ""자신만의 이야기 만들어가라""",2024.02.14.,http://www.yonhapnewstv.co.kr/MYH20240214014200641/?input=1825m,kookmin_media,,긍정,0.9403850436210632
"이효리 국민대 졸업축사 ""맘가는 대로 살라""",2024.02.14.,https://www.mk.co.kr/article/10942630,kookmin_media,,긍정,0.9584291577339172
"국민대 98학번 이효리, 후배들 앞에서 ""마음 가는 대로 하라"" 조언",2024.02.14.,http://www.edaily.co.kr/news/newspath.asp?newsid=03765446638790520,kookmin_media,,긍정,0.9327887296676636
"국민대, 2023학년도 전기 학위수여식 개최",2024.02.14.,https://view.asiae.co.kr/article/2024021416553224621,kookmin_media,,긍정,0.9779736399650574
"98학번 이효리, 국민대 축사",2024.02.14.,http://www.newsis.com/view/?id=NISI20240214_0020230908,kookmin_media,,긍정,0.8687727451324463
"국민대, 2023학년도 전기 학위수여식 개최... 이효리, ""자신만의 이야기...",2024.02.14.,https://www.pointdaily.co.kr/news/articleView.html?idxno=190484,kookmin_media,,긍정,0.9556570053100586
"이효리, 국민대 학위수여식에서 ""자신만의 이야기 써 나가라"" 격려",2024.02.14.,https://news.unn.net/news/articleView.html?idxno=559502,kookmin_media,,긍정,0.9401408433914183
"가수 이효리, 국민대 학위수여식 축사.. ""자신만의 이야기 써 나가길"" 후...",2024.02.14.,https://www.straightnews.co.kr/news/articleView.html?idxno=244958,kookmin_media,,긍정,0.9677643179893494
국민대 2023학년도 전기 학위수여식 개최,2024.02.14.,http://www.veritas-a.com/news/articleView.html?idxno=493968,kookmin_media,,긍정,0.9662644267082214
"이효리 “인생은 독고다이, 위안 받으려 하지 마세요”...모교 국민대서...",2024.02.14.,https://www.mk.co.kr/article/10942430,kookmin_media,,긍정,0.969051718711853
"'98학번' 이효리, 모교 국민대 축사 ""잡다한 소리에 흔들리지 마세요""",2024.02.14.,http://starin.edaily.co.kr/news/newspath.asp?newsid=01282486638790520,kookmin_media,,긍정,0.7944713234901428
"국민대 98학번 이효리 ""진짜 자신만의 이야기를 만들어가라"" 졸업식 축...",2024.02.14.,https://www.kwnews.co.kr/page/view/2024021414321120904,kookmin_media,,긍정,0.9308291673660278
"“인생은 ‘독고다이’ 자기 갈 길 가면 돼”… 이효리, 국민대 축사",2024.02.14.,https://www.kmib.co.kr/article/view.asp?arcid=0019163156&code=61121111&cp=nv,kookmin_media,,긍정,0.9149383902549744
"국민대 졸업식 축사한 이효리 ""아무도 믿지 말라, 인생은 독고다이""",2024.02.14.,https://www.busan.com/view/busan/view.php?code=2024021414564723129,kookmin_media,,긍정,0.9122194647789
"이효리 국민대 후배 앞에서 ""그냥 마음 가는대로 하라""",2024.02.14.,https://news.tvchosun.com/site/data/html_dir/2024/02/14/2024021490102.html,kookmin_media,,긍정,0.9739959239959716
"국민대 뜬 '98학번' 이효리… ""인생은 독고다이""",2024.02.14.,https://www.moneys.co.kr/article/2024021414452812916,kookmin_media,,긍정,0.8679437637329102
"이효리, 모교 국민대 축사... ""인생 '독고다이', 마음 가는 데로 해라""",2024.02.14.,http://www.hansbiz.co.kr/news/articleView.html?idxno=680576,kookmin_media,,긍정,0.6636084914207458
"이효리, 모교 국민대 축사...""자신만의 이야기 만들길""",2024.02.14.,https://www.ytn.co.kr/_ln/0106_202402141448581031,kookmin_media,,긍정,0.947778344154358
"이효리 ""마음 가는 대로 하라""...국민대 졸업식 축사 '화제'",2024.02.14.,http://mbn.mk.co.kr/pages/news/newsView.php?category=mbn00009&news_seq_no=5002869,kookmin_media,,긍정,0.8738718032836914
"""맘대로 살아라, 인생은 독고다이"" 이효리의 국민대 축사",2024.02.14.,http://www.goodkyung.com/news/articleView.html?idxno=229196,kookmin_media,,긍정,0.9034192562103271
"“인생은 독고다이, 마음 가는 대로 살아라”…국민대 98학번 이효리의...",2024.02.14.,https://www.etoday.co.kr/news/view/2330809,kookmin_media,,긍정,0.9498881101608276
"이효리, 국민대 축사서 ""인생은 혼자, 마음 가는대로 하라"" 조언",2024.02.14.,https://www.gukjenews.com/news/articleView.html?idxno=2921305,kookmin_media,,긍정,0.922578752040863
"[슬라이드 포토] ""아무도 믿지마""...이효리, 국민대 학위수여식서 '선배...",2024.02.14.,https://www.ajunews.com/view/20240214133247907,kookmin_media,,긍정,0.7536982893943787
"이효리의 국민대 졸업식 축사 “아무도 믿지말라, 인생은 독고다이”",2024.02.14.,https://www.chosun.com/national/people/2024/02/14/QBA4OYBRNZEUBNRSBY7OUERVYE/?utm_source=naver&utm_medium=referral&utm_campaign=naver-news,kookmin_media,,긍정,0.8168195486068726
"이효리, 모교 국민대 졸업식 축사 ""마음 가는대로 하라"" [뉴시스Pic]",2024.02.14.,http://www.newsis.com/view/?id=NISX20240214_0002626217&cID=10601&pID=10600,kookmin_media,,긍정,0.9004427790641785
"“남의 말 듣지 마, 마음가는대로 살아라”…이효리 축사에 국민대 ‘들...",2024.02.14.,http://www.segye.com/newsView/20240214509228?OutUrl=naver,kookmin_media,,긍정,0.8725117444992065
졸업식사 하는 정승렬 국민대 총장,2024.02.14.,https://www.news1.kr/photos/view/?6480560,kookmin_media,,긍정,0.7619549632072449
"이효리, ‘모교’ 국민대 축사…“마음 가는대로 살길”",2024.02.14.,https://www.sportsworldi.com/newsView/20240214509177,kookmin_media,,긍정,0.8988352417945862
국민대 축사한 이효리 “인생 ‘독고다이’… 마음 가는 대로 하길”,2024.02.14.,https://biz.chosun.com/topics/topics_social/2024/02/14/Y4QWYQ5KOJELZFDYSSJH4EJJMA/?utm_source=naver&utm_medium=original&utm_campaign=biz,kookmin_media,,긍정,0.8133511543273926
"""'인생 독고다이'...마음 가는 대로 하길"" 국민대 후배에게 진심 어린 축...",2024.02.14.,https://www.insight.co.kr/news/461940,kookmin_media,,긍정,0.8543822765350342
국민대 졸업식 휩쓸고 간 98학번 이효리...'꼰대' 아닌 '인생 선배'였다,2024.02.14.,https://www.mhnse.com/news/articleView.html?idxno=253955,kookmin_media,,긍정,0.8664028644561768
"[E포토] 이효리, '국민대의 슈퍼스타'",2024.02.14.,https://ent.sbs.co.kr/news/article.do?article_id=E10010284070&plink=ORI&cooper=NAVER,kookmin_media,,부정,0.900888979434967
"이효리 ""마음 가는 대로 살아라""…국민대 졸업식서 후배들에 조언",2024.02.14.,http://news.mt.co.kr/mtview.php?no=2024021411142848382,kookmin_media,,긍정,0.8740336894989014
"이효리, 모교 국민대 졸업식 축사 ""마음 가는대로 해라""",2024.02.14.,https://news.jtbc.co.kr/article/article.aspx?news_id=NB12165290,kookmin_media,,긍정,0.8404780626296997
"[POP이슈]이효리, 모교 국민대 졸업식 축사도 이효리스럽게 ""인생은 독고...",2024.02.14.,http://biz.heraldcorp.com/view.php?ud=202402141223560222677_1,kookmin_media,,긍정,0.6789143085479736
[포토] '더 넓은 세계로'… 학위수여식 열린 국민대학교,2024.02.14.,http://www.segye.com/newsView/20240214508697?OutUrl=naver,kookmin_media,,긍정,0.7556129693984985
"국민대 졸업식에 나타난 이효리, 후배들에게 한 말은? [현장영상]",2024.02.14.,https://news.kbs.co.kr/news/pc/view/view.do?ncd=7889715&ref=A,kookmin_media,,긍정,0.9483601450920104
"이효리, 국민대 졸업 축사 ""따뜻한 마음으로 바라보고 응원하겠다""",2024.02.14.,https://www.foodneconomy.com/news/articleView.html?idxno=356135,kookmin_media,,긍정,0.9270169734954834
"""마음의 소리 귀 기울이길"" 이효리, 뜨거운 박수 받은 국민대 축사·라이...",2024.02.14.,https://www.sedaily.com/NewsView/2D5CUQRN21,kookmin_media,,긍정,0.9392690062522888
"국민대 축사 나선 이효리 ""마음 가는 대로 하라…인생은 독고다이""",2024.02.14.,https://www.imaeil.com/page/view/2024021412301738992,kookmin_media,,긍정,0.9339436292648317
국민대 학위수여식 축사하는 '슈퍼스타' 이효리,2024.02.14.,https://www.newspim.com/news/view/20240214000587,kookmin_media,,긍정,0.7243959903717041
이효리 국민대 후배들 앞에서 축하공연',2024.02.14.,https://www.newspim.com/news/view/20240214000577,kookmin_media,,긍정,0.77162104845047
축하공연 선보이는 '국민대 98학번' 이효리,2024.02.14.,https://www.newspim.com/news/view/20240214000580,kookmin_media,,긍정,0.7538765668869019
이효리 '국민대 학위수여식 축사',2024.02.14.,https://www.newspim.com/news/view/20240214000586,kookmin_media,,긍정,0.741135835647583
축사하는 '국민대 98학번' 이효리,2024.02.14.,https://www.newspim.com/news/view/20240214000582,kookmin_media,,긍정,0.7454070448875427
국민대 학위수여식 참석한 이효리,2024.02.14.,https://www.newspim.com/news/view/20240214000584,kookmin_media,,긍정,0.7508875131607056
졸업식사하는 정승렬 국민대 총장,2024.02.14.,https://www.newspim.com/news/view/20240214000583,kookmin_media,,긍정,0.7259694933891296
국민대 학위수여식 찾은 이효리,2024.02.14.,https://www.newspim.com/news/view/20240214000581,kookmin_media,,긍정,0.7431502938270569
국민대 학위수여식 축하공연 펼치는 이효리,2024.02.14.,https://www.newspim.com/news/view/20240214000576,kookmin_media,,긍정,0.7643086314201355
"이효리, 수줍게 ‘국민대 졸업식 축사’ [포토엔HD]",2024.02.14.,https://www.newsen.com/news_view.php?uid=202402141224295510,kookmin_media,,긍정,0.8470471501350403
이효리 '국민대 학위수여식 축하공연',2024.02.14.,https://www.newspim.com/news/view/20240214000572,kookmin_media,,긍정,0.7779086828231812
국민대 모교 찾은 이효리,2024.02.14.,https://www.newspim.com/news/view/20240214000570,kookmin_media,,긍정,0.7789210081100464
'국민대에 이효리가 왔다~',2024.02.14.,https://www.newspim.com/news/view/20240214000574,kookmin_media,,긍정,0.7770169377326965
"[포토] 국민대, 2023학년도 전기 학위수여식",2024.02.14.,https://www.newdaily.co.kr/site/data/html/2024/02/14/2024021400175.html,kookmin_media,,긍정,0.6332789063453674
이효리가 14일 오전 국민대서 한 축사 내용... 꽤 파격적이다,2024.02.14.,https://www.wikitree.co.kr/articles/926933,kookmin_media,,긍정,0.8156996369361877
"“마음 가는 데로 가길”…이효리, 모교 국민대에서 진심 담긴 축사 전...",2024.02.14.,https://www.mk.co.kr/article/10942274,kookmin_media,,긍정,0.7472518086433411
"이효리, 국민대 졸업식 축사 ""인생 독고다이…자신만의 이야기 만들길""",2024.02.14.,https://www.slist.kr/news/articleView.html?idxno=525771,kookmin_media,,긍정,0.930618703365326
"이효리, 국민대 후배들 앞에서…""마음 가는대로 하라"" 조언",2024.02.14.,https://www.hankyung.com/article/2024021425787,kookmin_media,,긍정,0.866865873336792
"'국민대 졸업생' 이효리 ""자신만의 이야기 만들어야""",2024.02.14.,https://news.bbsi.co.kr/news/articleView.html?idxno=3144219,kookmin_media,,긍정,0.9362077713012696
[포토] 학위수여식서 졸업식사하는 정승렬 국민대 총장,2024.02.14.,https://www.newdaily.co.kr/site/data/html/2024/02/14/2024021400163.html,kookmin_media,,긍정,0.6012135148048401
"'국민대 축사' 이효리 ""인생 '독고다이'…그만 떠들고 노래나 한 곡""(종...",2024.02.14.,https://www.news1.kr/articles/5320007,kookmin_media,,부정,0.654869019985199
"국민대 후배 앞에 선 이효리 ""그냥 마음 가는 대로 하라""",2024.02.14.,https://news.sbs.co.kr/news/endPage.do?news_id=N1007535738&plink=ORI&cooper=NAVER,kookmin_media,,긍정,0.9382519721984864
"국민대 선배 이효리 “아무도 믿지마, 인생은 독고다이” 화끈한 축사",2024.02.14.,https://www.newsen.com/news_view.php?uid=202402141126075710,kookmin_media,,긍정,0.8406245708465576
"[포토] 이효리, 국민대 학위수여식 축하공연",2024.02.14.,https://www.newdaily.co.kr/site/data/html/2024/02/14/2024021400161.html,kookmin_media,,긍정,0.6243374347686768
[포토] 국민대 졸업식 찾은 이효리,2024.02.14.,https://www.newdaily.co.kr/site/data/html/2024/02/14/2024021400158.html,kookmin_media,,긍정,0.590447723865509
"[포토]'국민대 98학번' 이효리, 졸업식 축하무대",2024.02.14.,http://www.edaily.co.kr/news/newspath.asp?newsid=02571526638790520,kookmin_media,,긍정,0.8827890157699585
[포토]국민대 학위수여식에서 축사하는 이효리,2024.02.14.,http://www.edaily.co.kr/news/newspath.asp?newsid=02555126638790520,kookmin_media,,긍정,0.8099390268325806
[ST포토] 이효리 '국민대 학위수여식 참석',2024.02.14.,http://www.stoo.com/article.php?aid=91736851410,kookmin_media,,긍정,0.6105257868766785
"[포토]가수 이효리, 국민대 '2023학년도 전기 학위수여식' 축사",2024.02.14.,http://www.edaily.co.kr/news/newspath.asp?newsid=02542006638790520,kookmin_media,,긍정,0.7858497500419617
"[포토]가수 이효리, 국민대 '2023학년도 전기 학위수여식' 참석",2024.02.14.,http://www.edaily.co.kr/news/newspath.asp?newsid=02538726638790520,kookmin_media,,긍정,0.8137113451957703
[포토]국민대 '2023학년도 전기 학위수여식' 열려,2024.02.14.,http://www.edaily.co.kr/news/newspath.asp?newsid=02535446638790520,kookmin_media,,긍정,0.8530728816986084
[포토]졸업식사하는 정승렬 국민대학교 총장,2024.02.14.,http://www.edaily.co.kr/news/newspath.asp?newsid=02528886638790520,kookmin_media,,긍정,0.8090211749076843
[포토]국민대 2023학년도 전기 학위수여식 찾은 이효리,2024.02.14.,http://www.edaily.co.kr/news/newspath.asp?newsid=02522326638790520,kookmin_media,,긍정,0.8277682065963745
[포토]국민대 2023학년도 전기 학위수여식에서 축하공연하는 가수 이효...,2024.02.14.,http://www.edaily.co.kr/news/newspath.asp?newsid=02525606638790520,kookmin_media,,긍정,0.761798620223999
모교 국민대 졸업식 축사하는 이효리,2024.02.14.,https://www.yna.co.kr/view/PYH20240214070100013?input=1196m,kookmin_media,,부정,0.6546679735183716
국민대 연영과 98학번 이효리가 까마득한 후배들 향해 건넨 조언은 그대...,2024.02.14.,https://www.huffingtonpost.kr/news/articleView.html?idxno=216994,kookmin_media,,긍정,0.6886223554611206
"""마음 가는대로 사세요""..가장 이효리다운 축사, 국민대는 좋겠다 [Oh!쎈...",2024.02.14.,http://www.osen.co.kr/article/G1112274967,kookmin_media,,긍정,0.9038392305374146
국민대학교 2023학년도 전기 학위수여식,2024.02.14.,https://www.yna.co.kr/view/PYH20240214068300013?input=1196m,kookmin_media,,부정,0.5652759671211243
[ST포토] 이효리 '국민대 총장도 반한 축하무대',2024.02.14.,http://www.stoo.com/article.php?aid=91736363133,kookmin_media,,긍정,0.8266811966896057
[포토] 국민대 졸업식 축사하는 가수 이효리,2024.02.14.,http://www.segye.com/newsView/20240214507487?OutUrl=naver,kookmin_media,,긍정,0.6383509635925293
"[포토] 이효리, '국민대' 학위수여식 뒤집은 이효리",2024.02.14.,http://enews.imbc.com/News/RetrieveNewsInfo/408803,kookmin_media,,긍정,0.8137868642807007
[ST포토] 국민대 동문들 앞에서 축사하는 이효리,2024.02.14.,http://www.stoo.com/article.php?aid=91736234725,kookmin_media,,부정,0.7669379711151123
이효리 '국민대 학위수여식 참석'[★포토],2024.02.14.,https://www.starnewskorea.com/stview.php?no=2024021411293779658,kookmin_media,,긍정,0.5025594830513
"국민대 후배 앞에 선 이효리 ""그냥 마음 가는대로 하라""",2024.02.14.,https://www.yna.co.kr/view/AKR20240214074000004?input=1195m,kookmin_media,,긍정,0.9254096150398254
[TD포토] 이효리 '국민대 뒤집어 놓은 축하무대',2024.02.14.,http://www.tvdaily.co.kr/read.php3?aid=17078775471700820017,kookmin_media,,부정,0.7288462519645691
"'국민대 선배' 이효리 ""마음 가는 대로 살라, 인생은 독고다이""",2024.02.14.,http://www.stoo.com/article.php?aid=91735766522,kookmin_media,,긍정,0.8138641715049744
국민대에 등장한 슈퍼스타,2024.02.14.,https://www.yna.co.kr/view/PYH20240214067600013?input=1196m,kookmin_media,,부정,0.7069522142410278
국민대 졸업식 참석한 이효리,2024.02.14.,https://www.yna.co.kr/view/PYH20240214064100013?input=1196m,kookmin_media,,부정,0.7185459136962891
"가수 이효리, 모교 국민대에서 졸업식 축사",2024.02.14.,https://www.yna.co.kr/view/PYH20240214068500013?input=1196m,kookmin_media,,부정,0.5921727418899536
"'국민대 축사' 이효리 ""인생은 '독고다이'…잡다한 소리에 흔들리지 말...",2024.02.14.,https://www.news1.kr/articles/5319952,kookmin_media,,긍정,0.8215001821517944
"[ST포토] 이효리, '국민대 모교에서 축하 무대'",2024.02.14.,http://www.stoo.com/article.php?aid=91735368649,kookmin_media,,긍정,0.8037636280059814
[포토] 흐믓한 표정으로 이효리 축사 바라보는 국민대 총장,2024.02.14.,https://www.ajunews.com/view/20240214111816810,kookmin_media,,부정,0.5837802290916443
"[포토] 이효리, 동문 국민대에서 웃음 넘치는 축하공연",2024.02.14.,https://www.sportsseoul.com/news/read/1398906?ref=naver,kookmin_media,,긍정,0.7974387407302856
"이효리, 모교 국민대 축사",2024.02.14.,http://www.newsis.com/view/?id=NISI20240214_0020230149,kookmin_media,,긍정,0.8546159863471985
"'국민대 98학번' 이효리, 모교 축사",2024.02.14.,http://www.newsis.com/view/?id=NISI20240214_0020230160,kookmin_media,,긍정,0.8995345830917358
인사말 하는 정승렬 국민대 총장,2024.02.14.,http://www.newsis.com/view/?id=NISI20240214_0020230152,kookmin_media,,긍정,0.911651849746704
국민대 축사하는 이효리,2024.02.14.,http://www.newsis.com/view/?id=NISI20240214_0020230163,kookmin_media,,긍정,0.8404558300971985
[TD포토] 이효리 '국민대 학여수여식 왔어요',2024.02.14.,http://www.tvdaily.co.kr/read.php3?aid=17078767321700809017,kookmin_media,,부정,0.6579380631446838
축사하는 국민대 98학번 이효리,2024.02.14.,https://www.news1.kr/photos/view/?6480083,kookmin_media,,부정,0.6776025295257568
"[포토]이효리, 국민대 학위수여식 동문 축사",2024.02.14.,http://www.joynews24.com/view/1686764,kookmin_media,,긍정,0.7315603494644165
"국민대 축사 이효리, '치티치티 뱅뱅' 축하공연 [O! STAR 숏폼]",2024.02.14.,http://www.osen.co.kr/article/G1112274982,kookmin_media,,긍정,0.7121025323867798
[포토] 이효리 ‘동문 국민대 졸업식장서 축하 공연’,2024.02.14.,https://www.sportsseoul.com/news/read/1398897?ref=naver,kookmin_media,,긍정,0.7496075630187988
"[포토] 이효리, 모교 국민대 졸업식 축사",2024.02.14.,https://www.mk.co.kr/article/10942221,kookmin_media,,부정,0.5219855308532715
"이효리, 국민대 졸업식 축사 ""올바른 길로 인도하는 건 나 자신""",2024.02.14.,https://star.ytn.co.kr/_sn/0117_202402141110529236,kookmin_media,,긍정,0.93962961435318
"이효리, 국민대 축하공연 하는 원조 요정",2024.02.14.,https://www.news1.kr/photos/view/?6480044,kookmin_media,,긍정,0.5824134349822998
"국민대 졸업식 뜬 '98학번 이효리'…""마음 가는 대로 하길"" 축사",2024.02.14.,https://www.news1.kr/articles/5319950,kookmin_media,,긍정,0.7616080641746521
"이효리, 국민대 후배 사랑 가득한 미소",2024.02.14.,https://www.news1.kr/photos/view/?6480049,kookmin_media,,부정,0.5654577016830444
"이효리, 국민대 출신 청순 요정",2024.02.14.,https://www.news1.kr/photos/view/?6480056,kookmin_media,,부정,0.518397331237793
"이효리, 국민대 발칵 뒤집어 놓은 치티치티 뱅뱅",2024.02.14.,https://www.news1.kr/photos/view/?6480024,kookmin_media,,긍정,0.5452561378479004
"98학번 이효리, 국민대 레전드 동문의 축하공연",2024.02.14.,https://www.news1.kr/photos/view/?6480029,kookmin_media,,긍정,0.6278282403945923
"이효리, 아름다운 국민대 동문",2024.02.14.,https://www.news1.kr/photos/view/?6480074,kookmin_media,,부정,0.6010856032371521
국민대 학위수여식 축사 나선 이효리[엑's HD포토],2024.02.14.,https://www.xportsnews.com/article/1823750,kookmin_media,,긍정,0.8082098364830017
[포토]국민대 학위수여식 참석한 이효리,2024.02.14.,http://www.joynews24.com/view/1686745,kookmin_media,,긍정,0.7292159795761108
[TD포토] 이효리 '국민대 최고',2024.02.14.,http://www.tvdaily.co.kr/read.php3?aid=17078760961700795017,kookmin_media,,긍정,0.835671067237854
"98학번 이효리, 국민대 동문 대표 축하공연",2024.02.14.,https://www.news1.kr/photos/view/?6480015,kookmin_media,,긍정,0.653602123260498
"이효리, 국민대 학위수여식 빛나는 무대",2024.02.14.,https://www.news1.kr/photos/view/?6480013,kookmin_media,,긍정,0.6397143006324768
"이효리, 국민대 학위수여식 발칵 뒤집어 놓은 깜짝 공연",2024.02.14.,https://www.news1.kr/photos/view/?6480000,kookmin_media,,긍정,0.5752618312835693
"[포토] 이효리, 국민대 졸업식 축사 후 축하공연",2024.02.14.,https://www.sportsseoul.com/news/read/1398877?ref=naver,kookmin_media,,긍정,0.7809685468673706
"이효리, 국민대 발칵 뒤집어 놓은 축하공연",2024.02.14.,https://www.news1.kr/photos/view/?6479993,kookmin_media,,긍정,0.615259051322937
"이효리, 국민대 화려한 축하공연",2024.02.14.,https://www.news1.kr/photos/view/?6479992,kookmin_media,,긍정,0.5614776611328125
‘국민대 졸업식 축사’ 이효리 “나 자신의 말을 들으세요”,2024.02.14.,https://www.sportsseoul.com/news/read/1398869?ref=naver,kookmin_media,,긍정,0.6904019117355347
"[포토] 국민대 동문 이효리, 졸업식 축사",2024.02.14.,https://www.mk.co.kr/article/10942167,kookmin_media,,부정,0.5270127654075623
"[포토] 이효리, '국민대' 98학번의 위엄",2024.02.14.,http://enews.imbc.com/News/RetrieveNewsInfo/408792,kookmin_media,,부정,0.5081655383110046
"[포토] 이효리, 모교 '국민대' 졸업식 축사",2024.02.14.,http://enews.imbc.com/News/RetrieveNewsInfo/408791,kookmin_media,,긍정,0.6811047196388245
국민대 학위수여식 참석한 ‘이효리’ 동문 [포토엔HD],2024.02.14.,https://www.newsen.com/news_view.php?uid=202402141036385510,kookmin_media,,긍정,0.7855662703514099
[포토] 국민대 졸업식 축사 이효리,2024.02.14.,https://www.mk.co.kr/article/10942155,kookmin_media,,긍정,0.5291185975074768
"'국민대 졸업생' 이효리, 축사 위해 학위수여식 참석[엑's HD포토]",2024.02.14.,https://www.xportsnews.com/article/1823728,kookmin_media,,긍정,0.7256044745445251
[MD포토] 이효리 '국민대 98학번의 축사',2024.02.14.,https://mydaily.co.kr/page/view/2024021410335704861,kookmin_media,,긍정,0.8133511543273926
"98학번 이효리, 국민대 학위수여식 참석",2024.02.14.,https://www.news1.kr/photos/view/?6479917,kookmin_media,,긍정,0.5816296339035034
"[포토] 이효리, '국민대98학번' 학사모 오랜만",2024.02.14.,http://enews.imbc.com/News/RetrieveNewsInfo/408788,kookmin_media,,부정,0.5580089092254639
"[사진]이효리, '졸업 축사 위해 국민대 방문'",2024.02.14.,http://www.osen.co.kr/article/G1112274947,kookmin_media,,긍정,0.7669714689254761
[포토] 은은한 미소 짓는 국민대학교 동문 이효리,2024.02.14.,https://isplus.com/article/view/isp202402140045,kookmin_media,,긍정,0.7950731515884399
"[포토] 이효리, 모교 국민대학교 졸업식 참석",2024.02.14.,http://enews.imbc.com/News/RetrieveNewsInfo/408787,kookmin_media,,긍정,0.5932389497756958
[포토] 국민대학교 학위수여식 참석한 이효리,2024.02.14.,https://isplus.com/article/view/isp202402140044,kookmin_media,,긍정,0.7293941974639893
"[인터넷 와글와글] '국민대 98학번' 이효리, 축사 나선다",2024.02.14.,http://www.mbn.co.kr/pages/news/newsView.php?news_seq_no=5002762,kookmin_media,,긍정,0.915470004081726
"'국민대 98학번' 이효리, 오늘 모교 졸업식 축사…명언 남길까 [N디데이...",2024.02.14.,https://www.news1.kr/articles/5319395,kookmin_media,,긍정,0.845388650894165
"'98학번' 이효리, 오늘(14일) 모교 국민대 졸업식서 축사",2024.02.14.,https://sports.hankooki.com/news/articleView.html?idxno=6854160,kookmin_media,,긍정,0.8819000124931335
"이효리, 모교 국민대서 졸업식 축사한다",2024.02.14.,http://sports.khan.co.kr/news/sk_index.html?art_id=202402140000003&sec_id=540101&pt=nv,kookmin_media,,긍정,0.9398216009140016
"이효리, 모교 국민대서 내일(14일) 졸업식 축사",2024.02.13.,https://tenasia.hankyung.com/article/2024021312514,kookmin_media,,긍정,0.9091097116470336
"이효리, 14일 모교 국민대서 졸업식 축사",2024.02.13.,http://www.newsworks.co.kr/news/articleView.html?idxno=743382,kookmin_media,,긍정,0.7343367338180542
"'국민대 98학번' 이효리, 모교 졸업식 축사…""선한 영향력 귀감""",2024.02.13.,http://news.mt.co.kr/mtview.php?no=2024021318001183041,kookmin_media,,긍정,0.9512932896614076
"'98학번' 이효리, 모교 국민대 졸업식 축사 맡는다 [공식]",2024.02.13.,http://starin.edaily.co.kr/news/newspath.asp?newsid=01374326638790192,kookmin_media,,긍정,0.7490445375442505
"‘국민대 98학번’ 이효리, 모교 졸업식서 축사 전한다",2024.02.13.,http://www.segye.com/newsView/20240213513027?OutUrl=naver,kookmin_media,,긍정,0.7822879552841187
"이효리, 모교 국민대 졸업식 축사 맡아",2024.02.13.,https://www.raonnews.com/news/article.html?no=33797,kookmin_media,,긍정,0.8855505585670471
"졸업 18년 만에…이효리, '모교' 국민대 졸업식 축사 ""후배들에게 귀감...",2024.02.13.,https://www.spotvnews.co.kr/news/articleView.html?idxno=658819,kookmin_media,,긍정,0.8436265587806702
"[단독] ""레전드 98학번"" 이효리, 국민대 졸업식 축사서 무슨 말 할까(종...",2024.02.13.,https://www.news1.kr/articles/5319389,kookmin_media,,긍정,0.72404944896698
"'연영과 1기' 이효리, 국민대 졸업 축사",2024.02.13.,http://www.wowtv.co.kr/NewsCenter/News/Read?articleId=A202402130206&t=NN,kookmin_media,,긍정,0.9290541410446168
"""이번엔 가수 아니라 선배 이효리""…국민대 졸업 축사",2024.02.13.,http://mbn.mk.co.kr/pages/news/newsView.php?category=mbn00009&news_seq_no=5002628,kookmin_media,,긍정,0.8891381025314331
"‘연영과 98학번’ 이효리, 내일 국민대 졸업식 축사",2024.02.13.,https://www.sportsworldi.com/newsView/20240213514523,kookmin_media,,긍정,0.93696790933609
"이효리, 모교 국민대 졸업식 축사 맡는다 ""축하무대는 미정"" [공식입장...",2024.02.13.,http://www.osen.co.kr/article/G1112274721,kookmin_media,,긍정,0.8352804780006409
"이효리, 모교 국민대 졸업식서 축사 '특급 후배 사랑'",2024.02.13.,http://www.starnewsk.com/news/articleView.html?idxno=40176,kookmin_media,,긍정,0.8867793679237366
"'국민대 98학번' 이효리, 졸업식 축사 나선다…""선한 영향력 귀감""",2024.02.13.,https://www.joongang.co.kr/article/25228387,kookmin_media,,긍정,0.915740430355072
"'국민대 연영과 98학번' 이효리, 모교서 졸업식 축사",2024.02.13.,https://www.hankyung.com/article/2024021304857,kookmin_media,,긍정,0.8992804884910583
"이효리, 내일 국민대 졸업식 축사해요 ~~",2024.02.13.,http://www.thepowernews.co.kr/news/articleView.html?idxno=132760,kookmin_media,,부정,0.6807313561439514
"가수 이효리, 모교 국민대 졸업식서 축사",2024.02.13.,https://www.nocutnews.co.kr/news/6094700,kookmin_media,,긍정,0.889499843120575
"이효리, 모교 국민대 졸업식서 축사 한다",2024.02.13.,https://daily.hankooki.com/news/articleView.html?idxno=1051218,kookmin_media,,긍정,0.7273172736167908
"'국민대 98학번' 이효리, 모교 졸업식서 축사한다",2024.02.13.,https://view.asiae.co.kr/article/2024021316160854013,kookmin_media,,긍정,0.8813580274581909
"가수 이효리, 내일 모교 국민대 뜬다는데 무슨 일?",2024.02.13.,https://www.sedaily.com/NewsView/2D5CG5DXR6,kookmin_media,,긍정,0.902230978012085
"`국민대 98학번` 이효리, 모교서 졸업식 축사한다",2024.02.13.,https://www.dt.co.kr/contents.html?article_no=2024021302109919607008&ref=naver,kookmin_media,,긍정,0.9098213315010072
"‘모교 축사’ 국민대 98학번 이효리, 후배들 위해 ‘깜짝’ 공연도 할...",2024.02.13.,https://www.sportsseoul.com/news/read/1398680?ref=naver,kookmin_media,,긍정,0.8332332968711853
"'국민대 98학번' 이효리, 14일 모교 학위수여식 축사",2024.02.13.,http://www.joynews24.com/view/1686493,kookmin_media,,긍정,0.8192408680915833
"국민대 98학번 이효리, 내일(14일) 모교서 후배들 위해 졸업식 '축사'",2024.02.13.,https://www.insight.co.kr/news/461880,kookmin_media,,긍정,0.8602606654167175
"‘연극영화 98학번’ 가수 이효리, 내일 국민대 졸업식서 축사",2024.02.13.,https://biz.chosun.com/topics/topics_social/2024/02/13/LL335UJQKRBMZOZ22FB6ALHSL4/?utm_source=naver&utm_medium=original&utm_campaign=biz,kookmin_media,,긍정,0.8643615245819092
"국민대 98학번 이효리, 내일(14일) 모교 졸업식 축사 맡는다",2024.02.13.,https://www.newsen.com/news_view.php?uid=202402131541282510,kookmin_media,,긍정,0.8581198453903198
"이효리, 내일(14일) 모교 국민대 졸업식 축사",2024.02.13.,https://www.slist.kr/news/articleView.html?idxno=525547,kookmin_media,,긍정,0.8940767645835876
"‘국민대 98학번’ 이효리, 모교 졸업식서 축사 나선다 “선한 영향력 ...",2024.02.13.,https://www.mk.co.kr/article/10941626,kookmin_media,,긍정,0.918487012386322
"이효리, ‘모교’ 국민대 졸업식서 후배들 위해 축사 맡는다",2024.02.13.,https://vop.co.kr/A00001647620.html,kookmin_media,,긍정,0.6348254084587097
"'국민대 98학번' 이효리, 내일(14일) 모교 졸업식 축사",2024.02.13.,https://mydaily.co.kr/page/view/2024021315422510913,kookmin_media,,긍정,0.7736017107963562
"‘연극영화 98학번’ 이효리, 내일 국민대 졸업식 축사",2024.02.13.,https://www.seoul.co.kr/news/newsView.php?id=20240213500104&wlog_tag3=naver,kookmin_media,,긍정,0.9077614545822144
"“노력 끝에 성공” 국민대 졸업생들, '연예인' 축사 듣는다",2024.02.13.,https://www.wikitree.co.kr/articles/926643,kookmin_media,,긍정,0.746745228767395
"이효리, 남다른 모교♥..내일(14일) 국민대 졸업식 축사",2024.02.13.,https://www.starnewskorea.com/stview.php?no=2024021315190455478,kookmin_media,,긍정,0.8775010108947754
"국민대 98학번 이효리, 내일 모교서 졸업식 축사",2024.02.13.,https://www.mk.co.kr/article/10941591,kookmin_media,,긍정,0.9130685329437256
"이효리, 모교 사랑도 남달라...""국민대 졸업식서 축사해 후배들에 귀감...",2024.02.13.,https://www.ajunews.com/view/20240213145546146,kookmin_media,,긍정,0.91677063703537
"'국민대 98학번' 이효리, 모교 졸업식 찾아 '축사' 전한다",2024.02.13.,https://www.sedaily.com/NewsView/2D5CFAMGUG,kookmin_media,,긍정,0.8160339593887329
"이효리, 내일 모교 국민대 졸업식서 축사...""선한 영향력 가진 동문""",2024.02.13.,http://news.heraldcorp.com/view.php?ud=20240213050468,kookmin_media,,긍정,0.9003369808197021
“반도체 기술 초격차 이끌 전문인재 양성한다” 국민대 반도체·IP융합...,2024.02.13.,http://news.heraldcorp.com/view.php?ud=20240213050450,kookmin_media,,긍정,0.897989809513092
"이효리, 모교 국민대 졸업식 축사 전한다…남다른 후배 사랑",2024.02.13.,http://www.stoo.com/article.php?aid=91716992429,kookmin_media,,긍정,0.803267240524292
"이효리, 모교 국민대 졸업식 참석…축사 진행",2024.02.13.,https://isplus.com/article/view/isp202402130086,kookmin_media,,긍정,0.8719887733459473
"'국민대 98학번' 이효리, 내일(14일) 모교 졸업식 축사 맡는다 [공식입장...",2024.02.13.,https://www.xportsnews.com/article/1823363,kookmin_media,,긍정,0.8464665412902832
"이효리, 내일(14일) ‘모교’ 국민대 졸업식 축사",2024.02.13.,https://www.sportsworldi.com/newsView/20240213508838,kookmin_media,,긍정,0.8647764325141907
"연영과 98학번 이효리, 내일 모교 국민대서 졸업식 축사",2024.02.13.,https://www.chosun.com/national/national_general/2024/02/13/7TV2PF2NTJDNXPKB5X7QSC4TDE/?utm_source=naver&utm_medium=referral&utm_campaign=naver-news,kookmin_media,,긍정,0.8836796879768372
"국민대 반도체·IP융합트랙 사업단, 반도체 기술 이끌 전문인재 양성",2024.02.13.,https://www.etnews.com/20240213000163,kookmin_media,,긍정,0.8759822249412537
[단독] '국민대 98학번' 이효리…14일 모교서 졸업식 축사,2024.02.13.,https://www.news1.kr/articles/5318980,kookmin_media,,긍정,0.842432975769043
국민대 ‘용평배 FIS FEC 알파인 국제스키대회’ 성황리 개최,2024.02.09.,http://news.heraldcorp.com/view.php?ud=20240208000663,kookmin_media,,긍정,0.9659848809242249
"국민대 글로벌기후어벤저스 학생탐사단, 칠레가톨릭대학교 방문",2024.02.08.,https://www.dailysmart.co.kr/news/articleView.html?idxno=83267,kookmin_media,,긍정,0.968419909477234
"국민대 글로벌기후어벤저스 학생탐사단, 칠레가톨릭대와 기후변화관련...",2024.02.08.,https://www.ekn.kr/web/view.php?key=20240208023525711,kookmin_media,ESG 교육과정 및 교수학습 방법,긍정,0.9675970673561096
"국민대 최상은 입학사정관, 한국대학입학사정관협의회 회장 선출",2024.02.08.,https://news.unn.net/news/articleView.html?idxno=559388,kookmin_media,,긍정,0.9562153816223145
"남기현 국민대 교수 연구성과, 분석화학 분야 최상위 국제학술지 게재",2024.02.07.,http://www.kyosu.net/news/articleView.html?idxno=115835,kookmin_media,,긍정,0.8842984437942505
국민대 용평배 알파인 국제스키대회 개막,2024.02.05.,https://www.joongang.co.kr/article/25227048,kookmin_media,,긍정,0.9845815300941468
"국민대, 6일 ‘2024 남북관계 전망’ 전문가 토론회 연다 | 前 유엔대사...",2024.02.05.,http://monthly.chosun.com/client/mdaily/daily_view.asp?idx=19138&Newsnumb=20240219138,kookmin_media,,긍정,0.9187121391296388
"국민대, 용평배 FIS FEC 알파인 국제스키대회 성황리 열려",2024.02.05.,https://news.unn.net/news/articleView.html?idxno=559186,kookmin_media,,긍정,0.977702796459198
국민대 용평배 FIS FEC 알파인 국제스키대회 성황리 열려,2024.02.05.,https://www.dt.co.kr/contents.html?article_no=2024020502109954088001&ref=naver,kookmin_media,,긍정,0.9677261114120485
"국민대 플랫폼SME연구센터, 네이버와 ‘디지털 상공인 리포트 2023’ 발...",2024.02.05.,https://www.donga.com/news/Economy/article/all/20240205/123393421/1,kookmin_media,,긍정,0.8752344250679016
국민대 주최 용평배 FIS FEC 알파인 국제스키대회 개최,2024.02.05.,http://www.m-i.kr/news/articleView.html?idxno=1090751,kookmin_media,,긍정,0.9581260085105896
"국민대, 용평배 FIS FEC 알파인 국제스키대회 개최",2024.02.05.,http://www.newsis.com/view/?id=NISX20240205_0002616697&cID=10201&pID=10200,kookmin_media,,긍정,0.9653885960578918
"국민대 플랫폼SME연구센터, '디지털 상공인 리포트 2023' 발간",2024.02.05.,http://www.smedaily.co.kr/news/articleView.html?idxno=280909,kookmin_media,,긍정,0.951976478099823
"국민대 플랫폼SME연구센터, ‘디지털 상공인 리포트 2023’ 발간",2024.02.05.,http://news.heraldcorp.com/view.php?ud=20240205000435,kookmin_media,,긍정,0.9251688718795776
국민대학교 용평배 FIS FEC 알파인 국제스키대회 성황리 열려,2024.02.05.,https://www.pointdaily.co.kr/news/articleView.html?idxno=189661,kookmin_media,,긍정,0.9736600518226624
국민대 후원 '용평배 FIS FEC 알파인 국제스키대회' 성료,2024.02.05.,http://www.veritas-a.com/news/articleView.html?idxno=493167,kookmin_media,,긍정,0.9723306894302368
"국민대 후원, 용평배 FIS FEC 알파인 국제스키대회 성황리 개최",2024.02.05.,https://www.dailysmart.co.kr/news/articleView.html?idxno=83042,kookmin_media,,긍정,0.98227858543396
"국민대 플랫폼SME연구센터, 네이버와 ‘디지털 상공인 리포트’ 발간",2024.02.05.,https://biz.chosun.com/industry/company/2024/02/05/3ZHYXY7FERDDXFRIDA4HCAGWYE/?utm_source=naver&utm_medium=original&utm_campaign=biz,kookmin_media,,긍정,0.9341942071914672
"국민대학교 한반도미래연구원, '2024 남북관계 전망' 전문가 라운드 테...",2024.02.04.,http://www.inews24.com/view/1683902,kookmin_media,,긍정,0.8383621573448181
"정구민 국민대 교수, 미래 모빌리티부문서 국토부 장관상 수상",2024.02.04.,https://www.etnews.com/20240204000043,kookmin_media,,긍정,0.9660670161247252
"에어딥, 에어컨·냉난방기 제어 시스템 국민대 공급",2024.02.02.,https://www.nbntv.co.kr/news/articleView.html?idxno=3010200,kookmin_media,에너지 사용 절감 및 체계적 관리,긍정,0.9898910522460938
"종로공단, 국민대와 '스포츠 인재' 양성 협력 MOU",2024.03.29.,http://www.hg-times.com/news/articleView.html?idxno=259995,kookmin_media,,긍정,0.9316719174385072
"국민대 강경모 교수, 대한무용학회 회장 취임",2024.03.28.,http://www.newstnt.com/news/articleView.html?idxno=357746,kookmin_media,,긍정,0.976202428340912
"국민대 강경모 교수, 대한무용학회장 취임",2024.03.28.,https://www.newsis.com/view/?id=NISX20240328_0002678382&cID=10201&pID=10200,kookmin_media,,긍정,0.9665663242340088
국민대 강경모 교수 대한무용학회 회장 취임,2024.03.27.,http://www.veritas-a.com/news/articleView.html?idxno=498572,kookmin_media,,긍정,0.9674500226974488
"국민대 캠퍼스타운 사업단, '2024 네트워킹 데이' 성료",2024.03.27.,https://www.news1.kr/articles/5364491,kookmin_media,,긍정,0.9627180099487304
"국민대학교, AI 관련 전공, 인문-자연-예체능… 전방위 배치로 미래 준...",2024.03.26.,https://www.donga.com/news/Society/article/all/20240325/124141617/1,kookmin_media,,긍정,0.9863634705543518
"국민대, 싱하이밍 주한중국대사 특강 열어",2024.03.25.,http://www.kyosu.net/news/articleView.html?idxno=117542,kookmin_media,,긍정,0.9604880809783936
"국민대, 나무의사 양성기관 지정",2024.03.24.,https://www.naeil.com/news/read/505274?ref=naver,kookmin_media,,긍정,0.9771485328674316
"국민대 바이오의약전공 연구팀, 바이러스분야 최상위 국제저명학술지 ...",2024.03.22.,https://news.unn.net/news/articleView.html?idxno=561052,kookmin_media,,긍정,0.97642183303833
"국민대 바이오의약전공 교수 연구팀, 바이러스 분야 최상위 국제저명학...",2024.03.22.,https://www.dailysmart.co.kr/news/articleView.html?idxno=84889,kookmin_media,,긍정,0.981405794620514
"이웅배 국민대 교수, '포항별미-공공미술을 맛보다' 출간",2024.03.21.,http://www.kyongbuk.co.kr/news/articleView.html?idxno=4004352,kookmin_media,,긍정,0.9896674156188964
"국민대학교, 싱하이밍 주한중국대사 초청 특강 진행",2024.03.21.,https://www.onews.tv/news/articleView.html?idxno=201226,kookmin_media,,긍정,0.9594915509223938
"국민대, 싱하이밍 주한중국대사 초청 특강 실시",2024.03.21.,https://www.dailysmart.co.kr/news/articleView.html?idxno=84872,kookmin_media,,긍정,0.9663613438606262
국민대 싱하이밍 주한중국대사 특강 개최,2024.03.21.,http://www.veritas-a.com/news/articleView.html?idxno=497981,kookmin_media,,긍정,0.9625905752182008
"국민대, 출근길 직원 동기부여 이벤트 진행",2024.03.21.,https://www.munhwa.com/news/view.html?no=2024032101039921172002,kookmin_media,,긍정,0.939395785331726
"국민대, 나무의사 양성기관 지정…산림보호·도시숲 관리",2024.03.20.,https://www.newsis.com/view/?id=NISX20240320_0002668120&cID=10201&pID=10200,kookmin_media,,긍정,0.973944902420044
"국민대, 산림청 '나무의사 양성기관' 지정",2024.03.20.,https://www.viva100.com/main/view.php?key=20240320010006534,kookmin_media,,긍정,0.9254707098007202
국민대 나무의사 양성기관 지정,2024.03.20.,http://www.veritas-a.com/news/articleView.html?idxno=497755,kookmin_media,,긍정,0.979692816734314
"국민대학교, 산림청 나무의사 양성기관 지정",2024.03.20.,https://www.onews.tv/news/articleView.html?idxno=201019,kookmin_media,,긍정,0.9815743565559388
"국민대, 직원 소통 이벤트 실시",2024.03.20.,http://www.m-i.kr/news/articleView.html?idxno=1103257,kookmin_media,,긍정,0.910965621471405
"김주은 국민대 교수, 한국제약바이오협회 협회장 표창 수상",2024.03.16.,http://news.heraldcorp.com/view.php?ud=20240315050670,kookmin_media,,긍정,0.9577425122261048
"국민대, 2024년 대학일자리플러스센터사업 재선정",2024.03.15.,http://www.m-i.kr/news/articleView.html?idxno=1102036,kookmin_media,,긍정,0.990410327911377
"국민대학교, 2024년 대학일자리플러스센터사업 재선정",2024.03.15.,https://www.pointdaily.co.kr/news/articleView.html?idxno=193901,kookmin_media,,긍정,0.985996663570404
"임시형 국민대 기계공학부 교수 연구팀, 저농도 혼합가스 농축과 분리 ...",2024.03.15.,https://www.dailysmart.co.kr/news/articleView.html?idxno=84606,kookmin_media,,긍정,0.9874913692474364
국민대 2024년 대학일자리플러스센터사업 재선정,2024.03.15.,http://www.veritas-a.com/news/articleView.html?idxno=497303,kookmin_media,,긍정,0.9899848699569702
"김주은 국민대 교수, 제약바이오협 회장 표창",2024.03.13.,http://www.edaily.co.kr/news/newspath.asp?newsid=03788406638822992,kookmin_media,,긍정,0.9200133085250854
국민대 김주은 교수 한국제약바이오협회 협회장 표창 수상,2024.03.13.,http://www.veritas-a.com/news/articleView.html?idxno=497124,kookmin_media,,긍정,0.9745819568634032
"국민대 김주은 교수, 한국제약바이오협회장 표창",2024.03.13.,https://dhnews.co.kr/news/view/1065601769502729,kookmin_media,,긍정,0.9850844740867616
"김주은 국민대 바이오의약전공 교수, 한국제약바이오협회장 표창 수상",2024.03.13.,https://www.dailysmart.co.kr/news/articleView.html?idxno=84506,kookmin_media,,긍정,0.9728145599365234
"국민대, 사이버보안 전문기업 티오리와 MOU…미래자동차 사이버보안 인...",2024.03.11.,https://www.joongang.co.kr/article/25234316,kookmin_media,,긍정,0.948892056941986
"국민대, 사이버보안 전문기업 티오리와 인재양성 협약",2024.03.11.,http://www.newsis.com/view/?id=NISX20240311_0002655284&cID=10201&pID=10200,kookmin_media,지역사회 ESG 교육 프로그램,긍정,0.9539003372192384
"국민대, 사이버보안 전문기업 티오리와 MOU",2024.03.11.,http://www.newstnt.com/news/articleView.html?idxno=351441,kookmin_media,,긍정,0.9506366848945618
"국민대, 사이버보안 전문기업 티오리와 MOU… 미래자동차 사이버보안 인...",2024.03.11.,https://www.pointdaily.co.kr/news/articleView.html?idxno=193255,kookmin_media,,긍정,0.9384084939956664
"국민대, 사이버보안 기업 티오리와 맞손… 미래車 사이버보안 인재양성",2024.03.10.,http://www.m-i.kr/news/articleView.html?idxno=1100139,kookmin_media,,긍정,0.9397168755531312
"국민대-티오리, 미래자동차 사이버보안 인재 양성 MOU",2024.03.10.,https://www.viva100.com/main/view.php?key=20240310010002542,kookmin_media,,긍정,0.9582257270812988
"국민대, 통일부 통일교육사업 평가 ‘최우수’",2024.03.10.,http://news.heraldcorp.com/view.php?ud=20240308050741,kookmin_media,,긍정,0.9900141954421996
"국민대, 티오리와 MOU…""미래자동차 사이버보안 인재양성""",2024.03.10.,http://www.metroseoul.co.kr/article/20240310500003,kookmin_media,,긍정,0.9761631488800048
국민대 사이버보안 전문기업 티오리와 MOU 체결,2024.03.08.,http://www.veritas-a.com/news/articleView.html?idxno=496656,kookmin_media,,긍정,0.9604710340499878
"국민대, 미래자동차 사이버보안 인재양성 티오리와 업무 협약",2024.03.08.,https://news.unn.net/news/articleView.html?idxno=560519,kookmin_media,,긍정,0.958877444267273
"국민대·국립안동대 산학협력단, 나무의사 양성기관 신규 지정",2024.03.08.,https://www.yna.co.kr/view/AKR20240308103200063?input=1195m,kookmin_media,,긍정,0.9876388311386108
나무의사 양성기관 2곳 신규 지정…국민대‧국립안동대 산학협력단,2024.03.08.,https://www.sedaily.com/NewsView/2D6K2OTFUN,kookmin_media,,긍정,0.9815933108329772
"티오리-국민대, MOU 체결…""미래車 사이버보안 인재 양성""",2024.03.07.,https://zdnet.co.kr/view/?no=20240307134649,kookmin_media,,긍정,0.9676187038421632
"국민대-KOICA, 타슈켄트정보통신대학교 비즈니스 IT 교육 역량강화 워크...",2024.03.07.,http://news.heraldcorp.com/view.php?ud=20240307050537,kookmin_media,,긍정,0.8134286999702454
"티오리, 국민대와 MOU 체결…미래자동차 사이버보안 인재양성 협력",2024.03.07.,https://www.dailysecu.com/news/articleView.html?idxno=154115,kookmin_media,,긍정,0.9724852442741394
"사이버보안 전문기업 티오리-국민대학교, 미래자동차 사이버보안 인재...",2024.03.07.,http://www.boannews.com/media/view.asp?idx=127488&kind=,kookmin_media,,긍정,0.981198251247406
"국토부, 한서대·항공대·국민대서 'UAM 개론' 시범강의 운영",2024.03.07.,http://www.ikld.kr/news/articleView.html?idxno=290487,kookmin_media,,긍정,0.9775198101997375
"티오리, 국민대와 미래자동차 사이버보안 인재양성 협약",2024.03.07.,http://www.newsis.com/view/?id=NISX20240307_0002651469&cID=10406&pID=13100,kookmin_media,,긍정,0.947133719921112
"국토교통부, 한서대·항공대·국민대 K-UAM(도심항공교통) 개론 시범강의...",2024.03.06.,http://www.econonews.co.kr/news/articleView.html?idxno=329369,kookmin_media,,긍정,0.905748724937439
"국민대-케이바이오랩, 생태계 복원 전문인력 양성·공동연구 MOU",2024.03.06.,https://www.news1.kr/articles/5341959,kookmin_media,지역사회 ESG 파트너십,긍정,0.9729427099227904
"국민대-케이바이오랩, 생태계 복원 전문인력 양성 및 공동연구 위한 MOU...",2024.03.06.,https://www.sedaily.com/NewsView/2D6J4Y8Q63,kookmin_media,지역사회 ESG 파트너십,긍정,0.9347770810127258
한서대·항공대·국민대 K-UAM 개론강의 개설,2024.03.06.,https://www.hellot.net/news/article.html?no=87423,kookmin_media,,긍정,0.8831537961959839
"[제 58회 납세자의 날] 안경봉 국민대 교수, ""균형잡힌 세법 연구 지속 ...",2024.03.05.,https://www.tfmedia.co.kr/news/article.html?no=159418,kookmin_media,회계의 투명성 관리,긍정,0.9846978187561036
한서대·항공대·국민대서 730조 UAM 시장 배운다,2024.03.05.,http://www.edaily.co.kr/news/newspath.asp?newsid=02683046638820368,kookmin_media,,긍정,0.9225955009460448
"국민대, 통일부 통일교육사업 평가 ‘최우수(S) 등급’ 획득",2024.03.05.,http://edu.donga.com/?p=article&ps=view&at_no=20240305120427802090,kookmin_media,,긍정,0.9940500259399414
"한서대·항공대·국민대, UAM 시범강의 개설… 올해 1학기부터 실시",2024.03.05.,https://biz.newdaily.co.kr/site/data/html/2024/03/05/2024030500012.html,kookmin_media,,긍정,0.9523035883903505
"한서대·항공대·국민대, ‘UAM 개론’ 시범강의 운영",2024.03.05.,https://www.dailian.co.kr/news/view/1335242/?sc=Naver,kookmin_media,,긍정,0.9844048619270324
"'K-UAM 개론' 강의, 한서대·항공대·국민대서 시범 운영",2024.03.05.,https://www.bizwork.co.kr/news/articleView.html?idxno=245748,kookmin_media,,긍정,0.9668136835098268
"“730조 시장 공략할 인재 양성”…한서대·항공대·국민대, K-UAM 강의 개...",2024.03.05.,https://www.news1.kr/articles/5339740,kookmin_media,,긍정,0.9589602947235109
한서대·항공대·국민대 대학서 K-UAM 개론 시범강의 개설,2024.03.05.,http://www.newsis.com/view/?id=NISX20240305_0002648116&cID=13001&pID=13000,kookmin_media,,긍정,0.9171876907348632
"국민대·㈜국제·롯데시티호텔 타슈켄트 팰리스, 포용적 비즈니스 위한...",2024.03.05.,http://news.heraldcorp.com/view.php?ud=20240305050219,kookmin_media,,긍정,0.91682231426239
"국민대, 통일부 통일교육사업 평가 '최우수(S) 등급' 획득",2024.03.05.,http://www.newstnt.com/news/articleView.html?idxno=349721,kookmin_media,,긍정,0.993844747543335
"국민대·국제·롯데시티호텔 타슈켄트 팰리스, 포용적 비즈니스 위한 M...",2024.03.05.,https://view.asiae.co.kr/article/2024030509222933931,kookmin_media,,긍정,0.9232873916625975
"국민대, 통일부 '통일교육사업 평가' 최우수 등급 획득",2024.03.04.,https://www.onews.tv/news/articleView.html?idxno=199193,kookmin_media,,긍정,0.9926405549049376
국민대 통일부 통일교육사업 평가 '최우수(S) 등급' 획득,2024.03.04.,http://www.veritas-a.com/news/articleView.html?idxno=496079,kookmin_media,,긍정,0.9940422177314758
"국민대-KOICA, 우즈베키스탄 IT 교육 역량 강화 위한 산학협력위원회 개...",2024.03.04.,https://www.etnews.com/20240304000358,kookmin_media,,긍정,0.8369026780128479
"[포토] 안경봉 국민대 교수, '납세자의 날' 홍조근정훈장 수상",2024.03.04.,https://www.ajunews.com/view/20240304121743112,kookmin_media,,긍정,0.7558804750442505
"국토부, 중앙대·국민대서 해외건설 특성화 인재 육성",2024.03.03.,http://www.edaily.co.kr/news/newspath.asp?newsid=01653126638819712,kookmin_media,,긍정,0.9753679037094116
중앙대·국민대에서 해외건설 전문가 키운다,2024.03.03.,https://www.ajunews.com/view/20240303102938369,kookmin_media,,긍정,0.971141755580902
중앙대·국민대에 해외건설투자개발사업 특성화 과정 첫 개강,2024.03.03.,https://biz.newdaily.co.kr/site/data/html/2024/03/03/2024030300013.html,kookmin_media,,긍정,0.9741267561912536
중앙대·국민대 건설 인재 양성… 정부 예산 연 2.7억원 지원,2024.03.03.,https://www.moneys.co.kr/article/2024022917452731673,kookmin_media,,긍정,0.96595561504364
"충남대-국민대, '인문학 리더십 강의Ⅰ' 공동 발간",2024.03.02.,https://www.ccdailynews.com/news/articleView.html?idxno=2259914,kookmin_media,,긍정,0.9902952909469604
"충남대학교 리더스피릿연구소, 국민대 후마니타스 리더십연구소와 『인...",2024.03.01.,https://www.lecturernews.com/news/articleView.html?idxno=147585,kookmin_media,,긍정,0.9728662967681884
최성진 국민대 교수 ‘세계 상위 2% 연구자’ 선정,2024.04.30.,http://www.edaily.co.kr/news/newspath.asp?newsid=03627686638861368,kookmin_media,,긍정,0.9395331144332886
"국민대 경력개발지원단, 서울광역청년센터와 업무협약 체결",2024.04.29.,https://news.unn.net/news/articleView.html?idxno=562540,kookmin_media,지역사회 ESG 파트너십,긍정,0.9516183137893676
"국민대 경력개발지원단 - 서울광역청년센터, 업무협약 체결",2024.04.29.,http://www.veritas-a.com/news/articleView.html?idxno=502246,kookmin_media,지역사회 ESG 파트너십,긍정,0.9519426226615906
"[대학이 묻고 지역사회가 답하다/①국민대·성북구] ""역사·문화예술 산...",2024.04.29.,https://news.unn.net/news/articleView.html?idxno=562308,kookmin_media,,긍정,0.9169698357582092
"유일선 국민대 교수, 정보보안 ‘세계 최상위 2% 연구자’ 선정",2024.04.28.,http://news.heraldcorp.com/view.php?ud=20240426050706,kookmin_media,,긍정,0.9736673831939696
국민대 내 미래차 사업미래단 찾은 최상목 부총리,2024.04.24.,https://www.newspim.com/news/view/20240424001102,kookmin_media,,긍정,0.9588608145713806
"최상목 부총리, 국민대학교 내 미래차사업단 방문",2024.04.24.,https://www.newspim.com/news/view/20240424001099,kookmin_media,,긍정,0.7013490796089172
국민대학교 내 미래차 사업미래단 찾은 최상목 부총리,2024.04.24.,https://www.newspim.com/news/view/20240424001098,kookmin_media,,긍정,0.6309913396835327
"최상목 부총리,국민대 취업준비 청년들 및 임직원 간담회",2024.04.24.,https://www.newspim.com/news/view/20240424001093,kookmin_media,,긍정,0.6643334627151489
국민대 미래차사업단 찾은 최상목 부총리,2024.04.24.,https://news.unn.net/news/articleView.html?idxno=562372,kookmin_media,,긍정,0.90468829870224
국민대서 학생들과 기념촬영 하는 최상목 부총리,2024.04.24.,https://www.news1.kr/photos/view/?6615416,kookmin_media,,긍정,0.7027952671051025
국민대 미래차 사업미래단 방문한 최상목 부총리,2024.04.24.,https://www.news1.kr/photos/view/?6615407,kookmin_media,,긍정,0.7569363713264465
국민대 대학일자리플러스센터 찾은 최상목 부총리,2024.04.24.,https://www.news1.kr/photos/view/?6615417,kookmin_media,,긍정,0.7671494483947754
국민대 대학일자리플러스센터 둘러보는 최상목 부총리,2024.04.24.,https://www.news1.kr/photos/view/?6615418,kookmin_media,,긍정,0.7437683939933777
국민대학교 미래차 사업미래단 방문한 최상목 부총리,2024.04.24.,https://www.yna.co.kr/view/PYH20240424146000013?input=1196m,kookmin_media,,긍정,0.676753580570221
국민대학교 대학일자리플러스센터 방문한 최상목 부총리,2024.04.24.,https://www.yna.co.kr/view/PYH20240424145900013?input=1196m,kookmin_media,,긍정,0.5498205423355103
"국민대 유일선 교수, 최상위 연구자 선정",2024.04.22.,https://www.naeil.com/news/read/508218?ref=naver,kookmin_media,,긍정,0.979263961315155
"국민대 유일선 교수, 정보보안 분야 세계 최상위 연구자 2% 선정",2024.04.22.,https://news.unn.net/news/articleView.html?idxno=562288,kookmin_media,,긍정,0.9892080426216124
"국민대 ""정보보호암호수학과 유일선 교수, 관련 분야 세계 최상위 연구...",2024.04.22.,http://edu.donga.com/?p=article&ps=view&at_no=20240422161348943250,kookmin_media,,긍정,0.9870468378067015
유일선 국민대 교수 ‘세계 최상위 연구자’ 선정,2024.04.22.,http://www.edaily.co.kr/news/newspath.asp?newsid=02791286638858744,kookmin_media,,긍정,0.9405531287193298
"국민대 정보보호암호수학과 유일선 교수, 관련 분야 세계 최상위 연구자...",2024.04.22.,http://www.newstnt.com/news/articleView.html?idxno=364986,kookmin_media,,긍정,0.9850656390190125
"유일선 국민대 교수, 보안 분야 '세계 최상위 연구자 2%' 등극",2024.04.22.,https://view.asiae.co.kr/article/2024042215310466501,kookmin_media,,긍정,0.9545809030532836
"국민대 유일선 교수, 보안 분야 세계 최상위 선정",2024.04.22.,https://www.newsis.com/view/?id=NISX20240422_0002708447&cID=10201&pID=10200,kookmin_media,,긍정,0.9452254176139832
"국민대 정보보호암호수학과 유일선 교수, 세계 최상위 연구자 2% 선정",2024.04.22.,https://www.onews.tv/news/articleView.html?idxno=204273,kookmin_media,,긍정,0.9547616243362428
"국민대 정보보호암호수학과 유일선 교수, '세계 최상위 연구자 2% 리스트...",2024.04.22.,https://www.pointdaily.co.kr/news/articleView.html?idxno=198458,kookmin_media,,긍정,0.9779331684112548
"유일선 국민대 정보보호암호수학과 교수, '세계 최상위 연구자 2%' 선정",2024.04.22.,http://www.m-i.kr/news/articleView.html?idxno=1113282,kookmin_media,,긍정,0.975978136062622
이승로 성북구청장 '천원의 아침밥' 1주년 맞아 국민대 방문,2024.04.22.,https://www.jeonmae.co.kr/news/articleView.html?idxno=1031879,kookmin_media,,긍정,0.9367199540138244
"국민대-광주디자인진흥원, ‘광주비엔날레 성공’ 위한 MOU 체결",2024.04.20.,http://news.heraldcorp.com/view.php?ud=20240419050689,kookmin_media,지역사회 ESG 파트너십,긍정,0.9778938293457032
"[포토] 이승로 성북구청장, '천원의 아침밤' 1주년 맞아 국민대 방문",2024.04.19.,https://www.asiatoday.co.kr/view.php?key=20240419010011106,kookmin_media,,긍정,0.9026683568954468
"성북구 '천원의 아침밥' 1주년…구청장, 국민대 찾아 직접 배식",2024.04.19.,https://www.news1.kr/articles/5390742,kookmin_media,,긍정,0.9602950811386108
'천원의 아침밥’ 1주년 맞아 국민대 찾은 이승로 성북구청장,2024.04.19.,http://www.shinailbo.co.kr/news/articleView.html?idxno=1861503,kookmin_media,,긍정,0.9785309433937072
"광주디자인진흥원-국민대, 업무협약 체결",2024.04.19.,http://www.namdonews.com/news/articleView.html?idxno=767588,kookmin_media,,긍정,0.975644826889038
"'천원의 아침밥' 사업 시행 1주년 맞은 성북구, 국민대 찾아 학생 의견...",2024.04.19.,https://news.unn.net/news/articleView.html?idxno=562198,kookmin_media,,긍정,0.9788177609443665
"국민대·광주디자인진흥원, 광주비엔날레 위한 업무협약",2024.04.19.,https://www.newsis.com/view/?id=NISX20240419_0002705518&cID=10201&pID=10200,kookmin_media,지역사회 ESG 파트너십,긍정,0.9659070372581482
"국민대 ""광주디자인진흥원과 디자인 산업 발전·광주비엔날레 성공개최...",2024.04.18.,http://edu.donga.com/?p=article&ps=view&at_no=20240418163908969921,kookmin_media,지역사회 ESG 파트너십,긍정,0.9557666182518004
"국민대, 광주디자인진흥원과 디자인 산업 발전·광주비엔날레 성공 개최...",2024.04.18.,https://www.dailysmart.co.kr/news/articleView.html?idxno=86088,kookmin_media,지역사회 ESG 파트너십,긍정,0.9779494404792786
"국민대·광주디자인진흥원, 디자인 산업 발전 등 MOU 교환",2024.04.18.,http://www.m-i.kr/news/articleView.html?idxno=1112554,kookmin_media,지역사회 ESG 파트너십,긍정,0.9149670004844666
"국민대, 광주디자인진흥원과 디자인 산업 발전·광주비엔날레 성공개최...",2024.04.18.,http://www.newstnt.com/news/articleView.html?idxno=363982,kookmin_media,지역사회 ESG 파트너십,긍정,0.9672765135765076
"국민대, 산림청 ‘산사태 관리 전문인력양성센터’ 선정",2024.04.18.,http://news.heraldcorp.com/view.php?ud=20240418050606,kookmin_media,,긍정,0.9542289972305298
"국민대, 광주디자인진흥원과 광주비엔날레 성공 개최 위한 MOU체결",2024.04.18.,https://news.unn.net/news/articleView.html?idxno=562143,kookmin_media,지역사회 ESG 파트너십,긍정,0.971093773841858
국민대 광주디자인진흥원과 디자인 산업 발전/광주비엔날레 성공개최 위...,2024.04.18.,http://www.veritas-a.com/news/articleView.html?idxno=501116,kookmin_media,지역사회 ESG 파트너십,긍정,0.9655675888061525
"국민대-광주디자인진흥원, 광주디자인비엔날레 성공개최 위한 MOU",2024.04.18.,https://www.onews.tv/news/articleView.html?idxno=203913,kookmin_media,지역사회 ESG 파트너십,긍정,0.9640734195709229
"국민대-광주디자인진흥원, 디자인산업 발전·광주비엔날레 성공개최 MO...",2024.04.18.,http://www.metroseoul.co.kr/article/20240418500262,kookmin_media,,긍정,0.975839138031006
"국민대, 광주디자인진흥원과 MOU 체결",2024.04.18.,https://dhnews.co.kr/news/view/1065581066651843,kookmin_media,,긍정,0.9453179836273192
"정릉3동, 국민대와 함께하는 마을공동체 '제7기 명예단체장 위촉식'",2024.04.18.,http://www.shinailbo.co.kr/news/articleView.html?idxno=1860684,kookmin_media,,긍정,0.9675732851028442
"국민대, 산림청 ‘산사태 통합관리 전문인력양성센터’ 선정",2024.04.17.,https://www.dt.co.kr/contents.html?article_no=2024041702109954056001&ref=naver,kookmin_media,,긍정,0.9827882647514344
"국민대, 산림청 '산사태 통합관리 전문인력양성센터' 선정",2024.04.17.,https://www.pointdaily.co.kr/news/articleView.html?idxno=197894,kookmin_media,,긍정,0.9716489911079408
"국민대, 산림청 '산사태 관리 전문인력양성센터' 선정",2024.04.17.,https://www.newsis.com/view/?id=NISX20240417_0002702782&cID=10201&pID=10200,kookmin_media,,긍정,0.9637811779975892
"국민대학교 평생교육원 장민호, 남자 대학부 100m/200m 은메달 쾌거",2024.04.17.,https://www.dailysecu.com/news/articleView.html?idxno=155210,kookmin_media,,긍정,0.8782063722610474
국민대 복싱부 창단에 함께한 복싱 스타들,2024.04.17.,https://www.newsfreezone.co.kr/news/articleView.html?idxno=562328,kookmin_media,,긍정,0.9682769179344176
"국민대, BGF리테일 서기문 상무 특강 진행",2024.04.17.,http://www.veritas-a.com/news/articleView.html?idxno=500878,kookmin_media,,긍정,0.9812012314796448
"국민대, 서기문 BGF리테일 상무 초청 특강 시행",2024.04.17.,https://www.dailysmart.co.kr/news/articleView.html?idxno=85983,kookmin_media,,긍정,0.980907380580902
국민대 산림청 '산사태 통합관리 전문인력양성센터' 선정,2024.04.17.,http://www.veritas-a.com/news/articleView.html?idxno=500875,kookmin_media,,긍정,0.9770315289497375
광주디자인진흥원-국민대 MOU,2024.04.16.,http://www.jndn.com/article.php?aid=1713252220384068004,kookmin_media,지역사회 ESG 파트너십,부정,0.5186101198196411
"광주디자인진흥원-국민대, 디자인산업 협력관계 구축",2024.04.15.,https://www.news1.kr/articles/5384757,kookmin_media,지역사회 ESG 파트너십,긍정,0.9764378666877748
"광주디자인진흥원·국민대, 디자인비엔날레 성공개최 협력",2024.04.15.,http://www.jnilbo.com/73330784705,kookmin_media,,긍정,0.9578633308410645
"국민대, BGF리테일 서기문 상무 특강 열어",2024.04.12.,https://www.newsis.com/view/?id=NISX20240412_0002697568&cID=10201&pID=10200,kookmin_media,,긍정,0.9694259166717528
"국민대, 서기문 BGF리테일 상무 초청 특강 실시",2024.04.12.,https://www.dailysmart.co.kr/news/articleView.html?idxno=85835,kookmin_media,,긍정,0.9709404706954956
"국민대, BGF리테일 서기문 상무 특강 개최",2024.04.12.,https://www.pointdaily.co.kr/news/articleView.html?idxno=197335,kookmin_media,,긍정,0.9785609245300292
국민대 BGF리테일 서기문 상무 초청 특강 개최,2024.04.12.,http://www.veritas-a.com/news/articleView.html?idxno=500370,kookmin_media,,긍정,0.9830915331840516
"국민대, BGF리테일 서기문 상무 초청...편의점 산업 특강 진행",2024.04.12.,https://www.onews.tv/news/articleView.html?idxno=203287,kookmin_media,,긍정,0.9764724373817444
"국민대, 카카오모빌리티와 첨단 산업 활성화 위한 MOU",2024.04.11.,https://www.newsis.com/view/?id=NISX20240411_0002695938&cID=10201&pID=10200,kookmin_media,지역사회 ESG 파트너십,긍정,0.925842583179474
2024년 국민대학교 캠퍼스타운 입주기업 모집 창업경진대회 2차 모집 실...,2024.04.11.,https://www.siminilbo.co.kr/news/newsview.php?ncode=1160280579301680,kookmin_media,,긍정,0.8704394698143005
국민대 '국민* 벚꽃 사진관' 행사 개최,2024.04.11.,https://www.newsis.com/view/?id=NISX20240411_0002695530&cID=10201&pID=10200,kookmin_media,,긍정,0.9308474063873292
"국민대, 카카오모빌리티와 첨단 모빌리티 산업 활성화를 위한 MOU 체결",2024.04.11.,https://www.pointdaily.co.kr/news/articleView.html?idxno=197108,kookmin_media,지역사회 ESG 파트너십,긍정,0.9385422468185424
국민대 카카오모빌리티와 첨단 모빌리티 산업 활성화 위한 업무협약 체...,2024.04.11.,http://www.veritas-a.com/news/articleView.html?idxno=500102,kookmin_media,지역사회 ESG 파트너십,긍정,0.9261817932128906
"국민대-카카오모빌리티, 첨단 모빌리티 산업 활성화 MOU",2024.04.11.,https://dhnews.co.kr/news/view/1065573507408849,kookmin_media,지역사회 ESG 파트너십,긍정,0.9243176579475404
"국민대, '국민* 벚꽃 사진관' 행사 개최",2024.04.11.,https://www.dailysmart.co.kr/news/articleView.html?idxno=85732,kookmin_media,,긍정,0.9444547295570374
"국민대, 카카오모빌리티와 첨단 모빌리티 산업 활성화 위해 '맞손'",2024.04.11.,https://www.dailysmart.co.kr/news/articleView.html?idxno=85727,kookmin_media,지역사회 ESG 파트너십,긍정,0.9693659543991088
"국민대, 카카오모빌리티와 첨단 모빌리티 산업 활성화 MOU",2024.04.10.,http://www.metroseoul.co.kr/article/20240410500058,kookmin_media,지역사회 ESG 파트너십,긍정,0.975458562374115
"국민대·카카오모빌리티, 첨단 모빌리티 산업 활성화 MOU 교환",2024.04.10.,http://www.m-i.kr/news/articleView.html?idxno=1109859,kookmin_media,지역사회 ESG 파트너십,긍정,0.8775081634521484
"국민대 연구팀, 차세대 에너지 ‘수계 이온 배터리’ 성능 개선 기술 개...",2024.04.10.,http://news.heraldcorp.com/view.php?ud=20240409050782,kookmin_media,"에너지 사용 절감 및 체계적 관리,청정 재생에너지,캠퍼스 차량",긍정,0.9863734245300292
"국민대, '국민*벚꽃 사진관' 행사 개최",2024.04.09.,http://www.m-i.kr/news/articleView.html?idxno=1109818,kookmin_media,,긍정,0.9168689250946044
"국민대, 국민벚꽃 사진관 행사 개최",2024.04.09.,https://news.unn.net/news/articleView.html?idxno=561773,kookmin_media,,긍정,0.9659013748168944
"국민대, '국민 벚꽃 사진관' 행사 개최…소통·유대감 촉진",2024.04.09.,https://www.pointdaily.co.kr/news/articleView.html?idxno=196994,kookmin_media,,긍정,0.9393573999404908
"홍승현 국민대 교수 연구팀, 수계배터리 성능 및 안정성 향상 기술 개발",2024.04.09.,http://www.m-i.kr/news/articleView.html?idxno=1109807,kookmin_media,,긍정,0.9653154015541076
국민대 '국민*벚꽃 사진관' 행사 개최,2024.04.09.,http://www.veritas-a.com/news/articleView.html?idxno=500039,kookmin_media,,긍정,0.9541729688644408
"국민대, '국민*벚꽃 사진관' 행사 개최 ""조직 내 협력 강화""",2024.04.09.,https://www.onews.tv/news/articleView.html?idxno=203034,kookmin_media,,긍정,0.9601719975471495
"국민대 홍승현 교수팀, 수계배터리 성능 향상 기술 개발",2024.04.09.,https://view.asiae.co.kr/article/2024040916431233583,kookmin_media,"캠퍼스 차량,에너지 사용 절감 및 체계적 관리,청정 재생에너지",긍정,0.9852420687675476
"국민대, ‘국민*벚꽃 사진관’ 행사",2024.04.09.,https://dhnews.co.kr/news/view/1065597294034667,kookmin_media,,긍정,0.9172349572181702
"국민대 홍승현, 수계배터리 성능 향상 기술 개발",2024.04.09.,https://www.newsis.com/view/?id=NISX20240409_0002693132&cID=10201&pID=10200,kookmin_media,"에너지 사용 절감 및 체계적 관리,캠퍼스 차량,청정 재생에너지",긍정,0.9742751121520996
국민대 남자 화장실서 불법 촬영한 20대 남성 체포,2024.04.08.,https://www.asiatoday.co.kr/view.php?key=20240408010004892,kookmin_media,,긍정,0.5063727498054504
국민대 홍승현 교수 연구팀 수계배터리 성능/안정성 향상 기술 개발,2024.04.08.,http://www.veritas-a.com/news/articleView.html?idxno=499902,kookmin_media,"캠퍼스 차량,에너지 사용 절감 및 체계적 관리,청정 재생에너지",긍정,0.9782986044883728
"홍승현 국민대 전자화학재료전공 교수 연구팀, 수계배터리 성능·안정성...",2024.04.08.,https://www.dailysmart.co.kr/news/articleView.html?idxno=85657,kookmin_media,"캠퍼스 차량,에너지 사용 절감 및 체계적 관리,청정 재생에너지",긍정,0.978312373161316
"국민대 남학생 화장실에서 '찰칵'…몰카 찍은 20대 남성, 현행범 체포",2024.04.08.,http://news.mt.co.kr/mtview.php?no=2024040817243240565,kookmin_media,,긍정,0.5404546856880188
국민대 남자 화장실서 불법 촬영한 20대男 현행범 체포,2024.04.08.,https://www.ikbc.co.kr/article/view/kbc202404080052,kookmin_media,,긍정,0.5255427956581116
국민대 인근 남자 화장실서 불법촬영…20대男 체포,2024.04.08.,https://www.newsis.com/view/?id=NISX20240408_0002692212&cID=10201&pID=10200,kookmin_media,,긍정,0.6646472811698914
"""내년에도 꼭 하고 싶은 서울코리아오픈"" 국민대학교 자원봉사자, 정은...",2024.04.06.,http://www.tennis.co.kr/Home/Gateway.php?seq_no=35708,kookmin_media,,긍정,0.9918896555900574
"국민대 황승흠·김성배, 인하대 정영진 교수 제9회 북악법학학술상 수상",2024.04.03.,https://www.lawtimes.co.kr/news/197277,kookmin_media,,긍정,0.9135127663612366
"국민대 공동기기원, ‘첨단기기 분석 세미나’ 오는 11일 개최",2024.04.02.,https://www.etoday.co.kr/news/view/2346881,kookmin_media,,긍정,0.9197877645492554
"국민대, 2024 캡스톤디자인 아이디어 경진대회 개최",2024.05.31.,https://www.news1.kr/articles/5433804,kookmin_media,,긍정,0.9395722150802612
"국민대, 2024 캡스톤디자인 아이디어 경진대회 개최... 7월 1일까지 접수",2024.05.31.,http://www.kdpress.co.kr/news/articleView.html?idxno=129113,kookmin_media,,긍정,0.9326422810554504
"국민대학교 캠퍼스타운 입주기업 ‘㈜트리플스퀘어’, 시드 투자 유치 ...",2024.05.30.,http://www.fnnews.com/news/202405301404201969,kookmin_media,,긍정,0.6851047873497009
"국민대, KBOㆍ전국 25개 대학과 지역사회 상생 프로젝트 위한 MOU 맺어",2024.05.29.,https://www.etoday.co.kr/news/view/2364916,kookmin_media,,긍정,0.9642631411552428
"국민대, KBO-전국 25개 대학과 지역사회 상생 프로젝트 위한 MOU",2024.05.29.,https://view.asiae.co.kr/article/2024052916105710613,kookmin_media,,긍정,0.9699835777282716
"국민대 류일환 박사, 2024 세종과학펠로우십 선정",2024.05.29.,http://www.fnnews.com/news/202405291048454553,kookmin_media,,긍정,0.9656127095222472
"국민대, ‘2024학년도 국민대학교 창의아이디어 개발 창업캠프’ 진행",2024.05.28.,https://www.sedaily.com/NewsView/2D9D4B8NSL,kookmin_media,,긍정,0.9716417789459229
"국민대 조관우 학생, 인간행동유전 논문 SCI학술지 게재",2024.05.28.,https://www.newsis.com/view/?id=NISX20240528_0002751165&cID=10201&pID=10200,kookmin_media,,긍정,0.966733455657959
"국민대, ‘2024학년도 국민대학교 창의아이디어 개발 창업캠프’ 성료",2024.05.28.,http://edu.donga.com/?p=article&ps=view&at_no=20240528111730404318,kookmin_media,,긍정,0.9750774502754213
"국민대 캠퍼스타운, ‘KMU 모바일 앱 아이디어 해커톤 전시회’ 성료",2024.05.28.,http://dhnews.co.kr/news/view/1065577837263737,kookmin_media,,긍정,0.9408121109008788
"국민대학교, 생성AI 선도인재양성사업 지원대상 대학 선정",2024.05.28.,https://www.donga.com/news/Society/article/all/20240527/125127924/1,kookmin_media,,긍정,0.974583864212036
"국민대, 카피라이터 출신 창업가 박수인 대표 특강",2024.05.27.,https://www.newsis.com/view/?id=NISX20240527_0002750199&cID=10201&pID=10200,kookmin_media,,긍정,0.9712454676628112
국민대 조관우 학생 인간행동유전 관련 논문 SCI학술지 게재,2024.05.27.,http://www.veritas-a.com/news/articleView.html?idxno=506224,kookmin_media,,긍정,0.9375233054161072
"국민대 학부생, SCI 학술지에 인간행동유전 논문 게재",2024.05.27.,https://www.news1.kr/articles/5428617,kookmin_media,,긍정,0.9550514221191406
"국민대 조관우 학생, '인간행동유전' 관련 논문 SCI학술지 게재",2024.05.27.,https://www.pointdaily.co.kr/news/articleView.html?idxno=203400,kookmin_media,,긍정,0.9413506388664246
"국민대 학생, 인간행동유전 관련 논문 SCI학술지 게재",2024.05.27.,http://www.m-i.kr/news/articleView.html?idxno=1124260,kookmin_media,,긍정,0.9749096632003784
"국민대, '목요특강의 연사'에 박수인 (주)와일리 대표 강연",2024.05.27.,https://www.asiatoday.co.kr/view.php?key=20240527010013942,kookmin_media,폐기물 배출,긍정,0.972324013710022
"국민대, 와일리 박수인 대표 초청 특강 진행 ""Beyond Me, Next Me"" 주제",2024.05.27.,https://www.onews.tv/news/articleView.html?idxno=207762,kookmin_media,,긍정,0.955169141292572
"국민대, (주)와일리 박수인 대표 특강",2024.05.27.,http://www.newstnt.com/news/articleView.html?idxno=375786,kookmin_media,,긍정,0.9773780703544616
"국민대, (주)와일리 박수인 대표 특강 개최…""Beyond Me, Next Me""",2024.05.27.,https://www.pointdaily.co.kr/news/articleView.html?idxno=203314,kookmin_media,,긍정,0.9624913930892944
"국민대, 박수인 ㈜와일리 대표 초청 특강 개최",2024.05.27.,https://news.unn.net/news/articleView.html?idxno=563753,kookmin_media,,긍정,0.982004463672638
"국민대 와일리 박수인 대표 특강 열어 ""Beyond Me, Next Me""",2024.05.27.,http://www.veritas-a.com/news/articleView.html?idxno=506071,kookmin_media,,긍정,0.9728224277496338
"국민대, 박수인 와일리 대표 초청 특강 개최",2024.05.27.,http://www.m-i.kr/news/articleView.html?idxno=1124039,kookmin_media,폐기물 배출,긍정,0.9539768099784852
"국민대, 박수인 ㈜와일리 대표 특강 실시",2024.05.27.,https://www.dailysmart.co.kr/news/articleView.html?idxno=87831,kookmin_media,,긍정,0.9868677854537964
"국민대학교 캠퍼스타운, ‘KMU 모바일 앱 아이디어 해커톤 전시회’ 성...",2024.05.27.,https://www.gosiweek.com/article/1065571477055195,kookmin_media,,긍정,0.9370567798614502
20대에서 80대까지...국민대합창제 '어깨동무' 성료,2024.05.25.,https://www.ytn.co.kr/_ln/0106_202405251855441521,kookmin_media,,긍정,0.9841390252113342
"박원광 국민대 교수, '세계 상위 2% 연구자' 선정",2024.05.25.,https://www.news1.kr/articles/5426849,kookmin_media,,긍정,0.9232810735702516
"국민대 정보보안암호수학과 박원광 교수, 세계 최상위 연구자 2% 뽑혀",2024.05.24.,https://www.joongang.co.kr/article/25251616,kookmin_media,,긍정,0.930793523788452
청소년 난독 막는다…국민대·경기도의정부교육지원청 업무협약,2024.05.24.,https://news.heraldcorp.com/view.php?ud=20240524050444,kookmin_media,,긍정,0.9621546864509584
"국민대 박원광 교수, 세계 최상위 연구자 2% 선정",2024.05.24.,https://www.newsis.com/view/?id=NISX20240524_0002747032&cID=10201&pID=10200,kookmin_media,,긍정,0.9123274087905884
"박원광 국민대 교수, ‘세계 상위 2% 연구자’ 선정",2024.05.23.,http://www.edaily.co.kr/news/newspath.asp?newsid=03657206638891872,kookmin_media,,긍정,0.9447399973869324
"국민대 정보보안암호수학과 박원광 교수, '세계 최상위 연구자 2%' 리스...",2024.05.23.,https://www.pointdaily.co.kr/news/articleView.html?idxno=202937,kookmin_media,,긍정,0.8804760575294495
국민대 정보보호암호수학과 박원광 교수 세계 최상위 연구자 2% 선정,2024.05.23.,http://www.veritas-a.com/news/articleView.html?idxno=505573,kookmin_media,,긍정,0.9672072529792786
"국민대 박원광 교수, ‘세계 최상위 연구자 2%’ 선정",2024.05.23.,https://dhnews.co.kr/news/view/1065578591818006,kookmin_media,,긍정,0.9530900716781616
"국민대, 제24회 전국고등학생 조형실기대회 개최",2024.05.22.,https://www.newsis.com/view/?id=NISX20240522_0002743645&cID=10201&pID=10200,kookmin_media,,긍정,0.9574570655822754
"국민대·의정부교육지원청, 난독 현상 예방 업무협약",2024.05.21.,https://www.newsis.com/view/?id=NISX20240521_0002742794&cID=10201&pID=10200,kookmin_media,,긍정,0.9719574451446532
'첨단분야 혁신융합대학' 서울대 국민대 단대 18개 분야에서 2개 주관 '...,2024.05.21.,http://www.veritas-a.com/news/articleView.html?idxno=505169,kookmin_media,,긍정,0.9569156765937804
"국민대 ""제24회 전국고등학생 조형실기대회 개최""",2024.05.21.,http://edu.donga.com/?p=article&ps=view&at_no=20240521160434720687,kookmin_media,,긍정,0.9750339388847352
국민대 예비수험생 대상 '제24회 조형실기대회' 개최…대상 조형대학 4...,2024.05.21.,https://www.asiatoday.co.kr/view.php?key=20240521010010405,kookmin_media,,긍정,0.9019466638565063
"국민대, 기초학력 향상·난독현상 예방 등 의정부교육청과 MOU",2024.05.20.,https://www.asiatoday.co.kr/view.php?key=20240520010009951,kookmin_media,,긍정,0.968047857284546
"국민대-의정부교육지원청, 기초학력보장·난독 현상 예방 위한 MOU",2024.05.20.,http://www.newstnt.com/news/articleView.html?idxno=373557,kookmin_media,,긍정,0.9860087037086488
"국민대, 의정부교육지원청과 기초학력보장·난독 현상 예방 위한 MOU 체...",2024.05.20.,https://www.dt.co.kr/contents.html?article_no=2024052002109954062002&ref=naver,kookmin_media,,긍정,0.9776203036308287
"국민대, 의정부교육지원청과 기초학력보장 위한 MOU 교환",2024.05.20.,http://www.m-i.kr/news/articleView.html?idxno=1121760,kookmin_media,,긍정,0.9694687128067015
"국민대-의정부교육지원청, 기초학력보장·난독 현상 예방 위한 업무협약",2024.05.20.,https://www.onews.tv/news/articleView.html?idxno=207036,kookmin_media,,긍정,0.964626133441925
"국민대-의정부교육지원청, 기초학력보장 MOU",2024.05.20.,https://dhnews.co.kr/news/view/1065575256394473,kookmin_media,,긍정,0.8976461887359619
"국민대, 의정부교육지원청과 기초학력보장/난독 현상 예방 위한 MOU 체결",2024.05.20.,http://www.veritas-a.com/news/articleView.html?idxno=504893,kookmin_media,,긍정,0.982017993927002
"국민대, 의정부교육지원청과 기초학력보장·난독 현상 예방 위해 '맞손...",2024.05.20.,https://www.dailysmart.co.kr/news/articleView.html?idxno=87479,kookmin_media,,긍정,0.9565563797950744
"국민대 공선정 동문, 전주국제영화제 한국단편경쟁부문 대상",2024.05.17.,http://www.newstnt.com/news/articleView.html?idxno=372967,kookmin_media,,긍정,0.8995033502578735
"[특별심포지엄] 임현택 국민대 교수 ""해상풍력 추진, 사회적 합의 기반...",2024.05.17.,https://www.pinpointnews.co.kr/news/articleView.html?idxno=266184,kookmin_media,,긍정,0.9286063313484192
"국민대, 제1회 도자공예판매전 개최…19일까지",2024.05.17.,https://www.munhwa.com/news/view.html?no=2024051701039921043002,kookmin_media,,긍정,0.9266148209571838
[포토] 토론회 좌장 맡은 임현택 국민대 특임교수,2024.05.17.,https://www.pinpointnews.co.kr/news/articleView.html?idxno=266175,kookmin_media,,긍정,0.9178327918052672
"국민대, 제1회 도자공예판매전 개최",2024.05.17.,https://www.newsis.com/view/?id=NISX20240517_0002738135&cID=10201&pID=10200,kookmin_media,,긍정,0.9243295788764954
국민대 공선정 동문 전주국제영화제 한국단편경쟁부문 대상 수상,2024.05.17.,http://www.veritas-a.com/news/articleView.html?idxno=504690,kookmin_media,,긍정,0.9339659214019777
예술성 높은 국민대 제1회 도자기공예판매전,2024.05.17.,https://news.unn.net/news/articleView.html?idxno=563288,kookmin_media,,긍정,0.9889330863952636
국민대 교직원 대상 진로/취업 상담 가이드북 제작 배포,2024.05.16.,http://www.veritas-a.com/news/articleView.html?idxno=504483,kookmin_media,취약계층 지원강화,긍정,0.96347314119339
"국민대학교, 제1회 도자공예판매전",2024.05.16.,http://www.newstnt.com/news/articleView.html?idxno=372481,kookmin_media,,긍정,0.9301397800445556
"국민대, '제1회 도자공예판매전' 개최…북악도예가회 공동 기획",2024.05.16.,https://www.pointdaily.co.kr/news/articleView.html?idxno=201721,kookmin_media,,긍정,0.9426398873329164
"국민대학교, 제1회 도자공예판매전 개최",2024.05.16.,https://www.onews.tv/news/articleView.html?idxno=206675,kookmin_media,,긍정,0.9433850049972534
"국민대, 교직원 대상 진로·취업 상담 가이드북 제작 배포",2024.05.16.,https://www.dailysmart.co.kr/news/articleView.html?idxno=87333,kookmin_media,,긍정,0.9579734802246094
국민대 제1회 도자공예판매전 개최,2024.05.16.,http://www.veritas-a.com/news/articleView.html?idxno=504445,kookmin_media,,긍정,0.9342920184135436
"국민대 캠퍼스타운 사업단, ‘2024 KMU 모바일 앱 아이디어 해커톤 성황...",2024.05.16.,https://dhnews.co.kr/news/view/1065592082849330,kookmin_media,,긍정,0.8942450881004333
"DGIST-국민대 공동연구팀, 배터리 없이 빛나는 복합체 원인 규명",2024.05.15.,https://www.idaegu.co.kr/news/articleView.html?idxno=461089,kookmin_media,,긍정,0.9926326870918274
"국민대학교 캠퍼스타운 사업단, ‘2024 KMU 모바일 앱 아이디어 해커톤...",2024.05.15.,https://www.gosiweek.com/article/1065596554420159,kookmin_media,,긍정,0.9694132208824158
국민대 명원박물관 ‘墨으로 남긴 기억’ 탁본 전시,2024.05.14.,https://www.joongang.co.kr/article/25249326,kookmin_media,,긍정,0.9391154050827026
"국민대, '찾아가는 국민취업지원제도 상담' 행사 진행",2024.05.14.,https://news.unn.net/news/articleView.html?idxno=563139,kookmin_media,,긍정,0.943498432636261
국민대 명원박물관 '묵으로 남긴 기억' 탁본 전시회 개최,2024.05.14.,https://view.asiae.co.kr/article/2024051410325945142,kookmin_media,,긍정,0.8920159339904785
"국민대학교 캠퍼스타운 사업단, '2024 KMU 모바일 앱 아이디어 해커톤' ...",2024.05.14.,http://www.kdpress.co.kr/news/articleView.html?idxno=128673,kookmin_media,,긍정,0.959728181362152
국민대 명원박물관 ‘묵으로 남긴 기억’ 탁본 전시회 개최,2024.05.14.,https://www.munhwa.com/news/view.html?no=2024051401039936156001,kookmin_media,,긍정,0.9298264384269714
국민대 명원박물관 ‘墨(묵)으로 남긴 기억’ 탁본 전시회 개최,2024.05.13.,http://edu.donga.com/?p=article&ps=view&at_no=20240513175951703531,kookmin_media,,긍정,0.9522852897644044
국민대 명원박물관 ‘墨으로 남긴 기억’ 탁본 전시회 개최,2024.05.13.,https://www.dt.co.kr/contents.html?article_no=2024051302109954088001&ref=naver,kookmin_media,,긍정,0.9457978010177612
국민대 명원박물관 ‘墨으로 남긴 기억’ 탁본 전시회 16일부터,2024.05.13.,https://www.hankookilbo.com/News/Read/A2024051315120002110?did=NA,kookmin_media,,긍정,0.9162991642951964
국민대학교 명원박물관 '墨으로 남긴 기억' 탁본 전시회,2024.05.13.,http://www.newstnt.com/news/articleView.html?idxno=371628,kookmin_media,,긍정,0.9335282444953918
"국민대 김영진씨, 42회 전국대학무용경연대회 대상",2024.05.13.,https://www.inews365.com/news/article.html?no=814156,kookmin_media,,긍정,0.9040085077285768
"국민대 명원박물관, 16일부터 ‘墨으로 남긴 기억’ 탁본 전시회 개최",2024.05.13.,http://www.metroseoul.co.kr/article/20240513500557,kookmin_media,,긍정,0.9573166966438292
국민대 명원박물관 '墨으로 남긴 기억' 탁본 전시회 개최,2024.05.13.,https://news.unn.net/news/articleView.html?idxno=563068,kookmin_media,,긍정,0.92897766828537
"국민대 명원박물관, '墨으로 남긴 기억' 탁본 전시회 개최",2024.05.13.,http://www.m-i.kr/news/articleView.html?idxno=1119860,kookmin_media,,긍정,0.8767462372779846
"국민대 명원박물관, '묵으로 남긴 기억' 탁본 전시회 개최",2024.05.13.,https://www.dailysmart.co.kr/news/articleView.html?idxno=87199,kookmin_media,,긍정,0.9592347741127014
"국민대 명원박물관, '墨으로 남긴 기억' 전시회",2024.05.13.,https://www.viva100.com/main/view.php?key=20240513010003751,kookmin_media,,긍정,0.8836683630943298
"국민대학교 명원박물관, '墨으로 남긴 기억' 탁본 전시회 개최",2024.05.13.,https://www.pointdaily.co.kr/news/articleView.html?idxno=201235,kookmin_media,,긍정,0.9445686340332032
"국민대 명원박물관, ‘墨으로 남긴 기억’ 탁본 전시회",2024.05.13.,https://dhnews.co.kr/news/view/1065578535790955,kookmin_media,,긍정,0.8871597051620483
"국민대, 과기정통부 ‘생성AI 선도인재양성 사업’ 선정",2024.05.12.,https://www.naeil.com/news/read/510118?ref=naver,kookmin_media,,긍정,0.9727161526679992
"국민대, 과기정통부 '생성AI 선도인재양성 사업' 선정",2024.05.12.,https://www.news1.kr/articles/5413214,kookmin_media,,긍정,0.9709576368331908
나사렛대학교 산학협력단 CAA센터·국민대 ERiD 읽기쓰기클리니컬센터 ...,2024.05.12.,https://www.ccdailynews.com/news/articleView.html?idxno=2273420,kookmin_media,,긍정,0.9438751339912416
"국민대-타슈켄트정보통신대학교, 복수학위 프로그램 운영 상호협약 체결",2024.05.11.,https://news.heraldcorp.com/view.php?ud=20240511050074,kookmin_media,,긍정,0.9680854082107544
"국민대-타슈켄트정보통신대, 복수학위 프로그램 추진",2024.05.11.,https://www.naeil.com/news/read/510096?ref=naver,kookmin_media,,긍정,0.9379248023033142
"나사렛대학교-국민대학교, 난독증 학생지원 공동협력 '맞손'",2024.05.10.,https://www.newsfreezone.co.kr/news/articleView.html?idxno=567749,kookmin_media,,긍정,0.9739763736724854
"[에듀플러스]국민대, 과기정통부 '생성 AI 선도인재양성 사업' 선정",2024.05.10.,https://www.etnews.com/20240510000229,kookmin_media,,긍정,0.965586483478546
"나사렛대 산학협력단 CAA센터, 국민대 ERiD 읽기쓰기클리니컬센터와 난...",2024.05.10.,https://www.pointdaily.co.kr/news/articleView.html?idxno=200940,kookmin_media,,긍정,0.9644155502319336
"국민대, '생성AI 선도인재양성 사업' 지원 대상 대학 선정",2024.05.09.,https://www.pointdaily.co.kr/news/articleView.html?idxno=200877,kookmin_media,,긍정,0.9763451218605042
"국민대학교, 과기정통부 '생성AI 선도인재양성 사업' 선정",2024.05.09.,https://www.onews.tv/news/articleView.html?idxno=206078,kookmin_media,,긍정,0.9793946146965028
국민대 과기정통부 '생성AI 선도인재양성 사업' 선정,2024.05.09.,http://www.veritas-a.com/news/articleView.html?idxno=503663,kookmin_media,,긍정,0.9777928590774536
"서울시립대-국민대, 연구 상호교류 등 MOU",2024.05.09.,https://www.viva100.com/main/view.php?key=20240509010002850,kookmin_media,지역사회 ESG 파트너십,긍정,0.964316189289093
"서울시립대, 국민대와 ‘교육·연구 분야 교류 확대’ 업무 협약 체결",2024.05.09.,http://www.betanews.net:8080/article/1466099.html,kookmin_media,지역사회 ESG 파트너십,긍정,0.9253421425819396
"서울시립대 – 국민대, 교류 협력 업무 협약 체결",2024.05.09.,https://news.unn.net/news/articleView.html?idxno=562919,kookmin_media,지역사회 ESG 파트너십,긍정,0.9509541392326356
"서울시립대학교·국민대학교, 업무 협약 체결",2024.05.09.,http://www.enewstoday.co.kr/news/articleView.html?idxno=2125188,kookmin_media,지역사회 ESG 파트너십,긍정,0.9753391146659852
국민대 2025학년 대입박람회 상담부스 참여현황.. 11일부터 12월19일까지...,2024.05.09.,http://www.veritas-a.com/news/articleView.html?idxno=503541,kookmin_media,,긍정,0.7555478811264038
"국민대, 우즈베키스탄 타슈켄트정보통신대학교와 복수학위 프로그램 진...",2024.05.08.,http://edu.donga.com/?p=article&ps=view&at_no=20240508105734849131,kookmin_media,,긍정,0.9204853773117064
"국민대, 우즈베키스탄 타슈켄트정보통신대와 복수학위 협약 체결",2024.05.08.,https://view.asiae.co.kr/article/2024050809090140751,kookmin_media,,긍정,0.957050919532776
"국민대, 우즈베키스탄 타슈켄트정보통신대와 상호협약",2024.05.07.,https://www.newsis.com/view/?id=NISX20240507_0002725849&cID=10201&pID=10200,kookmin_media,,긍정,0.9330140352249146
"국민대-우즈베키스탄 TUIT, 복수학위 프로그램 MOU",2024.05.07.,https://www.viva100.com/main/view.php?key=20240507010001868,kookmin_media,,긍정,0.97415292263031
"국민대, 우즈베키스탄 타슈켄트정보통신대학교와 상호협약 체결",2024.05.07.,https://www.pointdaily.co.kr/news/articleView.html?idxno=200456,kookmin_media,,긍정,0.9169593453407288
"국민대, 타슈켄트정보통신대와 ‘복수학위’ 추진 협약",2024.05.07.,http://www.edaily.co.kr/news/newspath.asp?newsid=02778166638886624,kookmin_media,,긍정,0.9194542765617372
"국민대, 우즈베키스탄 타슈켄트정보통신대와 복수학위 프로그램 진행 상...",2024.05.07.,https://www.dt.co.kr/contents.html?article_no=2024050702109954039001&ref=naver,kookmin_media,,긍정,0.9182755947113036
"국민대, 우즈베키스탄 TUIT와 복수학위 프로그램 상호협약 체결",2024.05.07.,http://www.m-i.kr/news/articleView.html?idxno=1117937,kookmin_media,,긍정,0.938321888446808
"국민대-우즈벡 타슈켄트정보통신대, 복수학위 프로그램 진행 상호협약",2024.05.07.,https://www.onews.tv/news/articleView.html?idxno=205768,kookmin_media,,긍정,0.9253715872764589
"국민대, 타슈켄트정보통신대와 복수학위 상호협약",2024.05.07.,https://dhnews.co.kr/news/view/1065585405371263,kookmin_media,,긍정,0.9026466012001038
국민대 우즈베키스탄 타슈켄트정보통신대와 복수학위 프로그램 진행 상...,2024.05.07.,http://www.veritas-a.com/news/articleView.html?idxno=503141,kookmin_media,,긍정,0.9308182001113892
“아침 학식 이용 3배 늘어” 국민대생 마음 잡은 ‘천원의 아침밥’,2024.05.02.,http://www.seouland.com/arti/society/society_general/16756.html,kookmin_media,,긍정,0.9884441494941713
"국민대 한국어문학부, 타슈켄트한국교육원과 ‘학생 말하기 대회’ 개최",2024.06.29.,https://news.heraldcorp.com/view.php?ud=20240629050070,kookmin_media,,긍정,0.9512138962745668
"국민대, 외국인 대상 한국어말하기 대회",2024.06.29.,https://www.naeil.com/news/read/515054?ref=naver,kookmin_media,,긍정,0.9499164819717408
국민대 ‘다학제간캡스톤디자인 어워드’ 성료,2024.06.29.,https://www.naeil.com/news/read/515050?ref=naver,kookmin_media,,긍정,0.9489038586616516
"한양대 ERICA, 국민대와 첨단분야 혁신융합대학 '취업 토크 콘서트' 개최",2024.06.29.,http://www.newstnt.com/news/articleView.html?idxno=386843,kookmin_media,,긍정,0.9366489052772522
"한양대 ERICA - 국민대, 첨단분야 혁신융합대학 '취업 토크 콘서트' 개최",2024.06.28.,https://news.unn.net/news/articleView.html?idxno=565296,kookmin_media,,긍정,0.9454336762428284
"[국민대 총장배] 내외곽 고루 활약한 서울대 SUN 이래은 ""변준형 선수의...",2024.06.28.,http://www.rookie.co.kr/news/articleView.html?idxno=99377,kookmin_media,,긍정,0.9685113430023192
"국민대 차세대통신사업단, '다학제간캡스톤디자인 어워드' 진행",2024.06.28.,https://www.newsfreezone.co.kr/news/articleView.html?idxno=578390,kookmin_media,,긍정,0.9250709414482116
"국민대 차세대통신사업단, '2024 다학제간캡스톤디자인 어워드' 성료",2024.06.28.,https://www.pointdaily.co.kr/news/articleView.html?idxno=208214,kookmin_media,,긍정,0.9463447332382202
국민대 차세대통신사업단 '2024 다학제간캡스톤디자인 어워드' 성료,2024.06.28.,http://www.veritas-a.com/news/articleView.html?idxno=510753,kookmin_media,,긍정,0.9225655198097228
"한양대 ERICA, 국민대와 '미래자동차·지능형로봇' 토크 콘서트 개최",2024.06.28.,https://www.asiatoday.co.kr/view.php?key=20240628010016474,kookmin_media,,긍정,0.9321077466011048
"'대학 아마추어 최강자 가린다' 국민대 총장배, 마침내 개막",2024.06.28.,http://www.rookie.co.kr/news/articleView.html?idxno=99367,kookmin_media,,긍정,0.9843124747276306
[28일 대학가] 국민대·한양대·서울시립대,2024.06.28.,https://www.asiatime.co.kr/article/20240628500143,kookmin_media,,긍정,0.9307932257652284
"한양대 ERICA, 국민대와 ‘취업 토크 콘서트’ 개최",2024.06.28.,https://www.newsis.com/view/NISX20240628_0002790956,kookmin_media,,긍정,0.8959217667579651
"국민대, ‘2024 다학제간캡스톤디자인 어워드’ 성료",2024.06.28.,https://www.newsis.com/view/NISX20240628_0002790931,kookmin_media,,긍정,0.9197221398353576
"국민대 ""차세대통신사업단, ‘2024 다학제간캡스톤디자인 어워드’""",2024.06.28.,http://edu.donga.com/?p=article&ps=view&at_no=20240628110755287351,kookmin_media,,긍정,0.8997984528541565
"국민대 차세대통신사업단, '2024 다학제간캡스톤디자인 어워드' 성황리...",2024.06.28.,https://www.dailysmart.co.kr/news/articleView.html?idxno=89310,kookmin_media,,긍정,0.9241894483566284
‘동아리 최고 대회’ 제40회 국민대 총장배 전국 아마추어 대학농구대...,2024.06.27.,https://m.sports.naver.com/basketball/article/065/0000264173,kookmin_media,,긍정,0.9854246973991394
'연세대 볼케이노 5연패 도전' 제 40회 국민대 총장배 전국 아마추어 대...,2024.06.27.,http://www.osen.co.kr/article/G1112365589,kookmin_media,,긍정,0.9811392426490784
"대학 아마추어 최고 대회가 다가온다! 국민대 총장배, 28일 대망의 개막",2024.06.27.,http://www.rookie.co.kr/news/articleView.html?idxno=99351,kookmin_media,,긍정,0.9891825318336488
"국민대, 외국인 대상 '학생 말하기대회'와 '교사 수업대회' 개최",2024.06.27.,https://www.newsfreezone.co.kr/news/articleView.html?idxno=578031,kookmin_media,,긍정,0.9384258985519408
"국민대, 외국인 대상 한국어말하기·한국어교사 수업대회 개최",2024.06.27.,http://www.m-i.kr/news/articleView.html?idxno=1134086,kookmin_media,,긍정,0.913358509540558
"국민대 한국어문학부, 외국인 대상 한국어말하기 및 한국어교사 수업대...",2024.06.27.,https://www.pointdaily.co.kr/news/articleView.html?idxno=207882,kookmin_media,,긍정,0.96467262506485
"국민대 한국어문학부, 외국인 대상 한국어말하기·한국어교사 수업대회...",2024.06.27.,https://www.dailysmart.co.kr/news/articleView.html?idxno=89205,kookmin_media,,긍정,0.9302583932876588
"국민대, 한국어말하기 및 한국어교사 수업대회 개최",2024.06.27.,https://www.newsis.com/view/NISX20240626_0002787959,kookmin_media,,긍정,0.9286519885063172
"국민대 ""한국어문학부, 외국인 대상 한국어말하기 및 한국어교사 수업대...",2024.06.26.,http://edu.donga.com/?p=article&ps=view&at_no=20240626180042677838,kookmin_media,,긍정,0.9119315147399902
"국민대, 외국인 대상 한국어말하기 및 한국어교사 수업대회",2024.06.26.,https://news.unn.net/news/articleView.html?idxno=565206,kookmin_media,,긍정,0.9599398374557496
"국민대 한국어문학부, 한국어말하기 및 한국어교사 수업대회 개최",2024.06.26.,https://www.onews.tv/news/articleView.html?idxno=211021,kookmin_media,,긍정,0.9717981219291688
국민대 한국어문학부 외국인 대상 한국어말하기/한국어교사 수업대회 개...,2024.06.26.,http://www.veritas-a.com/news/articleView.html?idxno=510473,kookmin_media,,긍정,0.9426164627075196
[26일 대학가] 국민대·명지대·숭실대,2024.06.26.,https://www.asiatime.co.kr/article/20240626500423,kookmin_media,,긍정,0.8804805874824524
"국민대, 2024 러시아·CIS지역 한국어 말하기 대회",2024.06.26.,https://dhnews.co.kr/news/view/1065594003203268,kookmin_media,,긍정,0.9376291632652284
"'역사상 최초' 국민대-장안대, 여자 야구팀 창단 의사 밝혔다",2024.06.26.,https://sports.chosun.com/baseball/2024-06-26/202406260100199230027060,kookmin_media,,긍정,0.9602882862091064
2024년 국민대와 함께하는 컨퍼런스.. 내달12일 고교 교사 총100명,2024.06.25.,http://www.veritas-a.com/news/articleView.html?idxno=510220,kookmin_media,,긍정,0.9408085942268372
"국민대, '투자연계형 R&D 기반 스케일업 컨설팅' 참여 스타트업 모집 나...",2024.06.24.,http://www.kdpress.co.kr/news/articleView.html?idxno=129773,kookmin_media,,긍정,0.7915040850639343
"국민대, 투자연계 R&D로 스타트업 성장 돕는다… 30일까지 모집",2024.06.24.,https://www.sedaily.com/NewsView/2DAL8G4ONW,kookmin_media,지역사회 ESG 파트너십,긍정,0.9075702428817748
"국민대-장안대, 국내 최초 ‘대학’ 여자야구팀 창단 준비 중 [여자야구...",2024.06.24.,https://www.sportsseoul.com/news/read/1439688?ref=naver,kookmin_media,,긍정,0.9139752388000488
국민대 시각디자인학과 2024학년도 1학기 과제전 개최,2024.06.21.,http://www.veritas-a.com/news/articleView.html?idxno=509834,kookmin_media,,긍정,0.988575041294098
"국민대 시각디자인학과, 과제 전시회 ‘주제넘기 재주넘기’ 개최",2024.06.21.,https://dhnews.co.kr/news/view/1065574522989962,kookmin_media,,긍정,0.9873459935188292
"국민대학교(평생교육원) 장민호, 남자 대학부 200m 종목에서 21초 04 기록...",2024.06.21.,http://www.kdpress.co.kr/news/articleView.html?idxno=129702,kookmin_media,,긍정,0.908365786075592
"국민대, 교육부 ‘인문사회 융합인재양성사업’ 글로벌 공생 분야 선정",2024.06.20.,https://www.joongang.co.kr/article/25257811,kookmin_media,,긍정,0.9704233407974244
"본투런 트레이닝센터 국민대학교(평생교육원) 선수들, 제53회 전국종별...",2024.06.20.,https://www.dailysecu.com/news/articleView.html?idxno=157028,kookmin_media,,긍정,0.8107646703720093
"국민대, ‘글로벌·공생 분야’ 참여대학 선정",2024.06.19.,https://www.newsis.com/view/NISX20240619_0002778846,kookmin_media,,긍정,0.962843894958496
국민대 인문사회 융합인재양성사업 '글로벌/공생 분야' 참여대학 선정,2024.06.19.,http://www.veritas-a.com/news/articleView.html?idxno=509559,kookmin_media,,긍정,0.9728139638900756
"국민대, 인문사회 융합인재양성사업 '글로벌·공생 분야' 참여대학 선정",2024.06.19.,http://www.newstnt.com/news/articleView.html?idxno=383398,kookmin_media,,긍정,0.9802727699279784
"국민대 ""인문사회 융합인재양성사업 ‘글로벌·공생 분야’ 참여대학 선...",2024.06.19.,http://edu.donga.com/?p=article&ps=view&at_no=20240619164713479676,kookmin_media,,긍정,0.9569166898727416
"국민대, HUSS 글로벌 공생 분야 참여대학 선정",2024.06.19.,http://www.m-i.kr/news/articleView.html?idxno=1131638,kookmin_media,,긍정,0.9341921210289
"국민대, '인문사회 융합인재양성사업'에 선정",2024.06.19.,https://www.newsfreezone.co.kr/news/articleView.html?idxno=576576,kookmin_media,,긍정,0.9434123039245604
"국민대, 인문사회 융합인재양성사업 ‘글로벌·공생 분야’ 선정",2024.06.19.,https://dhnews.co.kr/news/view/1065593141670775,kookmin_media,,긍정,0.9559043049812316
"국민대, 한국파스퇴르연구소와 업무협약 체결",2024.06.16.,https://www.naeil.com/news/read/513577?ref=naver,kookmin_media,지역사회 ESG 파트너십,긍정,0.9621337056159972
국민대 ‘다학제간캡스톤디자인 어워드’ 개최,2024.06.15.,https://news.heraldcorp.com/view.php?ud=20240614050645,kookmin_media,,긍정,0.9169504046440125
"국민대, 한국파스퇴르연구소와 연구·기술사업화 위한 MOU 체결",2024.06.14.,http://www.newstnt.com/news/articleView.html?idxno=381994,kookmin_media,지역사회 ESG 파트너십,긍정,0.9436081051826476
"국민대, `정릉3동 지역자원조사와 마을시간은행 고도화 성과공유회` 성...",2024.06.14.,https://www.dt.co.kr/contents.html?article_no=2024061402109923088002&ref=naver,kookmin_media,,긍정,0.9241693019866944
"국민대, 정릉3동 지역자원조사와 마을시간은행 고도화 성과공유회",2024.06.14.,https://www.news1.kr/articles/5447626,kookmin_media,,긍정,0.9516739249229432
"국민대, 한국파스퇴르연구소와 업무협약",2024.06.14.,https://www.newsfreezone.co.kr/news/articleView.html?idxno=575338,kookmin_media,지역사회 ESG 파트너십,긍정,0.949086368083954
"국민대, 한국파스퇴르연구소와 연구·기술사업화 협력",2024.06.13.,https://www.news1.kr/articles/5446785,kookmin_media,지역사회 ESG 파트너십,긍정,0.951793372631073
"국민대-한국파스퇴르연구소, 연구·기술사업화 위한 MOU",2024.06.13.,https://www.onews.tv/news/articleView.html?idxno=209655,kookmin_media,,긍정,0.9207057356834412
국민대 한국파스퇴르연구소와 연구/기술사업화 위한 MOU 체결,2024.06.13.,http://www.veritas-a.com/news/articleView.html?idxno=508860,kookmin_media,,긍정,0.9616507291793824
국민대 산학협력단-국민대기술지주-한국파스퇴르연구소 MOU,2024.06.13.,https://www.viva100.com/main/view.php?key=20240613010004249,kookmin_media,지역사회 ESG 파트너십,긍정,0.963330864906311
"국민대 창업보육센터, 한국쇼핑몰협회 원격평생교육원과 MOU 맺어",2024.06.13.,http://www.kdpress.co.kr/news/articleView.html?idxno=129411,kookmin_media,지역사회 ESG 파트너십,긍정,0.974592924118042
"국민대 창업보육센터, 한국쇼핑몰협회 원격평생교육원과 MOU 체결",2024.06.13.,http://www.edaily.co.kr/news/newspath.asp?newsid=02856886638921392,kookmin_media,지역사회 ESG 파트너십,긍정,0.9761966466903688
국민대 조형대학 실습장 리모델링…'상상공방'으로 오픈,2024.06.13.,http://www.edaily.co.kr/news/newspath.asp?newsid=02692886638921392,kookmin_media,,긍정,0.9552387595176696
"국민대 조형대학, '상상공방'으로 혁신적 교육 공간 조성",2024.06.13.,http://www.newstnt.com/news/articleView.html?idxno=381192,kookmin_media,,긍정,0.9870280027389526
"국민대 조형대학, `상상공방`으로 혁신적 교육 공간 조성",2024.06.12.,https://www.dt.co.kr/contents.html?article_no=2024061202109919613002&ref=naver,kookmin_media,,긍정,0.9876614809036256
국민대 차세대통신사업단 ‘다학제간캡스톤디자인 어워드’ 13일 개최,2024.06.12.,https://www.joongang.co.kr/article/25255867,kookmin_media,,긍정,0.8772703409194946
공무원노조 타임오프 논의 시작…위원장에 조경호 국민대 교수(종합),2024.06.12.,https://www.newsis.com/view/?id=NISX20240612_0002770072&cID=10221&pID=10200,kookmin_media,,긍정,0.9437811374664308
"국민대, 교육 공간 '상상공방' 조성",2024.06.12.,http://www.m-i.kr/news/articleView.html?idxno=1129187,kookmin_media,,긍정,0.9710515141487122
"국민대학교 캠퍼스타운 사업단, '2024 제 2회 SB 스타트업 네트워킹 페스...",2024.06.12.,https://www.gokorea.kr/news/articleView.html?idxno=755054,kookmin_media,,긍정,0.975756049156189
"국민대학교 캠퍼스타운 사업단, 성북구·성북 클러스터와 함께 ‘지역활...",2024.06.12.,http://www.edaily.co.kr/news/newspath.asp?newsid=02558406638921064,kookmin_media,,긍정,0.9034573435783386
"국민대 조형대학, '상상공방'으로 조형관 지하 종합실습장 리모델링",2024.06.12.,https://www.pointdaily.co.kr/news/articleView.html?idxno=205559,kookmin_media,,긍정,0.988004505634308
"국민대 차세대통신사업단, 다학제간캡스톤디자인(차세대통신) 어워드 개...",2024.06.12.,http://www.newstnt.com/news/articleView.html?idxno=380781,kookmin_media,,긍정,0.7970151901245117
"국민대 조형대학, 혁신적 교육 공간 '상상공방' 조성",2024.06.12.,https://www.newsfreezone.co.kr/news/articleView.html?idxno=574789,kookmin_media,,긍정,0.9858729839324952
[12일 대학가] 국민대·연세대·디지털서울문화예대,2024.06.12.,https://www.asiatime.co.kr/article/20240612500088,kookmin_media,,긍정,0.9453772902488708
‘아마추어 대학농구 최강자 가린다!’ 제 40회 국민대 총장배 전국 대...,2024.06.11.,http://www.osen.co.kr/article/G1112354428,kookmin_media,,긍정,0.9191809296607972
"국민대 차세대통신사업단, '다학제간캡스톤디자인(차세대통신) 어워드'...",2024.06.11.,https://www.pointdaily.co.kr/news/articleView.html?idxno=205440,kookmin_media,,긍정,0.8794644474983215
"국민대, 13일 '다학제간 캡스톤디자인 어워드' 개최",2024.06.11.,https://www.news1.kr/articles/5443772,kookmin_media,,긍정,0.9273406863212584
"국민대, '다학제간 캡스톤 디자인 어워드' 개최",2024.06.11.,http://www.m-i.kr/news/articleView.html?idxno=1128847,kookmin_media,,긍정,0.8480899930000305
"국민대 차세대통신사업단, `다학제간캡스톤디자인(차세대통신) 어워드`...",2024.06.11.,https://www.dt.co.kr/contents.html?article_no=2024061102109954039001&ref=naver,kookmin_media,,긍정,0.8553153276443481
국민대 차세대통신사업단 '다학제간캡스톤디자인(차세대통신) 어워드' ...,2024.06.11.,http://www.veritas-a.com/news/articleView.html?idxno=508432,kookmin_media,,긍정,0.8513400554656982
[11일 대학가] 연세대·국민대·명지대,2024.06.11.,https://www.asiatime.co.kr/article/20240611500311,kookmin_media,,긍정,0.9292912483215332
"국민대 차세대통신사업단, '2024 다학제간캡스톤디자인 어워드' 개최",2024.06.11.,https://www.onews.tv/news/articleView.html?idxno=209301,kookmin_media,,긍정,0.9043051600456238
"국민대 창업보육센터-제이씨앤컴퍼니, ESG교육 강화 위한 MOU",2024.06.11.,https://view.asiae.co.kr/article/2024061111054088675,kookmin_media,,긍정,0.9628779292106628
"국민대 창업보육센터, 제이씨앤컴퍼니와 ESG교육 강화 위한 MOU 체결",2024.06.11.,https://www.businesskorea.co.kr/news/articleView.html?idxno=218829,kookmin_media,,긍정,0.968384563922882
"국민대, 브라운대학 아카펠라 그룹 초청 힐링콘서트 개최",2024.06.10.,https://www.newsfreezone.co.kr/news/articleView.html?idxno=574089,kookmin_media,,긍정,0.9698379039764404
"국민대, 교내 구성원 위한 'KMU 힐링콘서트' 개최",2024.06.10.,https://www.newsis.com/view/?id=NISX20240610_0002766494&cID=10201&pID=10200,kookmin_media,,긍정,0.9643449187278748
"국민대, 'KMU 힐링콘서트' 개최…브라운대학 아카펠라 동아리 초청",2024.06.10.,https://www.pointdaily.co.kr/news/articleView.html?idxno=205124,kookmin_media,,긍정,0.951326847076416
야당만의 국회는 '국민대의기관'이 아니다,2024.06.09.,http://www.kbmaeil.com/news/articleView.html?idxno=999333,kookmin_media,,긍정,0.5292915105819702
"국민대, 美 브라운대학 아카펠라 그룹 초청 ‘KMU 힐링콘서트’ 개최",2024.06.09.,http://www.metroseoul.co.kr/article/20240609500114,kookmin_media,,긍정,0.9526581764221193
"국민대, 2024 대한약학회 우수포스터·구두발표상 수상",2024.06.07.,https://www.kpanews.co.kr/article/show.asp?idx=251177&category=E,kookmin_media,,긍정,0.8427225947380066
"국민대, 미국 브라운대 아카펠라 동아리 초청 '힐링 콘서트'",2024.06.07.,https://www.news1.kr/articles/5440589,kookmin_media,,긍정,0.9620760083198548
"국민대, 브라운대학 아카펠라 그룹 초청하여 힐링과 응원메세지 전해",2024.06.07.,http://www.newstnt.com/news/articleView.html?idxno=379524,kookmin_media,,긍정,0.973684549331665
[7일 대학가] 명지대·국민대·서울시립대,2024.06.07.,https://www.asiatime.co.kr/article/20240607500234,kookmin_media,ESG 관련 캠페인,긍정,0.9218047857284546
"국민대, 아카펠라와 함께하는 힐링콘서트 개최",2024.06.07.,https://news.unn.net/news/articleView.html?idxno=564289,kookmin_media,,긍정,0.976266622543335
국민대 브라운대학 아카펠라 그룹 초청 'KMU 힐링콘서트' 개최,2024.06.07.,http://www.veritas-a.com/news/articleView.html?idxno=507984,kookmin_media,,긍정,0.9699927568435668
"국민대, 브라운대학 아카펠라 그룹 초청 'KMU 힐링콘서트' 개최",2024.06.07.,https://www.dailysmart.co.kr/news/articleView.html?idxno=88376,kookmin_media,,긍정,0.9788076877593994
"국민대, 美 브라운대 아카펠라 그룹 초청 'KMU 힐링콘서트' 개최",2024.06.07.,https://www.onews.tv/news/articleView.html?idxno=208953,kookmin_media,,긍정,0.9517247080802916
"국민대, 산업통상자원부 시행 '2024년도 산업혁신인재성장지원사업' 선...",2024.06.05.,https://www.pointdaily.co.kr/news/articleView.html?idxno=204746,kookmin_media,,긍정,0.9541051387786864
"국민대, 미래형 자동차 소프트웨어 인재 키운다",2024.06.05.,https://www.newsis.com/view/?id=NISX20240605_0002761702&cID=10201&pID=10200,kookmin_media,,긍정,0.9602227807044984
"국민대, 산업통상자원부 산업혁신인재성장지원사업 선정",2024.06.05.,https://www.newsfreezone.co.kr/news/articleView.html?idxno=573311,kookmin_media,,긍정,0.9649507403373718
"국민대, 산업부 '2024년도 산업혁신인재성장지원사업' 선정",2024.06.05.,http://www.newstnt.com/news/articleView.html?idxno=378746,kookmin_media,,긍정,0.9717178344726562
국민대 산업부 '2024년도 산업혁신인재성장지원사업' 선정,2024.06.04.,http://www.veritas-a.com/news/articleView.html?idxno=507606,kookmin_media,,긍정,0.9743009209632874
[4일 대학가] 한성대·국민대·서울시립대,2024.06.04.,https://www.asiatime.co.kr/article/20240604500427,kookmin_media,,긍정,0.8908240795135498
"국민대, 산업부 산업혁신인재성장지원사업 선정",2024.06.04.,http://www.m-i.kr/news/articleView.html?idxno=1127098,kookmin_media,,긍정,0.95217365026474
"국민대, ‘2024년도 산업혁신인재성장지원사업‘ 선정",2024.06.04.,https://dhnews.co.kr/news/view/1065597015582886,kookmin_media,,긍정,0.9669472575187684
"국민대, 산업통상자원부 '2024년도 산업혁신인재성장지원사업' 선정",2024.06.04.,https://www.dailysmart.co.kr/news/articleView.html?idxno=88253,kookmin_media,,긍정,0.9735792279243468
"제1회 K-필라테스 콘테스트, 7월 13일 국민대서 개최",2024.06.04.,https://www.yna.co.kr/view/AKR20240604044800007?input=1195m,kookmin_media,,긍정,0.878696620464325
"국민대 캠퍼스타운 사업단, ‘2024 제 2회 SB 스타트업 네트워킹 페스티...",2024.06.03.,https://www.seoul.co.kr/news/society/education-news/2024/06/03/20240603500045?wlog_tag3=naver,kookmin_media,,긍정,0.9446107149124146
2025 무전공 '유형1' 국민대 828명 최다.. 홍대 상명대 명지대 단대 숭실...,2024.06.01.,http://www.veritas-a.com/news/articleView.html?idxno=507103,kookmin_media,,긍정,0.8619183897972107
"국민대 LINC 3.0 사업단, 초기투자심사역 교육과정 성료",2024.07.31.,http://www.edaily.co.kr/news/newspath.asp?newsid=02666646638960096,kookmin_media,,긍정,0.8917847275733948
"""대학생인데 전공은 없어요"" 국민대, 신입생 30% 무전공으로 선발",2024.07.30.,https://www.news1.kr/society/education/5496355,kookmin_media,,긍정,0.8008145689964294
"국민대, 전공자율선택제 확대 선발로 교육 혁신 선도",2024.07.30.,https://www.newsfreezone.co.kr/news/articleView.html?idxno=582958,kookmin_media,,긍정,0.9290834665298462
"국민대, 전공자율선택제 도입 및 미래융합대학 신설",2024.07.30.,https://www.joongang.co.kr/article/25267207,kookmin_media,,긍정,0.9764428734779358
"국민대, 2025학년도 신입생 모집부터 전공자율선택제 도입",2024.07.30.,https://www.pointdaily.co.kr/news/articleView.html?idxno=213163,kookmin_media,,긍정,0.9299066662788392
국민대 전공자율선택제(무전공) 41.9% 선발,2024.07.30.,http://www.veritas-a.com/news/articleView.html?idxno=514663,kookmin_media,,긍정,0.9489730000495912
"국민대, 전공자율선택제(무전공) 41.9% 선발로 교육 혁신 선도",2024.07.30.,http://www.m-i.kr/news/articleView.html?idxno=1144984,kookmin_media,,긍정,0.955368161201477
"국민대, 2025학년도 전공자율선택제 41.9% 선발…“교육 혁신 선도”",2024.07.30.,http://www.metroseoul.co.kr/article/20240730500398,kookmin_media,,긍정,0.9558627009391784
"국민대, 2025학년도 신입생 전공자율선택제(무전공) 41.9% 선발",2024.07.30.,https://www.onews.tv/news/articleView.html?idxno=214417,kookmin_media,,긍정,0.8534526824951172
국민대 전공자율선택제 도입…올해 신입생 828명 무전공 선발,2024.07.30.,https://www.yna.co.kr/view/AKR20240730082200004?input=1195m,kookmin_media,,긍정,0.9056290984153748
"국민대, 내년 신입생부터 전공자율선택⋯ 미래융합대학 신설",2024.07.30.,https://www.asiatime.co.kr/article/20240730500077,kookmin_media,,긍정,0.948690950870514
"국민대 “전공자율선택제 41.9% 선발, 교육 혁신 선도”",2024.07.30.,https://dhnews.co.kr/news/view/1065577299776155,kookmin_media,,긍정,0.960740566253662
"국민대 차세대통신사업단, 성북구와 '관학 협동 정보화 교육' 프로그램...",2024.07.28.,https://www.pointdaily.co.kr/news/articleView.html?idxno=212769,kookmin_media,,긍정,0.9329595565795898
국민대 차세대통신사업단 성북구와 '관학 협동 정보화 교육' 프로그램 ...,2024.07.26.,http://www.veritas-a.com/news/articleView.html?idxno=514422,kookmin_media,,긍정,0.9459528923034668
"국민대 차세대통신사업단, 성북구 중고생 대상 관학 협동 정보화 교육 ...",2024.07.26.,https://www.onews.tv/news/articleView.html?idxno=214133,kookmin_media,,긍정,0.9454048275947572
"국민대, 성북구와 '관학 협동 정보화 교육' 프로그램 운영",2024.07.26.,https://www.newsfreezone.co.kr/news/articleView.html?idxno=582517,kookmin_media,,긍정,0.9389606714248656
"국민대, 성북구와 ‘관학 협동 정보화 교육’ 프로그램 운영",2024.07.26.,https://dhnews.co.kr/news/view/1065593442655549,kookmin_media,,긍정,0.8789578676223755
[25일 대학가] 국민대·덕성여대·성균관대,2024.07.25.,https://www.asiatime.co.kr/article/20240725500203,kookmin_media,,긍정,0.9608662128448486
"국민대 기후변화대응사업단·글로벌공생사업단, 2024 HUSS 융합캠프 참가",2024.07.23.,https://www.dt.co.kr/contents.html?article_no=2024072302109954039001&ref=naver,kookmin_media,,긍정,0.9129623174667358
"국민대 기후변화대응사업단·글로벌공생사업단, 2024 HUSS 융합캡프 참가",2024.07.23.,http://www.newstnt.com/news/articleView.html?idxno=394168,kookmin_media,,긍정,0.9064536094665528
"국민대 기후변화대응사업단·글로벌공생사업단, '2024 HUSS 융합캠프' 참...",2024.07.23.,https://www.pointdaily.co.kr/news/articleView.html?idxno=211952,kookmin_media,,긍정,0.8787745833396912
국민대 기후변화대응사업단/글로벌공생사업단 2024 HUSS 융합캠프 참가,2024.07.22.,http://www.veritas-a.com/news/articleView.html?idxno=513544,kookmin_media,,긍정,0.9131675362586976
"국민대 기후변화대응·글로벌공생사업단, '휴스 융합캡프' 참가",2024.07.22.,http://www.m-i.kr/news/articleView.html?idxno=1142375,kookmin_media,,긍정,0.9488345384597778
"""OLED TV, 건강한 수면 패턴 유지에 효과"".. .LG디스플레이·국민대, 임상...",2024.07.22.,https://www.ekoreanews.co.kr/news/articleView.html?idxno=74532,kookmin_media,,긍정,0.909419059753418
"국민대 이은진 교수 작품, 서울연극제 4관왕 수상",2024.07.20.,https://www.naeil.com/news/read/517453?ref=naver,kookmin_media,,긍정,0.98733252286911
국민대학교 캠퍼스타운 특화분야 ‘2024 딥테크·ESG 비즈니스 모델 최적...,2024.07.19.,https://www.asiatoday.co.kr/view.php?key=20240719001333234,kookmin_media,,긍정,0.8281350135803223
"국민대, 서울연극제 4관왕 수상",2024.07.18.,http://www.m-i.kr/news/articleView.html?idxno=1141464,kookmin_media,,긍정,0.9697912335395812
서울연극제 4관왕 차지한 국민대 공연예술학부 이은진 교수,2024.07.18.,https://www.news1.kr/society/education/5483835,kookmin_media,,긍정,0.9856246709823608
"국민대 이은진 교수 제작, 연출 '아는 사람되기', 서울연극제 4관왕 수상",2024.07.18.,https://www.newsfreezone.co.kr/news/articleView.html?idxno=581435,kookmin_media,,긍정,0.9855389595031738
국민대 이은진 교수 제작·연출 연극 '아는 사람 되기' 서울연극제 4관...,2024.07.18.,https://www.onews.tv/news/articleView.html?idxno=213223,kookmin_media,,긍정,0.9766579866409302
"박종현 국민대 교수 ""질병코드화는 게임에 대한 편향된 시각 발로""",2024.07.16.,https://zdnet.co.kr/view/?no=20240716163117,kookmin_media,,긍정,0.5015667080879211
"[현장] 게임이용장애, 국민대 박종현 교수 ""면밀한 사전 검토 필요""",2024.07.16.,http://www.gamevu.co.kr/news/articleView.html?idxno=34125,kookmin_media,,긍정,0.8288856744766235
"서정희, 국민대 총장배 K-필라테스 콘테스트 시니어부 대상 수상으로 새...",2024.07.13.,https://www.gokorea.kr/news/articleView.html?idxno=800803,kookmin_media,,긍정,0.954894721508026
"국민대학교, 메이든보이지와 TOPIK 모의고사 실시 및 연간 계약 체결",2024.07.13.,http://edu.donga.com/?p=article&ps=view&at_no=20240712154847698555,kookmin_media,,긍정,0.9820398688316344
"메이든보이지, 국민대학교와 연간 계약 채결해 TOPIK 모의고사 진행",2024.07.12.,https://www.lecturernews.com/news/articleView.html?idxno=156170,kookmin_media,,긍정,0.9775553941726683
"동국대, 국민대 연구팀과 차세대 산소 발생 촉매 개발",2024.07.11.,https://www.newsfreezone.co.kr/news/articleView.html?idxno=579974,kookmin_media,,긍정,0.9812410473823548
"동국대·국민대 연구팀, 차세대 음이온 교환막 수전해용 격자 산소 메커...",2024.07.09.,https://www.pointdaily.co.kr/news/articleView.html?idxno=209879,kookmin_media,,긍정,0.9836421012878418
"동국대·국민대 연구팀, 수소 생산 효율 높이는 산소 발생 촉매 개발",2024.07.09.,https://biz.newdaily.co.kr/site/data/html/2024/07/09/2024070900353.html,kookmin_media,유해 폐기물관리,긍정,0.9893452525138856
"동국대·국민대, 고성능 수전해 촉매 개발",2024.07.09.,http://www.m-i.kr/news/articleView.html?idxno=1138324,kookmin_media,유해 폐기물관리,긍정,0.985802412033081
"손정인 동국대 교수 연구팀, 국민대 연구팀과 격자 산소 메커니즘 기반...",2024.07.09.,https://www.dailysmart.co.kr/news/articleView.html?idxno=89783,kookmin_media,,긍정,0.9788122773170472
동국대/국민대 연구팀 차세대 음이온 교환막 수전해용 격자 산소 메커니...,2024.07.09.,http://www.veritas-a.com/news/articleView.html?idxno=512042,kookmin_media,,긍정,0.9873995780944824
"동국대·국민대 연구팀, 음이온 교환막 수전해용 고성능 촉매 개발",2024.07.09.,https://news.unn.net/news/articleView.html?idxno=565698,kookmin_media,,긍정,0.9845539331436156
"동국대·국민대 연구팀, '격자 산소 메커니즘 기반 고성능 촉매' 개발",2024.07.09.,https://www.asiatime.co.kr/article/20240709500097,kookmin_media,,긍정,0.986648976802826
"동국대·국민대 연구팀, 고성능 촉매 개발",2024.07.09.,https://www.newsis.com/view/NISX20240709_0002803903,kookmin_media,,긍정,0.990773856639862
"[국민대총장배] 아마추어들의 농구대전, 성황리에 마무리…이대 EFS·한...",2024.07.07.,https://m.sports.naver.com/basketball/article/065/0000264558,kookmin_media,,긍정,0.976131558418274
"[국민대 총장배] MOVE 최초 우승 견인한 한서대 백민규 ""팀원들 덕분에...",2024.07.07.,http://www.rookie.co.kr/news/articleView.html?idxno=99618,kookmin_media,,긍정,0.8865987062454224
"[국민대 총장배] 높이와 기술 갖춘 한서대 MOVE, 남자부 새로운 챔피언...",2024.07.07.,http://www.rookie.co.kr/news/articleView.html?idxno=99614,kookmin_media,,긍정,0.9701780080795288
"[국민대 총장배] 이화여대 EFS, 8년 만에 여자부 정상 등극",2024.07.07.,http://www.rookie.co.kr/news/articleView.html?idxno=99609,kookmin_media,,긍정,0.9790440201759338
[국민대 총장배] 대학생들이 원한 초대 게스트... 국민대배 찾은 턴오버...,2024.07.07.,http://www.rookie.co.kr/news/articleView.html?idxno=99612,kookmin_media,,긍정,0.9882616400718688
[국민대총장배] 40년 전통의 대회를 학생들이 준비부터 운영까지?…국민...,2024.07.07.,https://m.sports.naver.com/basketball/article/065/0000264552,kookmin_media,,긍정,0.9255030751228333
"[국민대 총장배] 연장 혈투 끝 결승 향한 이화여대 EFS 이은제 ""목표는 ...",2024.07.07.,http://www.rookie.co.kr/news/articleView.html?idxno=99608,kookmin_media,,긍정,0.9538607001304626
[2024 기계설비의 날] 우수기계설비인포상 - [공로상] 강병하 국민대 교...,2024.07.04.,http://www.kmecnews.co.kr/news/articleView.html?idxno=35672,kookmin_media,,긍정,0.9790593385696412
국립중앙박물관 새 수장에 김재홍 국민대 교수,2024.07.04.,https://news.heraldcorp.com/view.php?ud=20240704050640,kookmin_media,,긍정,0.9280161261558532
전국남여대학유도연맹전… 전문선수 단체전 국민대·경운대 '남녀 1위',2024.07.04.,https://www.news1.kr/articles/5469131,kookmin_media,,긍정,0.9822153449058532
신임 국립중앙박물관장에 김재홍 국민대 교수,2024.07.04.,https://www.hankyung.com/article/202407042220i,kookmin_media,,긍정,0.9314396381378174
"국민대 한국학연구소, 한중관계 강화 위한 안중근 애국정신 국제세미나...",2024.07.04.,https://www.dt.co.kr/contents.html?article_no=2024070402109954062001&ref=naver,kookmin_media,,긍정,0.8347388505935669
"국민대 한국학연구소, 中서 '안중근의사찾기 국제학술대회' 개최",2024.07.04.,https://www.asiatoday.co.kr/view.php?key=20240704010003037,kookmin_media,,긍정,0.9131430983543396
"국민대 한국학연구소, 안중근 애국정신 국제세미나 열어",2024.07.04.,https://www.newsfreezone.co.kr/news/articleView.html?idxno=579187,kookmin_media,,긍정,0.9221064448356628
국립중앙박물관 신임 관장에 김재홍 국민대 교수,2024.07.04.,https://view.asiae.co.kr/article/2024070412125639311,kookmin_media,,긍정,0.956474542617798
"국민대 한국학연구소, 한-중 '안중근의사찾기 국제학술대회' 개최",2024.07.04.,http://www.newstnt.com/news/articleView.html?idxno=388471,kookmin_media,,긍정,0.8994813561439514
[프로필]국립중앙박물관 신임 관장에 김재홍 국민대 교수,2024.07.04.,http://www.edaily.co.kr/news/newspath.asp?newsid=02253366638951240,kookmin_media,,긍정,0.9206891655921936
국립중앙박물관장에 김재홍 국민대 역사학과 교수,2024.07.04.,https://www.ajunews.com/view/20240704104021559,kookmin_media,,긍정,0.9370504021644592
"국민대, 제2회 안중근 의사찾기 국제학술대회 개최",2024.07.04.,https://view.asiae.co.kr/article/2024070408541834840,kookmin_media,,긍정,0.880786120891571
‘하루에 2승’ 국민대배 16강 진출한 숭실대 SSBC의 하소연 “교내에 훈...,2024.07.03.,http://www.osen.co.kr/article/G1112369148,kookmin_media,,긍정,0.9005013704299927
국민대 한국학연구소 한중관계 강화 위한 안중근 애국정신 국제세미나...,2024.07.03.,http://www.veritas-a.com/news/articleView.html?idxno=511375,kookmin_media,,긍정,0.8640778064727783
이공희 국민대학교 건축대학 교수 정년퇴임 전시회,2024.07.03.,https://vmspace.com/news/news_view.html?base_seq=MzAxMw==,kookmin_media,,긍정,0.7785630822181702
"국민대 한국학연구소, 안중근 애국정신 국제세미나 개최",2024.07.03.,http://www.m-i.kr/news/articleView.html?idxno=1136408,kookmin_media,,긍정,0.8541111350059509
"국민대 한국학연구소, 한·중 공동 ‘안중근 애국정신 국제세미나’ 개...",2024.07.03.,http://www.metroseoul.co.kr/article/20240703500412,kookmin_media,,긍정,0.9619081020355223
"국민대 한국학연구소, 한중관계 강화 ‘안중근 애국정신’ 국제세미나",2024.07.03.,https://dhnews.co.kr/news/view/1065590775021901,kookmin_media,,긍정,0.8816923499107361
"국민대 한국학연구소, 한중관계 강화 위한 안중극 애국정신 국제세미나...",2024.07.03.,https://www.dailysmart.co.kr/news/articleView.html?idxno=89537,kookmin_media,,긍정,0.9094529151916504
국민대 2025 모의면접/전공별 대입 멘토링 '체크IN ON국민'.. 내달7일부터...,2024.07.03.,http://www.veritas-a.com/news/articleView.html?idxno=511315,kookmin_media,,긍정,0.9171234369277954
"국민대 예술대학, 만해 한용운 80주기 추모제서 창작 공연 선보여",2024.07.02.,https://www.joongang.co.kr/article/25260698,kookmin_media,,긍정,0.9696164727211
"국민대 예술대, 만해 한용운 선생 80주기 추모 예술제 창작 공연",2024.07.02.,https://www.munhwa.com/news/view.html?no=2024070201039921287003,kookmin_media,,긍정,0.9593826532363892
"국민대학교 예술대학, 한용운 선생 80주기 추모 예술제 '기억할 만해' 참...",2024.07.02.,https://www.pointdaily.co.kr/news/articleView.html?idxno=208635,kookmin_media,,긍정,0.9613581895828248
"국민대 예술대학, '만해의 숨, 결' 만해 한용운 선생 80주기 추모 예술제...",2024.07.02.,http://www.newstnt.com/news/articleView.html?idxno=387546,kookmin_media,,긍정,0.96418035030365
"국민대 예술대학, 만해 한용운 선생 80주기 추모 예술제 창작 공연 선보...",2024.07.01.,https://www.dt.co.kr/contents.html?article_no=2024070102109954088001&ref=naver,kookmin_media,,긍정,0.954879105091095
"한양대 ERICA-국민대, 2일 첨단분야 혁신융합대학 '취업 토크 콘서트' 개...",2024.07.01.,https://biz.newdaily.co.kr/site/data/html/2024/07/01/2024070100391.html,kookmin_media,,긍정,0.8996574878692627
"국민대 예술대 만해 한용운 선생 80주기 추모 예술제 '만해의 숨, 결'서...",2024.07.01.,http://www.veritas-a.com/news/articleView.html?idxno=510992,kookmin_media,,긍정,0.9571150541305542
"국민대 예술대학, 만해 한용운 추모 예술제에서 창작 공연 선봬",2024.07.01.,https://www.newsfreezone.co.kr/news/articleView.html?idxno=578686,kookmin_media,,긍정,0.9457005858421326
"국민대, 만해 한용운 선생 80주기 추모 예술제서 창작 공연 선보여",2024.07.01.,http://www.m-i.kr/news/articleView.html?idxno=1135412,kookmin_media,,긍정,0.9741256237030028
"국민대 예술대학, “만해의 숨, 결”",2024.07.01.,https://dhnews.co.kr/news/view/1065590357130202,kookmin_media,,긍정,0.9494547247886658
"국민대학교 예술대학, 창작 공연 선보여",2024.07.01.,https://www.newsis.com/view/NISX20240701_0002793808,kookmin_media,,긍정,0.9646577835083008
"국민대 교양대학 정윤덕 교수, SSCI급 논문 피인용 1000회 돌파",2024.08.24.,https://news.heraldcorp.com/view.php?ud=20240823050630,kookmin_media,,긍정,0.9888765215873718
"국민대, ‘2024 RAPA 차세대통신 아카데미’ 성료",2024.08.24.,https://news.heraldcorp.com/view.php?ud=20240823050628,kookmin_media,,긍정,0.9256619811058044
"국민대, 누리랩과 공동 사업 추진 및 산학협력 위한 MOU 체결",2024.08.23.,https://www.businesskorea.co.kr/news/articleView.html?idxno=223575,kookmin_media,지역사회 ESG 파트너십,긍정,0.978818655014038
"국민대 ""정윤덕 교수, 예체능계열 국제전문학술지(SSCI) 논문 총 피인용...",2024.08.22.,http://edu.donga.com/?p=article&ps=view&at_no=20240822183841405124,kookmin_media,,긍정,0.988892376422882
"국민대 “정윤덕 교수 논문, 피인용 1000회 돌파”",2024.08.22.,http://www.edaily.co.kr/news/newspath.asp?newsid=03135686638989944,kookmin_media,,긍정,0.9505348801612854
"정윤덕 국민대 교수, 예체능 국제전문학술지 논문 피인용 1000회 넘겨",2024.08.22.,https://www.newsfreezone.co.kr/news/articleView.html?idxno=585443,kookmin_media,,긍정,0.9531014561653136
"국민대 정윤덕 교수, 예체능계열 국제전문학술지 논문 총 피인용 횟수 ...",2024.08.22.,https://www.onews.tv/news/articleView.html?idxno=216770,kookmin_media,,긍정,0.9691852927207948
국민대 정윤덕 교수 예체능계열 국제전문학술지(SSCI) 논문 총 피인용 횟...,2024.08.22.,http://www.veritas-a.com/news/articleView.html?idxno=516952,kookmin_media,,긍정,0.9763043522834778
"정윤덕 국민대 교수, 국제학술지 논문 피인용 1000회 돌파",2024.08.22.,http://www.m-i.kr/news/articleView.html?idxno=1152314,kookmin_media,,긍정,0.9715201258659364
"국민대 정윤덕 교수, 예체능계열 국제전문학술지(SSCI) 논문 총 피인용...",2024.08.22.,http://www.newstnt.com/news/articleView.html?idxno=403291,kookmin_media,,긍정,0.9900383949279784
"정윤덕 국민대 교수, 예체능계열 SSCI 논문 피인용 횟수 1000회 돌파",2024.08.22.,http://www.metroseoul.co.kr/article/20240822500340,kookmin_media,,긍정,0.975354552268982
"국민대 정윤덕 교수, SSCI 논문 피인용 횟수 1,000회 돌파",2024.08.22.,https://dhnews.co.kr/news/view/1065590184809860,kookmin_media,,긍정,0.9911664128303528
"국민대 정윤덕 교수, 논문 총 피인용 횟수 1000회 돌파",2024.08.22.,https://www.newsis.com/view/NISX20240822_0002858892,kookmin_media,,긍정,0.9663964509963988
"국민대 LINC3.0사업단, 서울 소재 11개 대학과 ‘2024 글로벌 페스티벌’...",2024.08.22.,https://view.asiae.co.kr/article/2024082210005582643,kookmin_media,,긍정,0.9160526394844056
국민대 2023학년도 후기 학위수여식 개최,2024.08.21.,http://www.veritas-a.com/news/articleView.html?idxno=516839,kookmin_media,,긍정,0.9799228310585022
"국민대, 2023학년도 후기 학위수여식 개최",2024.08.21.,http://www.newstnt.com/news/articleView.html?idxno=402931,kookmin_media,,긍정,0.967801570892334
"국민대, 'KBO 나인 시즌 2024 Beyond Region' 성료",2024.08.21.,http://www.goodkyung.com/news/articleView.html?idxno=244857,kookmin_media,지역사회 ESG 교육 프로그램,긍정,0.943421185016632
"국민대 LINC 3.0 사업단, 지역노인을 위한 맞춤형 건강재활 서비스 ‘비...",2024.08.21.,http://www.edaily.co.kr/news/newspath.asp?newsid=02709286638989616,kookmin_media,,긍정,0.9722455143928528
"국민대, ‘KBO 나인(NINE) 시즌 2024 Beyond Region’ 성료",2024.08.21.,https://www.sedaily.com/NewsView/2DD3Q5STT7,kookmin_media,,긍정,0.94685298204422
내 이름 앞에서...국민대 외국인 유학생들의 졸업 환송,2024.08.21.,https://news.unn.net/news/articleView.html?idxno=567392,kookmin_media,,긍정,0.9263123869895936
국민대 ‘2024 RAPA 차세대통신 아카데미’ 성료,2024.08.20.,https://www.naeil.com/news/read/520549?ref=naver,kookmin_media,,긍정,0.8394188284873962
"국민대 경영대학- 클루커스, 디지털 비즈니스 인재 양성 MOU",2024.08.20.,https://www.viva100.com/main/view.php?key=20240820010005382,kookmin_media,지역사회 ESG 파트너십,긍정,0.9686368107795716
국민대 경영대학- 클루커스 디지털 비즈니스 인재 양성 위한 MOU 체결,2024.08.20.,http://www.veritas-a.com/news/articleView.html?idxno=516599,kookmin_media,지역사회 ESG 파트너십,긍정,0.9596115946769714
"국민대 경영대학-클루커스, ‘디지털 비즈니스 인재 양성’ MOU",2024.08.20.,https://dhnews.co.kr/news/view/1065589326441330,kookmin_media,지역사회 ESG 파트너십,긍정,0.9035136103630066
"국민대 경영대학, 클루커스와 디지털 비즈니스 인재 양성 위한 MOU 체결",2024.08.20.,https://www.dailysmart.co.kr/news/articleView.html?idxno=91531,kookmin_media,지역사회 ESG 파트너십,긍정,0.9707462787628174
"국민대 차세대통신사업단, 한국전파진흥협회와 '2024 RAPA 차세대통신 아...",2024.08.20.,https://www.pointdaily.co.kr/news/articleView.html?idxno=215887,kookmin_media,,긍정,0.9137691259384156
"국민대 차세대통신사업단, 한국전파진흥협회(RAPA)와 '2024 RAPA 차세대통...",2024.08.19.,http://www.newstnt.com/news/articleView.html?idxno=402067,kookmin_media,,긍정,0.9306291937828064
"클루커스-국민대, MS 클라우드 실무형 인재 양성 맞손",2024.08.19.,https://www.dt.co.kr/contents.html?article_no=2024081902109931081005&ref=naver,kookmin_media,지역사회 ESG 파트너십,긍정,0.9438653588294984
"국민대-한국전파진흥협, ‘2024 RAPA 차세대통신 아카데미’ 성료",2024.08.19.,https://www.dt.co.kr/contents.html?article_no=2024081902109954088001&ref=naver,kookmin_media,,긍정,0.9435217976570128
"국민대 차세대통신사업단, '2024 한국전파진흥협회 아카데미' 성료",2024.08.19.,https://view.asiae.co.kr/article/2024081913371110260,kookmin_media,,긍정,0.9190047979354858
"클루커스, 국민대 경영대학과 디지털 비즈니스 인재 양성 MOU",2024.08.19.,http://www.itdaily.kr/news/articleView.html?idxno=226157,kookmin_media,지역사회 ESG 파트너십,긍정,0.96137934923172
"국민대 차세대통신사업단, 2024 RAPA 차세대통신 아카데미 성료",2024.08.19.,http://www.m-i.kr/news/articleView.html?idxno=1150902,kookmin_media,,긍정,0.904032289981842
"국민대, 'RAPA 차세대통신 아카데미' 진행",2024.08.19.,https://www.newsfreezone.co.kr/news/articleView.html?idxno=584940,kookmin_media,,긍정,0.9162758588790894
"클루커스, 국민대학교 경영대학과 디지털비즈니스 인재양성 ‘맞손’",2024.08.19.,https://www.ddaily.co.kr/page/view/2024081910552024201,kookmin_media,지역사회 ESG 파트너십,긍정,0.9794062972068788
"국민대 차세대통신사업단, 한국전파진흥협회(RAPA)와 ‘2024 RAPA 차세대통...",2024.08.19.,http://edu.donga.com/?p=article&ps=view&at_no=20240819111913312973,kookmin_media,,긍정,0.9303211569786072
"클루커스-국민대 경영대학, 디지털 비즈니스 인재양성 MOU 체결",2024.08.19.,https://www.etnews.com/20240819000126,kookmin_media,지역사회 ESG 파트너십,긍정,0.963860034942627
"클루커스·국민대 경영대학, 디지털 비즈니스 인재양성 맞손",2024.08.19.,https://www.datanet.co.kr/news/articleView.html?idxno=195802,kookmin_media,지역사회 ESG 파트너십,긍정,0.9684420228004456
"클루커스, 국민대와 디지털 비즈니스 전문 인재 키운다",2024.08.19.,https://www.newsis.com/view/NISX20240819_0002853806,kookmin_media,지역사회 ESG 파트너십,긍정,0.9580784440040588
"클루커스–국민대 경영대학, 디지털 비즈니스 인재양성 협력",2024.08.19.,https://www.digitaltoday.co.kr/news/articleView.html?idxno=529850,kookmin_media,지역사회 ESG 파트너십,긍정,0.9667488932609558
수공 대국민 물 빅데이터 공모전 `국민대팀' 대상 수상,2024.08.18.,http://www.cctimes.kr/news/articleView.html?idxno=809489,kookmin_media,,긍정,0.9727236032485962
"국민대 AI디자인과, 버추얼 휴먼 인플루언서 ‘AVA’ 패션 룩북 선보여",2024.08.16.,https://www.joongang.co.kr/article/25271065,kookmin_media,,긍정,0.980769157409668
"대표팀 단복에 독특한 액세서리 ""눈길 끄네""…국민대가 공개한 여성의 ...",2024.08.16.,https://www.sedaily.com/NewsView/2DD1EG9L3M,kookmin_media,,긍정,0.977558135986328
"국민대, 교육부 ‘대학혁신’ 평가 최고 등급 획득…110억 지원",2024.08.15.,https://news.heraldcorp.com/view.php?ud=20240815050144,kookmin_media,,긍정,0.9899893999099731
"국민대 버추얼휴먼 AVA, 파리 올림픽 선수단 패션 룩북 선봬",2024.08.15.,https://www.news1.kr/society/education/5511896,kookmin_media,,긍정,0.9687484502792358
"국민대, 2024 파리 올림픽 대표선수단 패션룩북 공개",2024.08.14.,http://www.m-i.kr/news/articleView.html?idxno=1150208,kookmin_media,,긍정,0.9774073958396912
국민대 버추얼휴먼 AVA 2024 파리 올림픽 대표선수단 패션룩북 선보여,2024.08.14.,http://www.veritas-a.com/news/articleView.html?idxno=516169,kookmin_media,,긍정,0.9799924492836
"국민대 버추얼휴먼 AVA, 파리 올림픽 대표선수단 패션룩북 발표",2024.08.14.,https://www.newsfreezone.co.kr/news/articleView.html?idxno=584593,kookmin_media,,긍정,0.9692549705505372
"국민대 버추얼휴먼 AVA, 파리 올림픽 대표선수단 패션룩북 선보여",2024.08.14.,https://news.unn.net/news/articleView.html?idxno=567220,kookmin_media,,긍정,0.9819822311401368
한국수자원공사 '대국민 물 빅데이터 공모전' 대상에 국민대 팀,2024.08.14.,http://www.jbnews.com/news/articleView.html?idxno=1447841,kookmin_media,,긍정,0.9367831945419312
수자원공사 대국민 물 빅데이터 공모전 대상은 국민대 팀,2024.08.14.,https://www.news1.kr/local/daejeon-chungnam/5510573,kookmin_media,,긍정,0.9665960669517516
"국민대학교 캠퍼스타운 사업단, 'AWS 클라우드 기반 실전 창업교육' 참가...",2024.08.14.,https://www.ajunews.com/view/20240814083504960,kookmin_media,,긍정,0.9130433797836304
"국민대, 대학혁신지원사업 성과평가서 교육혁신 부문 ‘최우수’ S등급",2024.08.13.,https://www.joongang.co.kr/article/25270388,kookmin_media,,긍정,0.9882014393806458
"국민대, 전자호구시스템 개발하여 2024 파리 올림픽 태권도 종목에 활용...",2024.08.13.,http://edu.donga.com/?p=article&ps=view&at_no=20240813151252163894,kookmin_media,,긍정,0.9895448088645936
[뉴공 아카이브]권용주 국민대 자동차운송디자인학과 교수: 배터리 문제...,2024.08.13.,http://www.ddanzi.com/817268222,kookmin_media,,부정,0.6709031462669373
"국민대학교, '대학혁신지원사업 2차 연도 성과평가' S등급 획득",2024.08.13.,https://www.pointdaily.co.kr/news/articleView.html?idxno=215029,kookmin_media,,긍정,0.9880267381668092
"국민대, 대학혁신지원사업 성과평가 최우수 S등급",2024.08.13.,https://www.munhwa.com/news/view.html?no=2024081301039936156001,kookmin_media,,긍정,0.9883330464363098
"국민대, 대학혁신지원사업 성과평가 S등급 획득",2024.08.12.,https://www.onews.tv/news/articleView.html?idxno=215733,kookmin_media,,긍정,0.9876155257225036
국민대 대학혁신지원사업 성과평가 결과 S등급 획득,2024.08.12.,http://www.veritas-a.com/news/articleView.html?idxno=515879,kookmin_media,,긍정,0.989136815071106
"국민대, 대학혁신지원사업 성과평가서 '최우수 S등급'",2024.08.12.,https://www.news1.kr/society/education/5508723,kookmin_media,,긍정,0.9863594174385072
"국민대, 대학혁신지원사업 'S등급' 획득",2024.08.12.,https://www.newsfreezone.co.kr/news/articleView.html?idxno=584269,kookmin_media,,긍정,0.9823651909828186
"국민대, 대학혁신지원사업 성과평가 ‘S등급’",2024.08.12.,https://dhnews.co.kr/news/view/1065597809727953,kookmin_media,,긍정,0.9881582856178284
"국민대, 대학혁신지원사업 성과평가 'S'",2024.08.12.,http://www.m-i.kr/news/articleView.html?idxno=1149306,kookmin_media,,긍정,0.99001806974411
"국민대, 교육부 대학혁신지원사업 성과평가 결과 S등급 획득",2024.08.12.,http://www.metroseoul.co.kr/article/20240812500486,kookmin_media,,긍정,0.987337589263916
"국민대 ""대학혁신지원사업 성과평가 결과 S등급 획득""",2024.08.12.,http://edu.donga.com/?p=article&ps=view&at_no=20240812161810557868,kookmin_media,,긍정,0.9905926585197448
"국민대, 전자호구시스템 개발…'2024 파리 올림픽' 태권도 종목 활용 '눈...",2024.08.12.,https://www.pointdaily.co.kr/news/articleView.html?idxno=214862,kookmin_media,,긍정,0.9870086312294006
'국민대연합' 구성 제안하는 김두관 당 대표 후보,2024.08.12.,https://www.yna.co.kr/view/PYH20240812092500013?input=1196m,kookmin_media,,긍정,0.7701737284660339
"김두관, '윤 대통령 임기 단축 위한 국민대연합 구성 제안' 기자회견",2024.08.12.,https://www.newsis.com/view/NISI20240812_0020484491,kookmin_media,,긍정,0.7042571902275085
"김두관 “尹 대통령 임기단축 위한 국민대연합 구성 제안…민주, 개딸과...",2024.08.12.,https://news.heraldcorp.com/view.php?ud=20240812050254,kookmin_media,,긍정,0.8374530673027039
"국민대, AI디자인학과·AI디자인랩, 상반기 ‘생성형AI’ 워크샵 성료",2024.08.11.,https://news.heraldcorp.com/view.php?ud=20240811050175,kookmin_media,,긍정,0.9672511219978333
"국민대 개발 전자호구시스템, 2024 파리 올림픽 태권도 종목에 활용",2024.08.11.,http://www.metroseoul.co.kr/article/20240811500037,kookmin_media,,긍정,0.9519776105880736
파리올림픽 태권도 '전자호구시스템'…국민대가 개발한 거였다,2024.08.11.,https://www.news1.kr/society/education/5507317,kookmin_media,,긍정,0.8982061743736267
"국민대 개발 전자호구시스템, 파리 올림픽 태권도 경기에 활용",2024.08.09.,https://www.onews.tv/news/articleView.html?idxno=215499,kookmin_media,,긍정,0.9797802567481996
국민대 전자호구시스템 개발,2024.08.09.,http://www.veritas-a.com/news/articleView.html?idxno=515747,kookmin_media,,긍정,0.988229513168335
"국민대, 전자호구시스템 파리올림픽 태권도 종목에 활용",2024.08.09.,https://www.newsfreezone.co.kr/news/articleView.html?idxno=584071,kookmin_media,,긍정,0.9830300211906432
"국민대, 전자호구시스템 개발 파리 올림픽 태권도 종목에 활용 눈길",2024.08.09.,https://news.unn.net/news/articleView.html?idxno=567062,kookmin_media,,긍정,0.9898908138275146
"국민대, '전자호구시스템' 2024 파리 올림픽 태권도 종목에 활용",2024.08.09.,https://www.newsis.com/view/NISX20240809_0002844716,kookmin_media,,긍정,0.978929340839386
"국민대가 개발한 ‘전자호구시스템’, 파리 올림픽 태권도 종목에 활용",2024.08.09.,http://dhnews.co.kr/news/view/1065593456319533,kookmin_media,,긍정,0.971986711025238
"국민대, 전자호구시스템 개발해 2024 파리 올림픽 태권도 종목 활용 '눈...",2024.08.09.,https://www.dailysmart.co.kr/news/articleView.html?idxno=91176,kookmin_media,,긍정,0.985569417476654
"국민대, 트래블레이블과 함께 KOREA TOUR GUIDE 양성과정 참가자 모집",2024.08.09.,https://www.sedaily.com/NewsView/2DCY7HEZ5R,kookmin_media,,긍정,0.9622657895088196
"국민대×트래블레이블, KOREA TOUR GUIDE 양성과정 참가자 모집",2024.08.09.,https://www.dt.co.kr/contents.html?article_no=2024080902109923056001&ref=naver,kookmin_media,,긍정,0.9622873067855836
"""인공지능과 디자인 융합은 필수""…국민대, 생성형AI 워크숍 성료",2024.08.05.,https://www.news1.kr/society/education/5501952,kookmin_media,,긍정,0.9228054881095886
"국민대 AI디자인학과·AI디자인랩, 생성형AI워크샵 개최",2024.08.05.,https://www.viva100.com/main/view.php?key=20240805010001233,kookmin_media,,긍정,0.960771143436432
"국민대 AI디자인학과 및 AI디자인랩, 생성형AI워크샵 개최",2024.08.05.,http://www.newstnt.com/news/articleView.html?idxno=398169,kookmin_media,,긍정,0.9683442115783693
"국민대, 생성형 AI워크샵 진행",2024.08.05.,https://www.newsfreezone.co.kr/news/articleView.html?idxno=583505,kookmin_media,,긍정,0.9311482310295104
국민대 AI디자인학과/AI디자인랩 생성형AI워크샵 개최,2024.08.05.,http://www.veritas-a.com/news/articleView.html?idxno=515139,kookmin_media,,긍정,0.9619629979133606
"국민대 AI디자인학과 및 AI디자인랩, 상반기 생성형AI워크샵 성료",2024.08.05.,https://www.onews.tv/news/articleView.html?idxno=214957,kookmin_media,,긍정,0.8993640542030334
국민대 2025학년도 ‘무전공’ 1140명 선발…수도권서 가장 많다,2024.08.03.,https://news.heraldcorp.com/view.php?ud=20240802050687,kookmin_media,,긍정,0.9599401354789734
"국민대 스포츠건강재활학과, 대한노인회 성북구지회와 MOU 체결",2024.09.30.,https://www.dt.co.kr/contents.html?article_no=2024093002109923608002&ref=naver,kookmin_media,,긍정,0.968081831932068
"디에이랩, 국민대학교와 수중‧지상 운동재활 융합 프로그램 운영",2024.09.30.,https://www.eroun.net/news/articleView.html?idxno=47735,kookmin_media,,긍정,0.9815303683280944
국민대학교 야구동아리 윈드밀스와 함께한 화보,2024.09.30.,https://www.harpersbazaar.co.kr/article/1871031,kookmin_media,,긍정,0.8442351222038269
"장현수 국민대 LINC 3.0 사업단 산학혁신본부장, '2024년 기술사업화 장...",2024.09.27.,https://www.etnews.com/20240927000129,kookmin_media,지역사회 ESG 파트너십,긍정,0.928054928779602
"국민대 LINC 3.0 사업단, 장현수 산학혁신본부장 '2024년 기술사업화 장...",2024.09.27.,https://www.getnews.co.kr/news/articleView.html?idxno=694489,kookmin_media,,긍정,0.8716199398040771
"국민대, 함께 스케일업할 '2기 스타트업' 찾는다...오는 30일까지 신청 ...",2024.09.27.,https://www.businesskorea.co.kr/news/articleView.html?idxno=225871,kookmin_media,,긍정,0.9231630563735962
"국민대, 함께 스케일업할 ‘2기 스타트업’ 모집...오는 30일까지 신청 ...",2024.09.27.,https://www.sedaily.com/NewsView/2DEGE8CXBK,kookmin_media,,긍정,0.9357455372810364
"국민대, GMTCK와 미래자동차전문가 교육프로그램 수료식",2024.09.25.,https://www.naeil.com/news/read/524010?ref=naver,kookmin_media,,긍정,0.9395537972450256
"국민대·GMTCK, 미래자동차전문가 교육프로그램 수료식 개최",2024.09.25.,http://www.m-i.kr/news/articleView.html?idxno=1162551,kookmin_media,,긍정,0.970573902130127
"한국수목원정원관리원, 국민대와 '도시생물다양성 증진·탄소흡수증진'...",2024.09.25.,https://www.cstimes.com/news/articleView.html?idxno=611658,kookmin_media,지역사회 ESG 파트너십,긍정,0.8266144394874573
국민대 GMTCK와 미래자동차전문가 교육프로그램 수료식 개최,2024.09.24.,http://www.veritas-a.com/news/articleView.html?idxno=521235,kookmin_media,,긍정,0.9432711005210876
"한수정·국민대, 도시생물다양성·탄소흡수 증진 협약",2024.09.24.,https://www.yna.co.kr/view/PYH20240924182300063?input=1196m,kookmin_media,,긍정,0.5173637270927429
'국민대와 도시생물다양성 증진 맞손'… 24일 한수정 소식,2024.09.24.,https://www.kukinews.com/article/view/kuk202409240158,kookmin_media,지역사회 ESG 파트너십,긍정,0.947920560836792
"한국수목원정원관리원-국민대, 도시생물다양성 증진 협약",2024.09.24.,https://www.news1.kr/local/daejeon-chungnam/5549546,kookmin_media,지역사회 ESG 파트너십,긍정,0.9593824744224548
"국민대 LINC3.0사업단, 2024 지역사회 성장 위한 '아이디어 콘테스트 시...",2024.09.24.,https://www.businesskorea.co.kr/news/articleView.html?idxno=225620,kookmin_media,,긍정,0.8573430776596069
"국민대, 문제 해결 프로그램 아이디어 콘테스트 시상식 개최",2024.09.24.,https://view.asiae.co.kr/article/2024092414334221972,kookmin_media,,긍정,0.7880352139472961
"국민대학교 캠퍼스타운 사업단, '창업기업 온라인세일즈 성과발표회·품...",2024.09.24.,https://www.ajunews.com/view/20240924091752297,kookmin_media,폐기물 배출,긍정,0.977371871471405
"DGIST·경상국립대·국민대, 태양전지 성능·안정성 동시에 높이는 기술...",2024.09.23.,https://www.idaegu.co.kr/news/articleView.html?idxno=475780,kookmin_media,,긍정,0.9789197444915771
"국민대, '인차이나포럼' 'HUSS 성과공유 워크숍'서 수상…글로벌·융합인...",2024.09.20.,https://news.unn.net/news/articleView.html?idxno=568663,kookmin_media,,긍정,0.9425062537193298
국민대 글로벌 교육 프로그램 SEA:ME 해커톤 시상식 개최,2024.09.20.,http://www.veritas-a.com/news/articleView.html?idxno=520855,kookmin_media,,긍정,0.9092562198638916
"가천대·공주대·국민대·세종대, 내년 전공+표준 융합강좌 개설",2024.09.20.,https://www.ajunews.com/view/20240920144853672,kookmin_media,,긍정,0.8274201154708862
"산업부, 가천대·공주대·국민대·세종대…내년 표준 융합강좌 개설",2024.09.20.,http://www.sisafocus.co.kr/news/articleView.html?idxno=324822,kookmin_media,,긍정,0.851454496383667
"국표원, 가천대·공주대·국민대·세종대에 첨단산업분야 표준 융합강좌...",2024.09.20.,https://www.viva100.com/main/view.php?key=20240920010005476,kookmin_media,,긍정,0.8026183247566223
"가천대·공주대·국민대·세종대, 내년 표준 융합강좌 개설…수강생 해...",2024.09.20.,https://news.heraldcorp.com/view.php?ud=20240920050133,kookmin_media,,긍정,0.793007493019104
"국표원, 가천대·공주대·국민대·세종대에 표준 융합강좌 개설",2024.09.20.,https://www.electimes.com/news/articleView.html?idxno=343303,kookmin_media,,긍정,0.9160904288291932
"가천대·공주대·국민대·세종대, 내년 표준 융합강좌 개설",2024.09.20.,https://www.yna.co.kr/view/AKR20240919145300003?input=1195m,kookmin_media,,긍정,0.8287057280540466
"국민대, 글로벌 인재 모은다…메가스터디와 유학생 업무협약",2024.09.16.,https://news.heraldcorp.com/view.php?ud=20240913050670,kookmin_media,,긍정,0.9673086404800416
"국민대, 법학교육 AI 시스템 업무협약…로스쿨 공부 돕는다",2024.09.15.,https://news.heraldcorp.com/view.php?ud=20240913050644,kookmin_media,,긍정,0.959672749042511
"법학교육 신기원 여나...국민대 법과대, 인공지능업체 'AI 시스템' 구축...",2024.09.13.,http://www.lec.co.kr/news/articleView.html?idxno=747970,kookmin_media,,긍정,0.9528339505195618
"국민대 법과대학, 법학교육 AI 시스템의 구축을 위한 업무협약 체결",2024.09.12.,http://www.kyosu.net/news/articleView.html?idxno=124717,kookmin_media,,긍정,0.9379602670669556
국민대 법과대학 법학교육 AI 시스템 구축 위한 업무협약 체결,2024.09.12.,http://www.veritas-a.com/news/articleView.html?idxno=520081,kookmin_media,,긍정,0.9474408626556396
국민대 차세대통신사업단 ‘5G 특화망 구축 사업’ 인력 양성나서,2024.09.12.,https://www.joongang.co.kr/article/25277571,kookmin_media,,긍정,0.9578904509544371
"국민대 법과대학, 법학교육 AI시스템 구축 업무협약 체결",2024.09.12.,https://www.viva100.com/main/view.php?key=20240912010004284,kookmin_media,,긍정,0.9399076104164124
"국민대, 법학교육 AI 시스템 구축 위한 업무협약",2024.09.12.,https://www.newsis.com/view/NISX20240912_0002886680,kookmin_media,,긍정,0.913839876651764
"국민대 법과대학, ‘법학교육 AI 시스템 구축’ 업무협약",2024.09.12.,https://dhnews.co.kr/news/view/1065591141064399,kookmin_media,,긍정,0.8656929731369019
"국민대 공동기기원, 23~24일 '첨단기기 분석 세미나' 개최",2024.09.12.,https://www.news1.kr/industry/general-industry/5540272,kookmin_media,,긍정,0.887046217918396
"국민대 공동기기원, 23~24일 '첨단기기 분석 세미나' 진행",2024.09.12.,https://www.businesskorea.co.kr/news/articleView.html?idxno=225066,kookmin_media,,긍정,0.9317393898963928
"국민대, '5G 특화망(이음 5G)' 인프라 구축 사업 진행",2024.09.12.,https://www.newsfreezone.co.kr/news/articleView.html?idxno=587988,kookmin_media,,긍정,0.9536670446395874
"국민대 차세대통신사업단, 특화망 인프라 구축으로 차세대통신 분야 미...",2024.09.11.,http://www.newstnt.com/news/articleView.html?idxno=411031,kookmin_media,,긍정,0.959202527999878
"국민대 차세대통신사업단, 특화망 인프라 구축",2024.09.11.,https://www.newsis.com/view/NISX20240911_0002885050,kookmin_media,,긍정,0.8927193880081177
국민대 차세대통신사업단 '5G 특화망(이음 5G)' 인프라 구축 사업 진행,2024.09.11.,http://www.veritas-a.com/news/articleView.html?idxno=519819,kookmin_media,,긍정,0.9288938641548156
"국민대 경영대학, 메가스터디교육과 MFC 프로그램 협약 체결",2024.09.11.,https://www.dailysmart.co.kr/news/articleView.html?idxno=92547,kookmin_media,,긍정,0.9447000622749328
"국민대 차세대통신사업단, '5G 특화망' 인프라 구축 사업 진행",2024.09.11.,https://www.onews.tv/news/articleView.html?idxno=219153,kookmin_media,,긍정,0.9165619015693665
"국민대 차세대통신사업단, 차세대통신 분야 미래 인재 양성",2024.09.11.,https://dhnews.co.kr/news/view/1065580178969559,kookmin_media,,긍정,0.962124764919281
"국민대, 메가스터디교육과 MFC 프로그램 협약 체결",2024.09.11.,https://www.newsfreezone.co.kr/news/articleView.html?idxno=587913,kookmin_media,,긍정,0.9266834259033204
"국민대 경영대학, 메가스터디와 해외 유학생 유치한다",2024.09.10.,https://www.news1.kr/society/education/5538105,kookmin_media,,긍정,0.976214587688446
국민대 경영대학 메가스터디교육과 MFC 프로그램 협약 체결,2024.09.10.,http://www.veritas-a.com/news/articleView.html?idxno=519654,kookmin_media,,긍정,0.9787811040878296
"국민대학교 캠퍼스타운 사업단, 성북구·성북 클러스터와 '성북 클러스...",2024.09.10.,https://www.mhns.co.kr/news/articleView.html?idxno=619076,kookmin_media,,긍정,0.969546675682068
"“글로벌 우수 인재, 이제 한국으로”… 메가스터디교육-국민대 경영대...",2024.09.10.,https://www.sedaily.com/NewsView/2DE8MIG0RN,kookmin_media,,긍정,0.9312878847122192
"국민대, 글로벌 교육프로그램 SEA:ME 2기 수료식 개최",2024.09.10.,https://www.dailysmart.co.kr/news/articleView.html?idxno=92427,kookmin_media,,긍정,0.9336628913879396
"동물실험에서 분석까지...국민대 공동기기원, 실험동물센터 오픈",2024.09.09.,https://economist.co.kr/article/view/ecn202409090037,kookmin_media,,긍정,0.9581517577171326
국민대 글로벌 교육프로그램 SEA:ME 2기 수료식 개최,2024.09.09.,https://www.hankookilbo.com/News/Read/A2024090914200000566?did=NA,kookmin_media,,긍정,0.9615521430969238
국민대·폭스바겐그룹 글로벌 교육프로그램 ‘SEA:ME’ 2기 수료,2024.09.09.,http://www.metroseoul.co.kr/article/20240909500274,kookmin_media,,긍정,0.9388160705566406
"국민대, 글로벌 교육 SEA:ME 2기 수료식 개최",2024.09.09.,https://www.newsfreezone.co.kr/news/articleView.html?idxno=587591,kookmin_media,,긍정,0.9458901882171632
"경동나비엔, 국민대와 폐보일러 업사이클링 공모전",2024.09.08.,http://www.metroseoul.co.kr/article/20240905500386,kookmin_media,,긍정,0.9394532442092896
"국민대 산학협력단 보육기관 '삼우인터내셔널', '대한민국 ESG대상' 장관...",2024.09.07.,https://www.enetnews.co.kr/news/articleView.html?idxno=29142,kookmin_media,ESG 위원회 조직,긍정,0.9721546769142152
"경동나비엔, 국민대와 '폐보일러 업사이클링 아트웍 공모전' 진행",2024.09.06.,http://www.ikld.kr/news/articleView.html?idxno=299945,kookmin_media,"유해 폐기물관리,ESG 관련 캠페인",긍정,0.8751721978187561
"경동나비엔, 국민대 금속공예학과와 함께 '폐보일러 업사이클링 아트웍...",2024.09.05.,http://www.thefirstmedia.net/news/articleView.html?idxno=153548,kookmin_media,"유해 폐기물관리,ESG 관련 캠페인",긍정,0.8744823932647705
"경동나비엔, 국민대학교와 '폐보일러 업사이클링 아트웍 공모전' 실시",2024.09.05.,http://www.womentimes.co.kr/news/articleView.html?idxno=79024,kookmin_media,유해 폐기물관리,긍정,0.8925520777702332
"경동나비엔, 국민대와 함께 '폐보일러 업사이클링 아트웍 공모전'",2024.09.05.,http://www.gasnews.com/news/articleView.html?idxno=116785,kookmin_media,"유해 폐기물관리,청정 재생에너지,탄소배출량,ESG 관련 캠페인",긍정,0.883560299873352
"긱다이브, 모바일 애플리케이션 개발 역량 강화 위해 국민대학교와 MOU ...",2024.09.05.,https://www.dailysecu.com/news/articleView.html?idxno=159123,kookmin_media,지역사회 ESG 파트너십,긍정,0.9543930292129515
"경동나비엔, 국민대학교와 '폐보일러 업사이클링 아트웍 공모전' 진행",2024.09.05.,https://www.newspim.com/news/view/20240905000707,kookmin_media,유해 폐기물관리,긍정,0.8705546259880066
"경동나비엔, 국민대와 ‘폐보일러 업사이클링 아트웍 공모전’ 진행......",2024.09.05.,http://www.thevaluenews.co.kr/news/view.php?idx=185317,kookmin_media,"유해 폐기물관리,폐기물 배출,ESG 관련 캠페인",긍정,0.9255380630493164
"경동나비엔, 국민대학교와 함께 '폐보일러 업사이클링 아트웍 공모전' ...",2024.09.05.,https://www.lcnews.co.kr/news/articleView.html?idxno=83702,kookmin_media,,긍정,0.9295774102211
"경동나비엔, 국민대학교와 '폐보일러 업사이클링 공모전' 산학협약",2024.09.05.,https://www.pinpointnews.co.kr/news/articleView.html?idxno=286231,kookmin_media,"ESG 관련 캠페인,유해 폐기물관리",긍정,0.9639434814453124
국민대학교 캠퍼스타운 사업단 ‘2024 딥테크·ESG 비즈니스 모델 최적화...,2024.09.05.,http://digitalchosun.dizzo.com/site/data/html_dir/2024/09/05/2024090580139.html,kookmin_media,,긍정,0.962052047252655
"경동나비엔, 국민대와 ‘폐보일러 업사이클링 아트 공모전’ 개최",2024.09.05.,http://www.beyondpost.co.kr/view.php?ud=202409051351184529d2326fc69c_30,kookmin_media,ESG 관련 캠페인,긍정,0.9736422896385192
"경동나비엔, 국민대와 '폐보일러 업사이클링 아트웍 공모전' 개최",2024.09.05.,https://www.businessplus.kr/news/articleView.html?idxno=69098,kookmin_media,"ESG 관련 캠페인,유해 폐기물관리",긍정,0.9759588241577148
"경동나비엔, 국민대학교와 ‘폐보일러 업사이클링 아트웍 공모전’",2024.09.05.,http://theviewers.co.kr/View.aspx?No=3358102,kookmin_media,,긍정,0.8493013381958008
"경동나비엔, 국민대와 ‘폐보일러 업사이클링 아트웍 공모전’ 진행",2024.09.05.,https://weekly.cnbnews.com/news/article.html?no=163306,kookmin_media,"유해 폐기물관리,청정 재생에너지",긍정,0.955543577671051
경동나비엔-국민대 '폐보일러 업사이클링 아트웍 공모전' 진행,2024.09.05.,https://www.asiatime.co.kr/article/20240905500155,kookmin_media,ESG 관련 캠페인,긍정,0.9201333522796632
"경동나비엔, 국민대학교와 폐보일러를 활용한 업사이클링 아트웍 공모전...",2024.09.05.,https://www.insightkorea.co.kr/news/articleView.html?idxno=209275,kookmin_media,,긍정,0.9404801726341248
"경동나비엔-국민대, '폐보일러 업사이클링 아트웍 공모전'",2024.09.05.,https://www.youthdaily.co.kr/news/article.html?no=164328,kookmin_media,,긍정,0.9081238508224488
"국민대, 전공자율선택제(무전공)으로 신입생 41.9% 선발",2024.09.02.,https://www.hani.co.kr/arti/society/schooling/1156578.html,kookmin_media,,긍정,0.939979374408722
토론하는 안드레이 란코프 국민대 교수,2024.09.01.,https://www.yna.co.kr/view/PYH20240901029500013?input=1196m,kookmin_media,,긍정,0.7159504294395447
[2024 국민대학교 캠퍼스타운 스타트업] 로컬푸드 가치 발굴과 건강한 ...,2024.10.31.,http://www.munhaknews.com/news/articleView.html?idxno=77124,kookmin_media,,긍정,0.9323171973228456
국민대 등 성북구 관내 6개 대학...강북횡단선 재추진 운동,2024.10.31.,https://news.unn.net/news/articleView.html?idxno=570425,kookmin_media,,긍정,0.8541785478591919
국민대 정승렬 총장… 개교78주년 직원과 함께하는 토크콘서트 개최,2024.10.31.,https://www.donga.com/news/Society/article/all/20241030/130319823/2,kookmin_media,,긍정,0.9922875165939332
"국민대, 이니텍과 양자내성암호 분야 산학협력 위한 MOU",2024.10.30.,https://view.asiae.co.kr/article/2024103015571508707,kookmin_media,,긍정,0.974704921245575
국민대 캠퍼스타운 입주기업 '정돈된사람들' 11월 '그린임팩트' 1기 모집,2024.10.30.,https://www.news1.kr/industry/general-industry/5584157,kookmin_media,ESG 관련 캠페인,긍정,0.9461040496826172
"국민대 등 5개 대학, 2024 환경 컨소시엄 참여대학 동아리 연합 워크숍 ...",2024.10.29.,https://www.dailysmart.co.kr/news/articleView.html?idxno=94355,kookmin_media,"ESG 관련 캠페인,ESG 관련 학생 동아리,지역사회 ESG 파트너십",긍정,0.882590115070343
"국민대, 기후위기 대응 인문사회 융합인재 육성한다",2024.10.28.,https://www.news1.kr/society/education/5581763,kookmin_media,"지역사회 ESG 파트너십,ESG 관련 캠페인",긍정,0.904203236103058
"국민대 주관 HUSS 기후변화대응사업단, 환경재단과 업무협약 체결",2024.10.27.,http://www.metroseoul.co.kr/article/20241027500021,kookmin_media,"지역사회 ESG 파트너십,ESG 관련 캠페인",긍정,0.9029215574264526
"HUSS 환경컨소시엄(국민대‧덕성여대‧울산대‧인하대‧조선대, 이하 환...",2024.10.26.,http://www.newstnt.com/news/articleView.html?idxno=424393,kookmin_media,"지역사회 ESG 파트너십,ESG 관련 캠페인",긍정,0.8673455715179443
"장영수 국민대 교수, 대한설비공학회 2025년 차기회장으로 선출",2024.10.25.,http://www.kmecnews.co.kr/news/articleView.html?idxno=37387,kookmin_media,,긍정,0.8612242341041565
국민대 HUSS 기후변화대응사업단 환경재단과 업무협약 체결,2024.10.25.,http://www.veritas-a.com/news/articleView.html?idxno=525786,kookmin_media,"지역사회 ESG 파트너십,ESG 관련 캠페인",긍정,0.876377284526825
"국민대·한예종·컬럼비아대, 11월 2일 ‘무용 교육 협력 모델 세미나’...",2024.10.24.,http://www.edaily.co.kr/news/newspath.asp?newsid=03555526639056200,kookmin_media,,긍정,0.8761464357376099
"국민대·한예종·컬럼비아대, 11월 2일 '무용 교육 협력 모델 세미나' 개...",2024.10.24.,https://www.news1.kr/industry/general-industry/5578536,kookmin_media,,긍정,0.8612313866615295
"국민대, 한예종ㆍ컬럼비아대와 ‘무용 교육 협력 모델 세미나’ 개최",2024.10.24.,https://www.sedaily.com/NewsView/2DFOZN6ODT,kookmin_media,,긍정,0.9260157346725464
"윤종영 국민대 교수, 창진원 CES 2025 현장 가이드 '출격'…뉴스핌 CES 참...",2024.10.24.,https://www.newspim.com/news/view/20241023000974,kookmin_media,,긍정,0.9423487782478333
"국민대, 보육원 학생들과 아름다운 동행 여정",2024.10.22.,https://www.newsfreezone.co.kr/news/articleView.html?idxno=592372,kookmin_media,,긍정,0.9433618783950806
"국민대 학생들, 보육원 아동과 디자인으로 아름다운 동행",2024.10.22.,https://www.news1.kr/society/education/5575687,kookmin_media,,긍정,0.9460375905036926
"국민대, '제1회 날아라 디자인캠프' 개최",2024.10.22.,http://www.m-i.kr/news/articleView.html?idxno=1170400,kookmin_media,,긍정,0.8718726634979248
"국민대, 선덕원 보육생과 ‘디자인 캠프’ 개최…“지역 상생 선도할 것...",2024.10.21.,https://news.heraldcorp.com/view.php?ud=20241021050693,kookmin_media,,긍정,0.9646922945976256
"국민대, 보육원 아동·학생들과 비행기 만들어",2024.10.21.,https://www.newsis.com/view/NISX20241021_0002928137,kookmin_media,,긍정,0.8922920227050781
[포토]인사말하는 계봉오 국민대 교수,2024.10.21.,http://www.edaily.co.kr/news/newspath.asp?newsid=02276326639055216,kookmin_media,,긍정,0.6705673336982727
"카이스트·국민대·홍익대, AI 활용한 산업디자인 미래 조명",2024.10.20.,https://www.ekn.kr/web/view.php?key=20241020023027892,kookmin_media,,긍정,0.9537150859832764
"국민대 개교 78주년 기념, 정릉엔젤스 어린이 합창단과 지역사회 상생 ...",2024.10.17.,https://www.newsfreezone.co.kr/news/articleView.html?idxno=591821,kookmin_media,,긍정,0.9596914052963256
"국민대, 개교 78주년 기념식 개최",2024.10.16.,https://www.viva100.com/article/20241016501282,kookmin_media,,긍정,0.9848034381866456
"국민대 등 5개대학 주관 HUSS 기후변화대응사업단, 환경재단과 업무협약...",2024.10.16.,http://www.veritas-a.com/news/articleView.html?idxno=524076,kookmin_media,"지역사회 ESG 파트너십,ESG 관련 캠페인",긍정,0.9239253997802734
"국민대, ‘2024 대학생 자작자동차대회’ 8년 연속 종합 우승",2024.10.16.,https://dhnews.co.kr/news/view/1065572795977717,kookmin_media,,긍정,0.943320333957672
"국민대, 개교 78주년 기념식…""경계없는 교육생태계 구축할 것""",2024.10.16.,https://view.asiae.co.kr/article/2024101607545244132,kookmin_media,,긍정,0.9854807257652284
"국민대 자작자동차동아리 KOOKMIN RACING, 2024 대학생 자작자동차대회 ...",2024.10.15.,https://www.dailysmart.co.kr/news/articleView.html?idxno=93815,kookmin_media,,긍정,0.9504761695861816
국민대 자작자동차동아리 '2024 대학생 자작자동차대회 FORMULA STUDENT KORE...,2024.10.15.,http://www.veritas-a.com/news/articleView.html?idxno=523922,kookmin_media,,긍정,0.9299907088279724
"국민대, 개교 78주년 기념식 성료",2024.10.15.,http://www.m-i.kr/news/articleView.html?idxno=1168230,kookmin_media,,긍정,0.9835795760154724
"국민대, '개교 78주년 기념식' 개최…동문 등 300여명 참석",2024.10.15.,https://www.foodneconomy.com/news/articleView.html?idxno=363326,kookmin_media,,긍정,0.984516143798828
"국민대학교, 개교 78주년 기념식 개최",2024.10.15.,https://www.onews.tv/news/articleView.html?idxno=222125,kookmin_media,,긍정,0.9911818504333496
[게시판] 국민대 개교 78주년 기념식,2024.10.15.,https://www.yna.co.kr/view/AKR20241015078900004?input=1195m,kookmin_media,,긍정,0.9365379810333252
국민대 개교 78주년 기념식 개최,2024.10.15.,http://www.veritas-a.com/news/articleView.html?idxno=523783,kookmin_media,,긍정,0.984546959400177
"정승렬 총장, “국민대, 연구 선도하고 미래담론 리더십 발휘할 것”",2024.10.15.,http://www.metroseoul.co.kr/article/20241015500198,kookmin_media,,긍정,0.9486669898033142
"국민대 정승렬 총장, 개교 78주년 맞아 직원 대상 토크콘서트",2024.10.15.,https://www.joongang.co.kr/article/25284347,kookmin_media,,긍정,0.9924984574317932
"국민대 정승렬 총장, 직원과 함께하는 토크콘서트",2024.10.14.,https://www.naeil.com/news/read/525574?ref=naver,kookmin_media,,긍정,0.9916960597038268
"국민대 정승렬 총장, 개교78주년 직원과 함께하는 토크콘서트 열어",2024.10.14.,http://www.newstnt.com/news/articleView.html?idxno=419868,kookmin_media,,긍정,0.992201805114746
"국민대, 개교78주년 기념 직원과 함께하는 토크콘서트 진행",2024.10.14.,https://www.onews.tv/news/articleView.html?idxno=221967,kookmin_media,,긍정,0.988701105117798
"정승렬 국민대 총장, 개교78주년 '직원과 함께하는 토크콘서트' 개최",2024.10.14.,https://view.asiae.co.kr/article/2024101415465326370,kookmin_media,,긍정,0.9839383959770204
"국민대 정승렬 총장, 개교78주년 직원과 함께하는 토크콘서트 개최",2024.10.14.,https://www.foodneconomy.com/news/articleView.html?idxno=363242,kookmin_media,,긍정,0.9915591478347778
"[동정] 정승렬 국민대 총장, 개교 78주년 기념 토크콘서트",2024.10.14.,https://www.yna.co.kr/view/AKR20241014099500004?input=1195m,kookmin_media,,긍정,0.9113602638244628
"정승렬 국민대 총장, ‘개교78주년 직원과 함께하는 토크콘서트’ 열어",2024.10.14.,http://www.metroseoul.co.kr/article/20241014500459,kookmin_media,,긍정,0.9878139495849608
"정승렬 국민대 총장, 개교78주년 기념 토크콘서트 열어",2024.10.14.,https://www.newsis.com/view/NISX20241014_0002919222,kookmin_media,,긍정,0.982653558254242
"정승렬 국민대 총장, 개교78주년 ‘직원과 함께하는 토크콘서트’ 열어",2024.10.14.,https://dhnews.co.kr/news/view/1065589268038061,kookmin_media,,긍정,0.9773929715156556
"정승렬 국민대 총장, 개교 78주년 직원과 함께하는 토크콘서트 개최",2024.10.14.,http://www.m-i.kr/news/articleView.html?idxno=1167709,kookmin_media,,긍정,0.97748202085495
"블루라이언스, 국민대기술지주·드림벤처스 투자 유치",2024.10.14.,https://www.news1.kr/local/busan-gyeongnam/5567482,kookmin_media,,긍정,0.9700117111206056
"블루라이언스, 국민대기술지주·드림벤처스에서 시드투자 유치",2024.10.14.,https://www.kukinews.com/article/view/kuk202410140132,kookmin_media,,긍정,0.9650709629058838
국민대 정승렬 총장 개교78주년 직원 대상 토크콘서트 개최,2024.10.14.,http://www.veritas-a.com/news/articleView.html?idxno=523553,kookmin_media,,긍정,0.9904582500457764
"정승렬 국민대 총장, 개교 78주년 직원과 함께하는 토크코서트 열어",2024.10.14.,https://www.dailysmart.co.kr/news/articleView.html?idxno=93749,kookmin_media,,긍정,0.9914920926094056
"국민대, 학생들에게 다과와 음료 전달하는 이벤트 진행",2024.10.14.,https://www.dt.co.kr/contents.html?article_no=2024101402109954056001&ref=naver,kookmin_media,,긍정,0.974699854850769
"국민대·코이카·TUIT, 글로벌비즈니스 IT학과 개소식 개최",2024.10.14.,https://view.asiae.co.kr/article/2024101413053321819,kookmin_media,,긍정,0.9759812951087952
"국민대ㆍKOICAㆍTUIT, 글로벌비즈니스IT학과 개소식 가져",2024.10.14.,https://news.heraldcorp.com/view.php?ud=20241014050447,kookmin_media,,긍정,0.9760249257087708
"""오늘은 총장이 쏜다""…국민대 커피·다과 이벤트",2024.10.12.,https://view.asiae.co.kr/article/2024101112325833910,kookmin_media,,긍정,0.9650044441223145
"교육위, 野 주도로 ‘국감 불출석’ 김지용 국민대 이사장 등 3명 고발 ...",2024.10.11.,http://www.segye.com/newsView/20241011518599?OutUrl=naver,kookmin_media,,부정,0.5956351161003113
"국감 불출석한 국민대 이사장 등 3인...교육위, 결국 고발 조치",2024.10.11.,https://vop.co.kr/A00001662331.html,kookmin_media,,부정,0.8325105905532837
"야당, '김여사 논문 의혹' 국민대 이사장 등 3명 국감불출석 고발의결",2024.10.11.,https://imnews.imbc.com/news/2024/politics/article/6645201_36431.html,kookmin_media,,부정,0.8045422434806824
"야당, '김 여사 논문 의혹' 국민대 이사장 등 고발",2024.10.11.,https://www.ytn.co.kr/_ln/0101_202410111314163555,kookmin_media,,부정,0.6037008762359619
"야당 교육위, '김 여사 논문 의혹' 국민대 이사장 등 불출석 고발",2024.10.11.,https://news.sbs.co.kr/news/endPage.do?news_id=N1007830437&plink=ORI&cooper=NAVER,kookmin_media,,부정,0.6168873310089111
"[2024 국감]野, '김건희 논문 표절 의혹' 국민대 이사장 등 국감불출석 ...",2024.10.11.,https://www.ajunews.com/view/20241011122106145,kookmin_media,,부정,0.673958420753479
"야당, ‘김 여사 논문 의혹’ 국민대 이사장 국감 불출석 고발…여당 퇴...",2024.10.11.,https://news.kbs.co.kr/news/pc/view/view.do?ncd=8079303&ref=A,kookmin_media,,부정,0.5496847629547119
"野, '김여사 논문 의혹' 국민대 이사장 등 3명 국감불출석 고발",2024.10.11.,https://www.yna.co.kr/view/AKR20241011065000001?input=1195m,kookmin_media,,부정,0.5196696519851685
국민대 총장과 악수하는 오세훈 서울시장,2024.10.11.,https://www.newspim.com/news/view/20241011000258,kookmin_media,,긍정,0.948727011680603
국민대 개교 78주년 기념 KMU PRIDE WEEK 주간 행사,2024.10.11.,http://www.newstnt.com/news/articleView.html?idxno=418979,kookmin_media,,긍정,0.9635562300682068
"오늘은 총장이 쏜다…국민대, 학생들에게 다과·음료 전달 이벤트",2024.10.10.,https://www.news1.kr/society/education/5564548,kookmin_media,ESG 운영위원회의 다양성,긍정,0.954171359539032
"국민대 정승렬 총장, 학생들에게 다과와 음료 전달하는 이벤트 진행해",2024.10.10.,https://edu.donga.com/news/articleView.html?idxno=77520,kookmin_media,,긍정,0.9529874324798584
"정승렬 국민대 총장, ‘오늘은 총장이 쏜다’",2024.10.10.,https://dhnews.co.kr/news/view/1065590764086710,kookmin_media,,긍정,0.9364197254180908
"정승렬 국민대 총장, 학생들에게 다과·음료 쐈다",2024.10.10.,https://www.newsis.com/view/NISX20241010_0002915137,kookmin_media,,긍정,0.9357513189315796
"정승렬 국민대 총장, ‘학생 대상 다과·음료 전달’ 이벤트",2024.10.10.,http://www.metroseoul.co.kr/article/20241010500398,kookmin_media,,긍정,0.9754051566123962
"국민대 차세대통신사업단, 광주 MANI 팝업 아카데미 개최",2024.10.10.,https://www.munhwa.com/news/view.html?no=2024101001039936156002,kookmin_media,,긍정,0.9642698764801024
3년째 '때마침' 해외 출장?…'김 여사 논문 증인' 국민대 이사장 불출석,2024.10.08.,https://news.jtbc.co.kr/article/article.aspx?news_id=NB12218019,kookmin_media,,부정,0.8661048412322998
국민대 차세대통신사업단 광주 MANI 팝업 아카데미 개최,2024.10.08.,http://www.veritas-a.com/news/articleView.html?idxno=522935,kookmin_media,,긍정,0.9670311212539672
"국민대, 광주 MANI 팝업 아카데미 개최",2024.10.08.,https://www.newsis.com/view/NISX20241008_0002913330,kookmin_media,,긍정,0.9438581466674804
국감장 대신 해외로…국민대 이사장·숙대 전 총장 또 출장 핑계,2024.10.08.,https://news.jtbc.co.kr/article/article.aspx?news_id=NB12217988,kookmin_media,,부정,0.9064710140228271
"김건희 박사 논문, 다시 검사하니 표절률 '29%'…국민대 발표보다 2배 높...",2024.10.08.,https://www.pressian.com/pages/articles/2024100813572072583?utm_source=naver&utm_medium=search,kookmin_media,,부정,0.9513933062553406
[단독] '국민대 아이디'로 '김건희 박사 논문' 다시 돌려봤더니… 표절...,2024.10.08.,https://www.hankookilbo.com/News/Read/A2024100809110002566?did=NA,kookmin_media,,부정,0.954087257385254
"국민대학교 캠퍼스타운 사업단, ‘AWS 클라우드 기반 실전 창업교육' 통...",2024.10.07.,http://www.globalepic.co.kr/view.php?ud=2024100716103393806cf2d78c68_29,kookmin_media,,긍정,0.9585787653923036
"'김여사 논문 표절 의혹' 국민대 이사장, 올해도 국감 불출석",2024.10.06.,https://www.nocutnews.co.kr/news/6222992?utm_source=naver&utm_medium=article&utm_campaign=20241006111831,kookmin_media,,부정,0.95977520942688
"`김건희 논문 표절` 증인 국민대 이사장, 3년째 국감 불출석하고 해외 ...",2024.10.06.,https://www.dt.co.kr/contents.html?article_no=2024100602109958078010&ref=naver,kookmin_media,,부정,0.874937891960144
"국민대-한국수목원정원관리원, 정원·도시숲 분야 기술개발 및 연구 협...",2024.10.04.,https://www.joongang.co.kr/article/25282073,kookmin_media,지역사회 ESG 파트너십,긍정,0.9427711367607116
"국민대, 미래 자동차 전문가 교육 프로그램 수료식 개최",2024.10.04.,https://www.naeil.com/news/read/524783?ref=naver,kookmin_media,,긍정,0.925110638141632
"국민대ㆍKOICA, 외교관 역량강화 초청연수",2024.10.04.,https://www.etnews.com/20241004000052,kookmin_media,,긍정,0.945772647857666
"국민대ㆍKOICA, 외교관 역량강화 초청 연수사업 진행… 문화외교에 나서",2024.10.04.,https://news.heraldcorp.com/view.php?ud=20241004050155,kookmin_media,,긍정,0.864892840385437
"국민대-한국수목원정원관리원, 정원·도시숲 분야 기술개발 협력 업무협...",2024.10.04.,https://www.dt.co.kr/contents.html?article_no=2024100402109954056001&ref=naver,kookmin_media,지역사회 ESG 파트너십,긍정,0.9264060854911804
"국민대, 수목원정원관리원과 공동연구 업무협약",2024.10.03.,http://www.m-i.kr/news/articleView.html?idxno=1164815,kookmin_media,지역사회 ESG 파트너십,긍정,0.9162244200706482
국민대-한국수목원정원관리원 업무협약 체결... 정원·도시숲 분야 기술...,2024.10.03.,http://www.newstnt.com/news/articleView.html?idxno=416843,kookmin_media,지역사회 ESG 파트너십,긍정,0.9469659328460692
국민대-한국수목원정원관리원 정원/도시숲 분야 기술개발 협력/공동연구...,2024.10.02.,http://www.veritas-a.com/news/articleView.html?idxno=522298,kookmin_media,지역사회 ESG 파트너십,긍정,0.9263153672218324
"국민대, 한국수목원정원관리원과 업무협약 체결",2024.10.02.,https://www.newsfreezone.co.kr/news/articleView.html?idxno=590128,kookmin_media,지역사회 ESG 파트너십,긍정,0.8841525912284851
"국민대 바이오의약전공 학부생, SCI급 국제학술지에 제1저자 논문 게재",2024.10.02.,https://www.goodkyung.com/news/articleView.html?idxno=247834,kookmin_media,,긍정,0.9705469608306884
"국민대, 한국수목원정원관리원과 정원·도시숲 분야 기술개발 협력·공...",2024.10.02.,https://www.dailysmart.co.kr/news/articleView.html?idxno=93353,kookmin_media,지역사회 ESG 파트너십,긍정,0.9552434682846068
"국민대-한국수목원정원관리원, 정원·도시숲 분야 기술개발 협력 및 공...",2024.10.02.,https://www.onews.tv/news/articleView.html?idxno=220979,kookmin_media,지역사회 ESG 파트너십,긍정,0.9469730257987976
"국민대·한국수목원정원관리원, 업무협약 체결",2024.10.02.,https://www.newsis.com/view/NISX20241002_0002907105,kookmin_media,지역사회 ESG 파트너십,긍정,0.8944459557533264
"국민대학교 캠퍼스타운 사업단, '2024 성북 캠퍼스타운 아카데미' 성료",2024.10.02.,http://www.munhaknews.com/news/articleView.html?idxno=76751,kookmin_media,,긍정,0.928007185459137
2024 대학생 자작차대회 포뮬러 부문 성료...국민대 KEF-24팀 우승,2024.10.02.,https://www.gpkorea.com/news/articleView.html?idxno=119901,kookmin_media,,긍정,0.9488083124160768
최성진 국민대 교수 ‘2년 연속’ 세계 최상위 연구자 2% 선정,2024.11.30.,https://biz.heraldcorp.com/article/10006538?ref=naver,kookmin_media,,긍정,0.977419137954712
"국민대 이공계학생 , 눈으로 피에타 조각상 만들어 SNS 계정에서 화제",2024.11.30.,http://www.newstnt.com/news/articleView.html?idxno=436985,kookmin_media,,긍정,0.8628140687942505
"강민수 국민대 학생, 눈으로 만든 피에타 조각상 화제",2024.11.29.,http://www.m-i.kr/news/articleView.html?idxno=1184439,kookmin_media,,긍정,0.9158726930618286
"폭설 속 미친 재능…국민대 '피에타 눈사람' 만든 사람, 반전 정체 밝혀...",2024.11.29.,https://www.wikitree.co.kr/articles/1004896,kookmin_media,,긍정,0.7977667450904846
폭설에 재능 낭비 ‘국민대 미켈란젤로’의 반전…미대생 아니었다,2024.11.29.,https://www.seoul.co.kr/news/society/accident/2024/11/29/20241129500137?wlog_tag3=naver,kookmin_media,,긍정,0.5554618239402771
"눈으로 피에타 조각상 만든 학생, 알고보니 국민대 이공계 전공 학생",2024.11.29.,http://www.dailysmart.co.kr/news/articleView.html?idxno=100941,kookmin_media,,긍정,0.9123160243034364
화제의 국민대 ‘피에타 눈사람’…“미대생 아냐” 놀라운 정체 밝혀졌...,2024.11.29.,https://biz.heraldcorp.com/article/10006388?ref=naver,kookmin_media,,긍정,0.7196161150932312
"눈으로 피에타 조각상 만든 국민대 학생, 이공계 전공 밝혀져 화제",2024.11.29.,http://www.veritas-a.com/news/articleView.html?idxno=532480,kookmin_media,,긍정,0.8481048941612244
국민대 이공계 학생이 눈으로 피에타 조각상 만들어 화제,2024.11.29.,https://news.unn.net/news/articleView.html?idxno=571750,kookmin_media,,긍정,0.8498351573944092
"눈으로 피에타 조각상 만든 국민대 학생, 전공이…",2024.11.29.,https://dhnews.co.kr/news/view/1065581778217124,kookmin_media,,긍정,0.9293146133422852
"국민대, 서울시 청년 지원 협력 우수기관 인증",2024.11.28.,https://dhnews.co.kr/news/view/1065602585661054,kookmin_media,지역사회 ESG 파트너십,긍정,0.9865560531616212
"국민대, 서울광역청년센터와 서울청년취업지원프로그램 운영",2024.11.28.,http://www.dailysmart.co.kr/news/articleView.html?idxno=100892,kookmin_media,지역사회 ESG 파트너십,긍정,0.9880416393280028
"최성진 국민대 교수, 세계 최상위 반도체 연구자 2% 선정",2024.11.28.,http://www.m-i.kr/news/articleView.html?idxno=1183774,kookmin_media,,긍정,0.982826054096222
"국민대 총장 “무전공 선발, 수도권서 최대… 학생들엔 무한 가능성”",2024.11.28.,https://www.chosun.com/national/education/2024/11/28/GDSBRTJCQZCYJKMV2USRNB2CN4/?utm_source=naver&utm_medium=referral&utm_campaign=naver-news,kookmin_media,,긍정,0.9682735800743104
"국민대 최성진 교수, 세계 최상위 연구자 2%에 선정",2024.11.27.,https://www.naeil.com/news/read/530412?ref=naver,kookmin_media,,긍정,0.9850633144378662
"국민대 최성진 교수, 세계 최상위 연구자 2% 리스트 2년 연속 선정",2024.11.27.,https://www.onews.tv/news/articleView.html?idxno=226574,kookmin_media,,긍정,0.9777762293815612
"국민대 최성진 교수, 2년 연속 관련 연구업적 세계 최상위 연구자 2% 선...",2024.11.27.,https://www.dt.co.kr/contents.html?article_no=2024112702109954039001&ref=naver,kookmin_media,,긍정,0.9822101593017578
"국민대 전자공학부 최성진 교수, 2년 연속 관련 연구업적...세계 최상위...",2024.11.27.,http://www.newstnt.com/news/articleView.html?idxno=435835,kookmin_media,,긍정,0.985245645046234
"국민대 최성진 교수, 2년 연속 ‘세계 최상위 연구자 2%’ 선정",2024.11.27.,https://dhnews.co.kr/news/view/1065594424042866,kookmin_media,,긍정,0.9824849963188172
"최성진 국민대 전자공학부 교수, 2년 연속 관련 연구업적 세계 최상위 ...",2024.11.27.,http://www.dailysmart.co.kr/news/articleView.html?idxno=100817,kookmin_media,,긍정,0.9833754897117616
"정재일 국민대 교수, 정밀공학 발전 기여로 가헌학술상 수상",2024.11.27.,http://www.m-i.kr/news/articleView.html?idxno=1183152,kookmin_media,,긍정,0.9753988981246948
국민대 경기도 외국인 투자기업 지원센터 업무협약 기반 특강 진행,2024.11.27.,http://www.veritas-a.com/news/articleView.html?idxno=531994,kookmin_media,,긍정,0.9745848774909972
"국민대, 경기도 외국인 투자기업 지원센터 업무협약 기반 특강 실시",2024.11.27.,http://www.dailysmart.co.kr/news/articleView.html?idxno=100807,kookmin_media,,긍정,0.9800810813903807
"정재일 국민대 교수, 정밀공학 발전 기여해 가헌학술상",2024.11.27.,https://www.newsis.com/view/NISX20241127_0002974772,kookmin_media,,긍정,0.9642073512077332
"국민대 정재일 교수, 정밀공학 발전 기여 공로 가헌학술상 수상",2024.11.26.,https://www.onews.tv/news/articleView.html?idxno=226472,kookmin_media,,긍정,0.9591372609138488
"국민대, '대학생 UAM 올림피아드' 2개 부문 최우수상",2024.11.26.,https://www.news1.kr/society/education/5612156,kookmin_media,,긍정,0.9805595874786376
"국민대 학생들, 전국 대학생 UAM 올림피아드 2개 부문 최우수상",2024.11.26.,https://www.newsis.com/view/NISX20241126_0002973396,kookmin_media,,긍정,0.9272374510765076
"국민대 정재일 교수, 정밀공학 발전 기여 ‘가헌학술상’ 수상",2024.11.26.,https://dhnews.co.kr/news/view/1065590860615968,kookmin_media,,긍정,0.9379163980484008
"'탈북민과 대학생의 만남'…국민대, 토크 콘서트 개최",2024.11.26.,http://mbn.mk.co.kr/pages/news/newsView.php?category=mbn00009&news_seq_no=5075244,kookmin_media,,긍정,0.9364476203918456
"'탈북민과 대학생들의 만남'…국민대, 탈북민 토크 콘서트 개최",2024.11.26.,https://news.sbs.co.kr/news/endPage.do?news_id=N1007887553&plink=ORI&cooper=NAVER,kookmin_media,,긍정,0.952176570892334
"국민대생들, 전국 대학생 UAM 올림피아드 ‘최우수상’",2024.11.25.,http://www.edaily.co.kr/news/newspath.asp?newsid=03470246639089328,kookmin_media,,긍정,0.9580309391021729
"국민대ㆍ피에스비솔루션, AI 모델 기반 학습 시스템 개발 위한 기술이전...",2024.11.25.,http://www.fnnews.com/news/202411251134122550,kookmin_media,,긍정,0.9644480347633362
"국민대 장영민 교수, 전자공학 세계 최상위 연구자 2% 선정",2024.11.24.,https://www.naeil.com/news/read/529953?ref=naver,kookmin_media,,긍정,0.9635428786277772
"국민대, 서울캠퍼스타운 대학창업 개인투자조합 결성총회",2024.11.24.,https://www.naeil.com/news/read/529948?ref=naver,kookmin_media,,긍정,0.8545951843261719
"국민대 등 HUSS 환경 컨소시엄, COP29 행사 개최",2024.11.22.,http://www.m-i.kr/news/articleView.html?idxno=1181914,kookmin_media,ESG 관련 캠페인,긍정,0.9359751343727112
"[국민대 교수 시국선언] ""국정 파탄, 윤 대통령이 책임져야""",2024.11.21.,https://www.ohmynews.com/NWS_Web/View/at_pg.aspx?CNTN_CD=A0003081659&CMPT_CD=P0010&utm_source=naver&utm_medium=newsearch&utm_campaign=naver_news,kookmin_media,,부정,0.962764322757721
"국민대 포함 5개 대학 참여 HUSS 환경 컨소시엄, COP29 'Youth Green Allianc...",2024.11.21.,https://edu.donga.com/news/articleView.html?idxno=78654,kookmin_media,,긍정,0.8848296403884888
국민대 등 HUSS 환경 컨소시엄 COP29 'Youth Green Alliance' 주제 행사 개...,2024.11.21.,http://www.veritas-a.com/news/articleView.html?idxno=530871,kookmin_media,,긍정,0.741900622844696
"국민대, 2024 중앙일보 대학평가 종합 13위",2024.11.21.,http://www.m-i.kr/news/articleView.html?idxno=1180986,kookmin_media,,긍정,0.9528066515922546
"국민대, 2024 중앙일보 대학평가서 종합 13위…3계단 상승",2024.11.20.,https://www.viva100.com/article/20241120501302,kookmin_media,,긍정,0.9785938262939452
국민대 “중앙일보 대학평가 종합 13위”,2024.11.20.,http://www.edaily.co.kr/news/newspath.asp?newsid=03814646639087688,kookmin_media,,긍정,0.9389674067497252
"국민대, 숙명여대·서강대와 서울캠퍼스타운 결성총회 성료",2024.11.20.,http://www.m-i.kr/news/articleView.html?idxno=1180877,kookmin_media,,긍정,0.9357444047927856
"국민대, '2024 중앙일보 대학평가' 종합 13위 기록",2024.11.20.,https://www.onews.tv/news/articleView.html?idxno=225910,kookmin_media,,긍정,0.9764947295188904
국민대 2024 중앙일보 대학평가 종합 13위 달성,2024.11.20.,http://www.veritas-a.com/news/articleView.html?idxno=530577,kookmin_media,,긍정,0.9892100691795348
"국민대 산학협력단, 숙명여대·서강대 산학협력단과 서울캠퍼스타운 대...",2024.11.20.,http://www.dailysmart.co.kr/news/articleView.html?idxno=100476,kookmin_media,,긍정,0.9115173816680908
"[에듀플러스]국민대 산학협력단, 숙명여대·서강대 산학협력단과 서울캠...",2024.11.20.,https://www.etnews.com/20241120000108,kookmin_media,,긍정,0.9003984332084656
"국민대-숙명여대-서강대, 서울캠퍼스타운 대학창업 개인투자조합 결성...",2024.11.20.,https://www.foodneconomy.com/news/articleView.html?idxno=400836,kookmin_media,,긍정,0.8735886812210083
"국민대-숙명여대-서강대, 서울캠퍼스타운 대학창업 개인투자조합 결성",2024.11.19.,https://news.unn.net/news/articleView.html?idxno=571258,kookmin_media,,긍정,0.9319000244140624
국민대 산학협력단 숙명여대/서강대 산학협력단과 서울캠퍼스타운 대학...,2024.11.19.,http://www.veritas-a.com/news/articleView.html?idxno=530353,kookmin_media,,긍정,0.9065574407577516
"국민대, 숙명여대·서강대와 서울캠퍼스타운 대학창업 개인투자조합 결...",2024.11.19.,https://www.newsis.com/view/NISX20241119_0002964767,kookmin_media,,긍정,0.8834795951843262
"국민대·숙명여대·서강대, 서울캠퍼스타운 대학창업 개인투자조합 결성...",2024.11.19.,https://www.dt.co.kr/contents.html?article_no=2024111902109954039001&ref=naver,kookmin_media,,긍정,0.9243351817131042
"국민대 산학협력단, 서울캠퍼스타운 대학창업 개인투자조합 결성총회 개...",2024.11.19.,http://www.newstnt.com/news/articleView.html?idxno=432686,kookmin_media,,긍정,0.8536953926086426
국민대 '하반기 집중 취업 지원 기간' 운영,2024.11.19.,http://www.veritas-a.com/news/articleView.html?idxno=530304,kookmin_media,,긍정,0.982895851135254
"국민대, ‘서울캠퍼스타운 대학창업 개인투자조합’ 결성 총회",2024.11.19.,https://dhnews.co.kr/news/view/1065589596868477,kookmin_media,,긍정,0.7698087692260742
"국민대 전자공학과 장영민 교수 , 전자공학 분야 세계 최상위 연구자 2...",2024.11.19.,http://www.newstnt.com/news/articleView.html?idxno=432485,kookmin_media,,긍정,0.9621736407279968
국민대 'K방산 특수' 터졌다…광운대는 논문 격려금 3000만원 [2024 대학...,2024.11.19.,https://www.joongang.co.kr/article/25293051,kookmin_media,,긍정,0.8626683950424194
국민대 장영민 교수 전자공학 분야 세계 최상위 연구자 2% 선정,2024.11.18.,http://www.veritas-a.com/news/articleView.html?idxno=530111,kookmin_media,,긍정,0.9758846759796144
"국민대 공업디자인학과, 2024 졸업전시회 'Carry On.' 개최",2024.11.18.,https://www.news1.kr/industry/general-industry/5603797,kookmin_media,,긍정,0.9529432654380798
"국민대 장영민 교수, 전자공학 분야 ‘세계 최상위 연구자 2%’ 선정",2024.11.18.,https://dhnews.co.kr/news/view/1065597377214966,kookmin_media,,긍정,0.9859200716018676
"국민대 창업보육센터, 창업기업 지원 위해 메인콘텐츠와 MOU 체결",2024.11.18.,https://view.asiae.co.kr/article/2024111813414648469,kookmin_media,,긍정,0.9832614064216614
"국민대 공업디자인학과, 2024 졸업 전시회 ‘Carry On.’ 개최",2024.11.18.,https://biz.heraldcorp.com/article/10000701?ref=naver,kookmin_media,,긍정,0.9369540810585022
"고려대·국민대→강원지역 교수들 ""국정농단 심각, 尹 퇴진해야""",2024.11.16.,https://www.slist.kr/news/articleView.html?idxno=596246,kookmin_media,,부정,0.5406757593154907
"국민대, 오세훈 서울시장 초청 특강",2024.11.15.,https://www.viva100.com/article/20241115500748,kookmin_media,,긍정,0.9681218266487122
"국민대, 635회 목요특강 연사로 오세훈 서울시장 초청",2024.11.15.,http://www.newsian.co.kr/news/articleView.html?idxno=74555,kookmin_media,,긍정,0.9637793302536012
"[KYD] 윤종영 국민대 교수 ""인간 안보와 기술의 연결이 CES 2025의 가장 큰...",2024.11.15.,https://www.newspim.com/news/view/20241115000872,kookmin_media,,긍정,0.918403148651123
"국민대, 오세훈 서울특별시장 특강 열어",2024.11.15.,https://news.unn.net/news/articleView.html?idxno=571124,kookmin_media,,긍정,0.9716444611549376
"국민대, 오세훈 서울시장 초청 ‘동행·매력 특별시 서울’ 특강",2024.11.15.,https://dhnews.co.kr/news/view/1065586877487346,kookmin_media,,긍정,0.9420260190963744
"서울시 오세훈 시장, 국민대서 '동행·매력 특별시 서울' 특강",2024.11.15.,https://www.lecturernews.com/news/articleView.html?idxno=166273,kookmin_media,,긍정,0.8674161434173584
"[게시판] 오세훈 시장, 국민대서 '동행·매력 특별시 서울' 특강",2024.11.15.,https://www.yna.co.kr/view/AKR20241115080100004?input=1195m,kookmin_media,,긍정,0.8784806132316589
국민대 오세훈 서울시장 특강 개최,2024.11.15.,http://www.veritas-a.com/news/articleView.html?idxno=529711,kookmin_media,,긍정,0.9656803011894226
"국민대, 오세훈 서울특별시장 초청 특강 진행",2024.11.15.,https://www.onews.tv/news/articleView.html?idxno=225436,kookmin_media,,긍정,0.9692655801773072
"국민대, 오세훈 서울특별시장 초청 특강 실시",2024.11.15.,http://www.dailysmart.co.kr/news/articleView.html?idxno=100246,kookmin_media,,긍정,0.963606297969818
"고려대·국민대 교수 ""윤 대통령 퇴진하라""",2024.11.15.,https://www.ytn.co.kr/_ln/0103_202411150411535665,kookmin_media,,긍정,0.8297522068023682
"고려대·국민대 교수도 시국선언…""윤 퇴진 이유 차고 넘쳐""",2024.11.14.,https://news.tf.co.kr/read/life/2151619.htm,kookmin_media,,긍정,0.8127962350845337
"고려대·국민대 교수들 ""권력 사유화한 대통령 퇴진해야""‥줄잇는 시국...",2024.11.14.,https://imnews.imbc.com/replay/2024/nwdesk/article/6656337_36515.html,kookmin_media,,긍정,0.8874006271362305
"”윤 정권, 실낱같은 희망도 사라졌다” 고려·국민대 교수도 시국선언",2024.11.14.,https://www.hani.co.kr/arti/politics/politics_general/1167512.html,kookmin_media,,부정,0.6049202084541321
고려대·국민대 교수도 시국 선언,2024.11.14.,https://news.kbs.co.kr/news/pc/view/view.do?ncd=8106336&ref=A,kookmin_media,,긍정,0.6926679611206055
"""권력 사유화 윤석열 퇴진"" 고려대·국민대 교수들도 시국선언",2024.11.14.,https://news.jtbc.co.kr/article/NB12223102?influxDiv=NAVER,kookmin_media,,긍정,0.5605804920196533
"고려대·국민대 교수들 ""국정농단 심각, 尹 퇴진해야""…시국선언 동참",2024.11.14.,http://www.seoulwire.com/news/articleView.html?idxno=627051,kookmin_media,,긍정,0.8758125305175781
고려대·국민대 교수들 시국선언 “국정 파탄 尹대통령이 책임져야”,2024.11.14.,https://www.mk.co.kr/article/11168162,kookmin_media,,부정,0.525848388671875
고려대·국민대 교수 시국선언…“윤석열 대통령 퇴진 강력히 요구”,2024.11.14.,https://news.kbs.co.kr/news/pc/view/view.do?ncd=8106134&ref=A,kookmin_media,,긍정,0.7645309567451477
고려대·국민대도 동참… 잇따르는 대학가 시국선언,2024.11.14.,http://www.segye.com/newsView/20241114511606?OutUrl=naver,kookmin_media,,긍정,0.9079483151435852
"고려대·국민대 교수들 ""국정농단 심각, 尹 퇴진해야""",2024.11.14.,https://www.newsis.com/view/NISX20241113_0002957658,kookmin_media,,긍정,0.8164014220237732
"국민대 교수들 ""尹의 대국민 담화, 참을 수 없는 모욕""",2024.11.14.,https://www.sisajournal.com/news/articleView.html?idxno=314712,kookmin_media,,부정,0.5988267660140991
"시국선언 이어지는 대학가, 국민대 교수들도 참여",2024.11.14.,https://www.mk.co.kr/article/11168043,kookmin_media,,부정,0.5586743354797363
"""전쟁 위기·서민 도탄·의료 폭망"" 국민대 교수들도 ""물러나라""",2024.11.14.,https://imnews.imbc.com/news/2024/society/article/6656114_36438.html,kookmin_media,,부정,0.7850378751754761
국민대 교수도 시국선언 동참…“尹 스스로 물러나야”,2024.11.14.,https://www.kmib.co.kr/article/view.asp?arcid=0020728822&code=61121111&cp=nv,kookmin_media,,부정,0.5643138885498047
"국민대 교수 시국선언… “尹, 자질·능력 부족하면 스스로 물러나야”",2024.11.14.,https://news.heraldcorp.com/view.php?ud=20241114050232,kookmin_media,,부정,0.5276678204536438
"국민대 교수들도 시국선언‥""윤 대통령 책임지고 물러나야""",2024.11.14.,https://imnews.imbc.com/news/2024/society/article/6656046_36438.html,kookmin_media,,긍정,0.6060379147529602
"국민대 교수 시국선언 “윤, 물러나는 것이 타당…결단 촉구한다” [전...",2024.11.14.,https://www.hani.co.kr/arti/society/society_general/1167338.html,kookmin_media,,부정,0.6231781840324402
"국민대 교수들 ""국정 파탄 윤석열 대통령 스스로 물러나야""",2024.11.14.,https://news.sbs.co.kr/news/endPage.do?news_id=N1007872663&plink=ORI&cooper=NAVER,kookmin_media,,부정,0.5490644574165344
"국민대 교수들 ""국정 파탄, 윤석열 대통령이 책임지고 물러나야""",2024.11.14.,https://www.nocutnews.co.kr/news/6243923?utm_source=naver&utm_medium=article&utm_campaign=20241114084836,kookmin_media,,부정,0.741624116897583
"국민대 자율주행 동아리 KUUVe, 3년 연속 자율주행 경진대회 연속 대상 ...",2024.11.14.,http://www.dailysmart.co.kr/news/articleView.html?idxno=100119,kookmin_media,,긍정,0.9758689999580384
"""국정파탄 윤 대통령 스스로 물러나야""…국민대 교수도 시국선언",2024.11.14.,https://www.news1.kr/society/general-society/5599714,kookmin_media,,긍정,0.5861179828643799
"국민대 기후변화대응사업단, 2024 산학연 엑스포 HUSS 환경컨소시엄 참...",2024.11.13.,http://www.dailysmart.co.kr/news/articleView.html?idxno=100118,kookmin_media,ESG 관련 캠페인,긍정,0.9089800715446472
국민대 자율주행 동아리 KUUVe 자율주행 경진대회 3년 연속 대상 수상,2024.11.13.,http://www.veritas-a.com/news/articleView.html?idxno=529302,kookmin_media,,긍정,0.9778037667274476
"국민대 기후변화대응사업단, 2024 산학연 EXPO HUSS 환경컨소시엄 참가",2024.11.13.,http://www.veritas-a.com/news/articleView.html?idxno=529258,kookmin_media,ESG 관련 캠페인,긍정,0.9325332045555116
국민대 생활협동조합 정릉동 일대서 '사랑의 연탄나눔행사' 진행,2024.11.12.,http://www.veritas-a.com/news/articleView.html?idxno=528994,kookmin_media,,긍정,0.992283046245575
"국민대, 2024년 ICT 학점 연계 프로젝트 인턴십 '우수참여대학' 선정",2024.11.12.,http://www.veritas-a.com/news/articleView.html?idxno=529000,kookmin_media,,긍정,0.9371659755706788
"국민대 생활협동조합, 정릉동 일대에서 사랑의 연탄나눔행사 진행",2024.11.12.,https://news.unn.net/news/articleView.html?idxno=570942,kookmin_media,,긍정,0.9920828342437744
"국민대 생활협동조합, 정릉동 일대서 사랑의 연탄나눔행사 진행",2024.11.12.,http://www.dailysmart.co.kr/news/articleView.html?idxno=100006,kookmin_media,,긍정,0.9920924305915833
"국민대 생활협동조합, 정릉동 일대에서 ‘사랑의 연탄나눔행사’",2024.11.12.,https://dhnews.co.kr/news/view/1065593620884621,kookmin_media,,긍정,0.9803119897842408
"에이서, 국민대학교서 '지포스 RTX AI PC 캠퍼스 세미나' 성료",2024.11.12.,https://www.ilovepc.co.kr/news/articleView.html?idxno=51581,kookmin_media,,긍정,0.899694561958313
"[인터뷰] 국민대 허정윤 ""개인정보 문제, 기획 단계서 고민 필요""",2024.11.12.,https://www.straightnews.co.kr/news/articleView.html?idxno=257117,kookmin_media,,긍정,0.9137545228004456
"국민대 디에스피, 싱가포르 박람회에서 '산학협력 성과' 선봬",2024.11.12.,https://www.businesskorea.co.kr/news/articleView.html?idxno=229153,kookmin_media,,긍정,0.988440990447998
"국민대 가족회사 디에스피, 싱가포르 식품 및 호텔 박람회에서 산학협력...",2024.11.12.,https://www.sedaily.com/NewsView/2DGTE2UB45,kookmin_media,,긍정,0.9662947058677672
"국민대 공동기기원, 타슈켄트정보통신대학교에 소프트소자팹 소개",2024.11.11.,https://view.asiae.co.kr/article/2024111114505765505,kookmin_media,,긍정,0.8945790529251099
국민대 자동차융합대학에 동유럽 4개 대학 방문…첨단분야 인재 양성 협...,2024.11.09.,https://news.heraldcorp.com/view.php?ud=20241109050009,kookmin_media,,긍정,0.8934742212295532
"국민대 연구팀, 차세대 무기발광 디스플레이 구현",2024.11.08.,https://www.naeil.com/news/read/528423?ref=naver,kookmin_media,,긍정,0.9171600341796876
"국민대 도영락 교수 연구팀, Fin-LED 제조 및 수직 조립기술 개발로 차세...",2024.11.08.,http://www.newstnt.com/news/articleView.html?idxno=429196,kookmin_media,,부정,0.5003330707550049
"국민대, 정보과학·통신기술 국제학술대회 개최",2024.11.08.,http://www.m-i.kr/news/articleView.html?idxno=1176911,kookmin_media,,긍정,0.972334623336792
국민대학교 건축대학 50주년 기념 심포지엄 강연 피터 쿡 초청,2024.11.08.,https://vmspace.com/news/news_view.html?base_seq=MzIxNQ==,kookmin_media,,긍정,0.9595220685005188
"국민대 도영락 교수 연구팀, Fin-LED 제조 및 수직 조립기술 개발",2024.11.08.,https://news.heraldcorp.com/view.php?ud=20241108050535,kookmin_media,,긍정,0.7713083028793335
"도영락 국민대 교수 연구팀, 차세대 무기발광 디스플레이 구현",2024.11.08.,http://www.m-i.kr/news/articleView.html?idxno=1176760,kookmin_media,,긍정,0.9812270402908324
"국민대 도영락 교수 연구팀, 차세대 무기발광 디스플레이 개발",2024.11.08.,http://www.newsian.co.kr/news/articleView.html?idxno=74358,kookmin_media,,긍정,0.8811038136482239
"국민대, 서울권역 대학일자리플러스센터 연합행사 공동 진행",2024.11.08.,http://www.veritas-a.com/news/articleView.html?idxno=528278,kookmin_media,,긍정,0.8952798843383789
"도영락 국민대 교수팀, 차세대 무기발광 디스플레이 구현",2024.11.07.,https://www.newsis.com/view/NISX20241107_0002951002,kookmin_media,,긍정,0.8604689836502075
국민대·타슈켄트정보통신대 공동 'ICISCT 2024 국제학술대회' 개최,2024.11.07.,https://news.unn.net/news/articleView.html?idxno=570758,kookmin_media,,긍정,0.9563599228858948
"국민대, 차세대 무기 발광 디스플레이 개발",2024.11.07.,http://www.edaily.co.kr/news/newspath.asp?newsid=05395606639083424,kookmin_media,,긍정,0.9653456211090088
국민대 도영락 교수 연구팀 Fin-LED 제조/수직 조립기술 개발,2024.11.07.,http://www.veritas-a.com/news/articleView.html?idxno=528166,kookmin_media,,긍정,0.921137034893036
"도영락 국민대 화학과 교수 연구팀, Fin-LED 제조·수직 조립기술 개발로...",2024.11.07.,https://www.dailysmart.co.kr/news/articleView.html?idxno=94828,kookmin_media,,긍정,0.8355324268341064
"국민대, 동유럽 코시체공과대와 업무협약 체결",2024.11.07.,http://www.m-i.kr/news/articleView.html?idxno=1176338,kookmin_media,,긍정,0.9115337133407592
"동유럽 4개 공대, 국민대 자동차융합대학 업무협약",2024.11.06.,https://www.naeil.com/news/read/528111?ref=naver,kookmin_media,,긍정,0.910456657409668
"동유럽 4개 공과대학교, 국민대학교 자동차융합대학 방문 및 MOU 체결",2024.11.06.,https://www.dt.co.kr/contents.html?article_no=2024110602109954039002&ref=naver,kookmin_media,,긍정,0.9147380590438844
"국민대 ""동유럽 4개 공과대와 MOU 체결""",2024.11.06.,https://edu.donga.com/news/articleView.html?idxno=78243,kookmin_media,,긍정,0.9354181289672852
"국민대학교, 코시체공과대학과 업무협약 체결",2024.11.06.,https://www.newsfreezone.co.kr/news/articleView.html?idxno=594662,kookmin_media,,긍정,0.9651261568069458
"동유럽 4개 공과대학교, 국민대 자동차융합대학 방문·MOU 체결",2024.11.06.,https://www.dailysmart.co.kr/news/articleView.html?idxno=94753,kookmin_media,,긍정,0.907403528690338
"국민대, 동유럽 대학과 '미래자동차분야 인재 육성' 업무협약 체결",2024.11.06.,https://view.asiae.co.kr/article/2024110611134233916,kookmin_media,,긍정,0.9515346884727478
"국민대, 동유럽 4개 공과대학교와 자동차 분야 협력 강화",2024.11.06.,https://dhnews.co.kr/news/view/1065577838970113,kookmin_media,,긍정,0.8729711174964905
"동유럽 4개 공과대, 국민대 자동차융합대학 방문 및 MOU 체결",2024.11.06.,http://www.veritas-a.com/news/articleView.html?idxno=527772,kookmin_media,,긍정,0.9029831886291504
"국민대, 동유럽 코시체공과대와 MOU 체결",2024.11.06.,https://www.newsis.com/view/NISX20241106_0002948400,kookmin_media,,긍정,0.9567188024520874
"스타트투데이-국민대학교, 산학협력을 통해 이커머스 물류 혁신과 인재...",2024.11.05.,https://www.sedaily.com/NewsView/2DGQ5NFKGQ,kookmin_media,"지역사회 ESG 파트너십,폐기물 배출",긍정,0.984394907951355
"국민대 기후변화대응사업단, '즐거운 불편 운동 캠퍼스 편' 선포식 개최",2024.11.04.,https://news.unn.net/news/articleView.html?idxno=570576,kookmin_media,ESG 관련 캠페인,긍정,0.7884753942489624
국민대 ‘졸업 선배와 함께 하는 직무박람회’ 마무리,2024.11.04.,https://www.joongang.co.kr/article/25289398,kookmin_media,,긍정,0.9557219743728638
"국민대 등 5개 대학 환경동아리, ‘즐거운 불편 운동 캠퍼스 편’ 선포...",2024.11.04.,http://dhnews.co.kr/news/view/1065593641596444,kookmin_media,"ESG 관련 캠페인,ESG 관련 학생 동아리,지역사회 ESG 파트너십,ESG 비교과 프로그램 개발 및 운영",긍정,0.7435097098350525
"국민대학교 캠퍼스타운 사업단, 2024 전체 프로그램 ‘성료’",2024.11.04.,https://www.seoul.co.kr/news/society/education-news/2024/11/04/20241104500097?wlog_tag3=naver,kookmin_media,,긍정,0.9598320722579956
"국민대, 'Try Everything 2024 KMU 스타트업 네트워킹 데이' 성료",2024.11.04.,https://www.etnews.com/20241104000159,kookmin_media,,긍정,0.9271280169487
"국민대, ‘트라이 에브리싱 2024 KMU 스타트업 네트워킹 데이’ 개최",2024.11.04.,https://view.asiae.co.kr/article/2024110410414268772,kookmin_media,,긍정,0.9508724212646484
"[2024 국민대학교 캠퍼스타운 스타트업] (주)세코, 기업 안전관리 문서...",2024.11.04.,http://www.munhaknews.com/news/articleView.html?idxno=77167,kookmin_media,,긍정,0.9636088013648988
"국민대, 삼성전자·현대차·SK하이닉스 등 40개 기업 직무박람회 성황리...",2024.11.02.,https://www.weeklytrade.co.kr/news/view.html?section=1&category=160&item=&no=93329,kookmin_media,,긍정,0.8743392825126648
"국민대, 국내 40개기업 직무박람회 개최",2024.11.02.,https://www.naeil.com/news/read/527627?ref=naver,kookmin_media,,긍정,0.9381599426269532
"현대차·SK하이닉스 등 40개 기업 모였다…국민대, 직무박람회 개최",2024.11.02.,https://news.heraldcorp.com/view.php?ud=20241101050689,kookmin_media,,긍정,0.9436847567558287
"국민대, 국내 40개 기업 직무박람회 개최",2024.11.01.,http://www.m-i.kr/news/articleView.html?idxno=1174504,kookmin_media,,긍정,0.9219632744789124
"국민대, 삼성전자·SK하이닉스 등 40개 기업 직무박람회 개최",2024.11.01.,https://www.widedaily.com/news/articleView.html?idxno=249785,kookmin_media,,긍정,0.9703819155693054
"국민대, 삼성전자 · 현대자동차 · SK하이닉스 등 국내 40개기업 직무박...",2024.11.01.,http://www.newstnt.com/news/articleView.html?idxno=426666,kookmin_media,취약계층 지원강화,긍정,0.9582473039627076
"국민대, '2024 졸업 선배와 함께하는 직무박람회' 개최",2024.11.01.,https://www.dailysmart.co.kr/news/articleView.html?idxno=94561,kookmin_media,,긍정,0.9681889414787292
국민대 삼성전자/현대자동차/SK하이닉스 등 국내 40개기업 직무박람회 ...,2024.11.01.,http://www.veritas-a.com/news/articleView.html?idxno=526963,kookmin_media,,긍정,0.9482994675636292
"국민대, 삼성전자 등 국내 40개 기업 직무박람회 열어",2024.11.01.,https://dhnews.co.kr/news/view/1065587309543702,kookmin_media,,긍정,0.9017467498779296
[2024 국민대학교 캠퍼스타운 스타트업] 노코드 기반 AR 기술 스타트업...,2024.11.01.,http://www.munhaknews.com/news/articleView.html?idxno=77132,kookmin_media,,긍정,0.9841630458831788
"국민대, 2024 지역사회 동반성장 아이디어 경진대회 개최",2024.12.30.,https://view.asiae.co.kr/article/2024123015215063265,kookmin_media,,긍정,0.9489858746528624
"국민대, 2024 지역사회 동반성장 아이디어 경진대회 성료",2024.12.30.,http://www.kdpress.co.kr/news/articleView.html?idxno=134677,kookmin_media,지역사회 ESG 파트너십,긍정,0.9450732469558716
"김주은 국민대 응용화학부 교수, 한국약제학회 우수논문상 수상",2024.12.30.,http://www.metroseoul.co.kr/article/20241230500053,kookmin_media,,긍정,0.9713296890258788
"김주은 국민대 응용화학부 바이오의약전공 교수, (사)한국약제학회 우수...",2024.12.29.,http://www.dailysmart.co.kr/news/articleView.html?idxno=102032,kookmin_media,,긍정,0.9336228966712952
"국민대 김주은 교수, 한국약제학회 ‘우수논문상’",2024.12.27.,https://dhnews.co.kr/news/view/1065593430853175,kookmin_media,,긍정,0.9634930491447448
"국민대 김주은 교수, (사)한국약제학회 우수논문상 수상",2024.12.27.,https://www.onews.tv/news/articleView.html?idxno=229390,kookmin_media,,긍정,0.9253478050231934
국민대 김주은 교수 한국약제학회 우수논문상 수상,2024.12.27.,http://www.veritas-a.com/news/articleView.html?idxno=537285,kookmin_media,,긍정,0.943695902824402
"이인형 국민대 LINC3.0사업단장, 부총리 겸 교육부장관상",2024.12.24.,https://www.newsfreezone.co.kr/news/articleView.html?idxno=602114,kookmin_media,지역사회 ESG 파트너십,긍정,0.9777544140815736
"국민대 이인형 LINC3.0사업단장, 교육부장관상 수상",2024.12.24.,https://www.newsis.com/view/NISX20241224_0003008527,kookmin_media,지역사회 ESG 파트너십,긍정,0.9814855456352234
"국민대 이인형 LINC3.0사업단장 , 부총리 겸 교육부장관상 수상",2024.12.23.,http://www.newstnt.com/news/articleView.html?idxno=445138,kookmin_media,지역사회 ESG 파트너십,긍정,0.9838042855262756
"이인형 국민대 LINC3.0 사업단장, 부총리 겸 교육부장관상 수상",2024.12.23.,http://www.dailysmart.co.kr/news/articleView.html?idxno=101871,kookmin_media,지역사회 ESG 파트너십,긍정,0.9621570706367492
"국민대 공동기기원, ‘첨단기기 분석 세미나’ 개최",2024.12.23.,http://www.edaily.co.kr/news/newspath.asp?newsid=02755206639121472,kookmin_media,,긍정,0.9182924628257751
'2025년 국민대 캠퍼스타운 입주기업 모집 창업경진대회' 실시,2024.12.23.,https://www.ajunews.com/view/20241223141846080,kookmin_media,,긍정,0.8837240934371948
"국민대 생협-현존명상 협동조합, 마음 돌봄을 위한 '명상 특강' 성료",2024.12.20.,https://www.lifein.news/news/articleView.html?idxno=18326,kookmin_media,,긍정,0.9915892481803894
"국민대 생협과 현존명상 협동조합, '명상 특강' 성료…성북구 사회적 기...",2024.12.20.,https://www.eroun.net/news/articleView.html?idxno=50917,kookmin_media,,긍정,0.9817905426025392
"국민대 바이오의약학과 윤주현, 의약품제조혁신학회 학술대회서 수상",2024.12.19.,https://www.yakup.com/news/index.html?mode=view&cat=17&nid=304093,kookmin_media,,긍정,0.9374536275863647
"국민대 바이오의약학과 추선이-이세은-전채원, 약학회 학술대회서 수상",2024.12.19.,https://www.yakup.com/news/index.html?mode=view&cat=17&nid=304092,kookmin_media,,긍정,0.9339088201522828
"국민대 바이오의약학과 공성준-김도협, 약학회 학술대회서 수상",2024.12.19.,https://www.yakup.com/news/index.html?mode=view&cat=17&nid=304090,kookmin_media,,긍정,0.9451825022697448
[국민대] '기업가정신' DNA로 인문·자연·예체능 모두 강한 대학,2024.12.19.,http://www.kyosu.net/news/articleView.html?idxno=129101,kookmin_media,,긍정,0.991622507572174
"한국자유총연맹, 국민대학교와 MOU 체결 기념 학술회의 개최",2024.12.19.,http://www.shinailbo.co.kr/news/articleView.html?idxno=1979904,kookmin_media,,긍정,0.8313792943954468
[포토] 자유총연맹-국민대 '남북 2국가론' 학술회의,2024.12.18.,https://www.newdaily.co.kr/site/data/html/2024/12/18/2024121800363.html,kookmin_media,,긍정,0.7687337398529053
"[대학특집] 국민대, 전공자율선택제 신설…조형대학 면접고사 통일",2024.12.18.,https://www.dt.co.kr/contents.html?article_no=2024121902101832091001&ref=naver,kookmin_media,,긍정,0.8724470734596252
[포토] 한국자유총연맹-국민대학교 MOU체결 기념 학술회의 기념촬영,2024.12.18.,https://www.newdaily.co.kr/site/data/html/2024/12/18/2024121800258.html,kookmin_media,,긍정,0.6531909108161926
[포토] 한국자유총연맹-국민대 업무협약 체결 기념 학술회의 개최,2024.12.18.,https://www.newdaily.co.kr/site/data/html/2024/12/18/2024121800242.html,kookmin_media,,긍정,0.6808704733848572
[포토] 인사말하는 김형진 국민대 한반도미래연구원장,2024.12.18.,https://www.newdaily.co.kr/site/data/html/2024/12/18/2024121800238.html,kookmin_media,,긍정,0.6038320660591125
"[포토] 자유총연맹-국민대 업무협약 기념 학술회의, 인사말하는 강석호...",2024.12.18.,https://www.newdaily.co.kr/site/data/html/2024/12/18/2024121800236.html,kookmin_media,,긍정,0.5921123027801514
"국민대 바이오의약학과, '2024 SMMI 학술대회' 우수포스터발표상 수상",2024.12.17.,https://www.medipana.com/article/view.php?news_idx=335462&sch_cate=G,kookmin_media,,긍정,0.9836344718933104
"국민대, 연구장비 실습 정규 교육과정 개설…연구장비 엔지니어 키운다",2024.12.16.,https://news.unn.net/news/articleView.html?idxno=572537,kookmin_media,,긍정,0.9617555737495422
"국민대, 연구장비 엔지니어 키운다...연구장비 실습 정규 교육과정 개설",2024.12.16.,http://www.newstnt.com/news/articleView.html?idxno=442477,kookmin_media,,긍정,0.9844090342521667
"국민대, ‘2024 지역사회 문제해결 정책 아이디어 제안 성과공유회’ 성...",2024.12.16.,https://biz.heraldcorp.com/article/10016736?ref=naver,kookmin_media,,긍정,0.937627911567688
"국민대, '2024 지역사회 문제해결 정책 아이디어 제안 성과공유회' 개최",2024.12.16.,http://www.kdpress.co.kr/news/articleView.html?idxno=134301,kookmin_media,,긍정,0.9329631924629213
"국민대, 연구장비 실습 정규 교육과정 개설",2024.12.16.,https://dhnews.co.kr/news/view/1065589735687838,kookmin_media,,긍정,0.920788824558258
"연구장비 엔지니어 키운다...국민대, 연구장비 실습 정규 교육과정 개설",2024.12.16.,http://www.veritas-a.com/news/articleView.html?idxno=535134,kookmin_media,,긍정,0.9845311641693116
"국민대 고2 대상 모의면접/전공별 대입 멘토링.. 내달 16일, 17일 2회 '회...",2024.12.16.,http://www.veritas-a.com/news/articleView.html?idxno=535055,kookmin_media,,긍정,0.9542682766914368
"유일선 국민대 정보보안암호수학과 교수, 연구업적 세계 최상위 연구자...",2024.12.13.,http://www.metroseoul.co.kr/article/20241213500061,kookmin_media,,긍정,0.9798247814178468
"켄 오쿠야마 (Ken Okiyama) 디자이너, 국민대 방문 및 특강",2024.12.13.,http://www.veritas-a.com/news/articleView.html?idxno=534854,kookmin_media,,긍정,0.9433079957962036
"국민대, 13일 '미래차 융합SW 전문인력양성사업 SDV 워크숍' 개최",2024.12.12.,https://www.etnews.com/20241212000453,kookmin_media,,긍정,0.9621256589889526
"국민대 유일선 교수, 2년 연속 '세계 최상위 연구자 2%' 선정",2024.12.11.,https://www.onews.tv/news/articleView.html?idxno=227900,kookmin_media,,긍정,0.9483885765075684
공주대 첨단분말소재부품센터-국민대 MOU,2024.12.11.,http://www.dynews.co.kr/news/articleView.html?idxno=781362,kookmin_media,,긍정,0.9244008660316468
국민대 정보보안암호수학과 유일선 교수 2년 연속 관련 연구업적 세계 ...,2024.12.11.,http://www.veritas-a.com/news/articleView.html?idxno=534531,kookmin_media,,긍정,0.9625194072723388
"국민대 정보보안암호수학과 유일선 교수, 2년 연속 관련 연구업적 세계...",2024.12.11.,http://www.newstnt.com/news/articleView.html?idxno=440945,kookmin_media,,긍정,0.96162611246109
"국민대 정보보안암호수학과 유일선 교수, 2년 연속 '세계 최상위 연구자...",2024.12.11.,https://www.newsis.com/view/NISX20241211_0002993077,kookmin_media,,긍정,0.9818708896636964
[게시판] 국민대 이석환 교수 한국정책학회장 선출,2024.12.10.,https://www.yna.co.kr/view/AKR20241210075700004?input=1195m,kookmin_media,,긍정,0.8271973133087158
"국민대, 동아무역과 반도체 연구장비 분야 공동 연구개발 위한 MOU 체결",2024.12.10.,https://www.businesskorea.co.kr/news/articleView.html?idxno=231434,kookmin_media,지역사회 ESG 파트너십,긍정,0.957512140274048
"국민대-동아무역, 반도체 연구장비 분야 공동 연구개발 위한 MOU 체결",2024.12.10.,https://www.sedaily.com/NewsView/2DI2FI4OPU,kookmin_media,지역사회 ESG 파트너십,긍정,0.945292830467224
"국민대, 노리스페이스 등 스타트업 3곳 'CES 2025' 참가 지원",2024.12.09.,http://news.mt.co.kr/mtview.php?no=2024120915391689688,kookmin_media,,긍정,0.9354249238967896
"국민대 서포터즈, 글로벌 혁신 무대 'CES 2025' 참여",2024.12.09.,http://www.sisunnews.co.kr/news/articleView.html?idxno=218923,kookmin_media,,긍정,0.8852220773696899
"글로벌 혁신 무대 CES 2025, 국민대 서포터즈가 이끈다",2024.12.09.,https://view.asiae.co.kr/article/2024120916015571465,kookmin_media,,긍정,0.9085018038749696
"국민대, AI 기반 교육환경 구축 업무협약",2024.12.07.,https://www.naeil.com/news/read/531474?ref=naver,kookmin_media,,긍정,0.90713769197464
"국민대 김혜현, 스테이지파이터 현대무용부문 1위",2024.12.07.,https://www.naeil.com/news/read/531464?ref=naver,kookmin_media,,긍정,0.9843170642852784
"국민대 김혜현 학생, 스테이지파이터 현대무용부문 1위",2024.12.06.,https://www.joongang.co.kr/article/25297960,kookmin_media,,긍정,0.9867056012153624
"김혜현 국민대 학생, 엠넷 '스테이지파이터' 현대무용부문 1위",2024.12.06.,https://www.newsis.com/view/NISX20241206_0002986775,kookmin_media,,긍정,0.967340350151062
"국민대학교 캠퍼스타운 사업단, '2024 성과공유회' 성료",2024.12.05.,http://news.mt.co.kr/mtview.php?no=2024120515542728941,kookmin_media,,긍정,0.9213372468948364
"국민대 교수학습개발센터, AI 기반 교육환경 구축 위한 업무협약 체결",2024.12.05.,http://www.dailysmart.co.kr/news/articleView.html?idxno=101163,kookmin_media,,긍정,0.9519818425178528
"국민대 교수학습개발센터, AI 기반 교육환경 구축 업무협약",2024.12.04.,https://www.viva100.com/article/20241204501276,kookmin_media,,긍정,0.9496116042137146
"국민대, 삼성전자와 ‘차세대통신 및 IoT 마이크로디그리’ 교육과정 신...",2024.12.04.,https://www.joongang.co.kr/article/25297300,kookmin_media,지역사회 ESG 파트너십,긍정,0.9773059487342834
"국민대, ㈜프리윌린과 업무협약",2024.12.04.,https://www.newsfreezone.co.kr/news/articleView.html?idxno=599078,kookmin_media,,긍정,0.9655292630195618
"국민대학교, ㈜프리윌린과 업무협약...'AI 기반 교육환경 구축'",2024.12.04.,http://www.newstnt.com/news/articleView.html?idxno=438545,kookmin_media,,긍정,0.9322579503059388
"프리윌린-국민대, 풀리캠퍼스 기반 'AI 코스웨어 개발' MOU",2024.12.04.,https://www.aitimes.com/news/articleView.html?idxno=165912,kookmin_media,,긍정,0.9619010090827942
"[에듀플러스]프리윌린, 국민대와 기초 학력 강화·AI 코스웨어 개발 MOU...",2024.12.04.,https://www.etnews.com/20241204000438,kookmin_media,,긍정,0.9602085947990416
"프리윌린-국민대학교, 기초 학력 강화·AI 코스웨어 개발 위한 MOU 체결",2024.12.04.,https://www.epnc.co.kr/news/articleView.html?idxno=309556,kookmin_media,,긍정,0.9756619930267334
"국민대 교수학습개발센터, AI기반 교육환경 구축 위한 업무협약",2024.12.04.,https://www.widedaily.com/news/articleView.html?idxno=252984,kookmin_media,,긍정,0.9603312611579896
"국민대 교수학습개발센터, ‘AI 기반 교육환경 구축’ 업무협약",2024.12.04.,https://dhnews.co.kr/news/view/1065588783948029,kookmin_media,,긍정,0.8138393759727478
"프리윌린, 국민대와 기초학력 강화 및 AI 코스웨어 개발 '맞손'",2024.12.04.,http://www.itdaily.kr/news/articleView.html?idxno=229374,kookmin_media,,긍정,0.9432408809661864
"프리윌린, 국민대학교와 기초 학력 강화와 AI 코스웨어 개발을 위한 MOU...",2024.12.04.,http://dhnews.co.kr/news/view/1065579162090051,kookmin_media,,긍정,0.8997061252593994
"국민대, '제 4회 전국대학생 미래항공모빌리티(AAM) 디지털 설계경진대...",2024.12.04.,http://www.kdpress.co.kr/news/articleView.html?idxno=133942,kookmin_media,,긍정,0.9408050179481506
"프리윌린·국민대학교, 기초 학력 강화와 AI 코스웨어 개발 위한 업무협...",2024.12.04.,https://www.nbntv.co.kr/news/articleView.html?idxno=3029292,kookmin_media,,긍정,0.942617118358612
"프리윌린, 국민대학교와 기초 학력 강화와 AI 코스웨어 개발 위한 MOU 체...",2024.12.04.,http://www.it-b.co.kr/news/articleView.html?idxno=79183,kookmin_media,,긍정,0.9533411264419556
"프리윌린, 국민대학교와 기초 학력 강화 및 AI 코스웨어 개발을 위한 MO...",2024.12.04.,http://www.sisunnews.co.kr/news/articleView.html?idxno=218702,kookmin_media,,긍정,0.9304611682891846
"국민대-프리윌린, 기초 학력 강화와 AI 코스웨어 개발을 위한 MOU 체결",2024.12.04.,https://edu.chosun.com/site/data/html_dir/2024/12/04/2024120480070.html,kookmin_media,,긍정,0.9605258107185364
"국민대, ‘제4회 총장배 전국대학생 미래항공모빌리티 디지털 설계경진...",2024.12.04.,https://view.asiae.co.kr/article/2024120410182476379,kookmin_media,,긍정,0.921676754951477
"국민대-삼성전자, '차세대통신 및 IoT 마이크로디그리' 교육과정 신설",2024.12.03.,https://www.onews.tv/news/articleView.html?idxno=227094,kookmin_media,,긍정,0.9685280919075012
국민대 차세대통신사업단 삼성전자와 '차세대통신 및 IoT 마이크로디그...,2024.12.03.,http://www.veritas-a.com/news/articleView.html?idxno=533027,kookmin_media,,긍정,0.9758644700050354
"국민대, 삼성전자와 협업해 '차세대통신 및 IoT 마이크로디그리' 신설",2024.12.03.,https://www.widedaily.com/news/articleView.html?idxno=252843,kookmin_media,,긍정,0.9619804620742798
"국민대, 삼성전자와 '차세대통신 및 IoT 마이크로디그리' 교육과정 신설",2024.12.03.,https://view.asiae.co.kr/article/2024120314253960621,kookmin_media,지역사회 ESG 파트너십,긍정,0.9695780277252196
"국민대, 삼성전자와 협업 ‘차세대통신 및 IoT 마이크로디그리’ 교육과...",2024.12.03.,https://www.dt.co.kr/contents.html?article_no=2024120302109954088002&ref=naver,kookmin_media,,긍정,0.9683723449707032
"국민대 차세대통신사업단, '차세대통신 및 IoT 마이크로디그리' 교육과...",2024.12.03.,https://www.foodneconomy.com/news/articleView.html?idxno=401982,kookmin_media,,긍정,0.957159698009491
"국민대 차세대통신사업단, 삼성전자와 협업... '차세대통신 및 IoT 마이...",2024.12.03.,http://www.newstnt.com/news/articleView.html?idxno=437901,kookmin_media,지역사회 ESG 파트너십,긍정,0.9729616641998292
"국민대, 삼성전자와 협업 '차세대통신 및 IoT 마이크로디그리' 교육과정...",2024.12.03.,https://news.unn.net/news/articleView.html?idxno=571950,kookmin_media,,긍정,0.9688143730163574
"국민대 차세대통신사업단, 삼성전자와 협업해 '차세대통신 및 IoT 마이크...",2024.12.03.,http://www.dailysmart.co.kr/news/articleView.html?idxno=101073,kookmin_media,에너지 사용 절감 및 체계적 관리,긍정,0.976267635822296
"30주년 맞은 국민대 목요특강, 동문 김용훈 영화감독 등 연사",2024.12.03.,http://www.m-i.kr/news/articleView.html?idxno=1185301,kookmin_media,,긍정,0.8771541714668274
국민대 민주동문회 “김건희 박사논문 표절 침묵...부끄러워”,2024.12.02.,http://www.joseilbo.com/news/news_read.php?uid=531418&class=32&grp=,kookmin_media,,긍정,0.8885588049888611
"국민대 민주동문회 ""김건희 논문 심사 부끄러움…윤정권 퇴진해야""",2024.12.02.,https://news.jtbc.co.kr/article/NB12225386?influxDiv=NAVER,kookmin_media,,긍정,0.84147047996521
"국민대 주관 2024 AUTORACE, 자율주행 신기술 개발 인재 양성의 장으로 ...",2024.12.02.,https://news.unn.net/news/articleView.html?idxno=571914,kookmin_media,,긍정,0.9745140075683594
국민대 목요특강 30주년 기념 특집행사 개최,2024.12.02.,http://www.veritas-a.com/news/articleView.html?idxno=532734,kookmin_media,,긍정,0.983242690563202
고려대생·국민대 졸업생 시국선언…“민주주의 파괴 윤 정권 퇴진해야...,2024.12.02.,https://www.khan.co.kr/article/202412021631001,kookmin_media,,긍정,0.877820611000061
"국민대 동문회 시국선언 ""김건희에 박사수여 부끄러워...尹 통치 자격 없...",2024.12.02.,https://www.slist.kr/news/articleView.html?idxno=600582,kookmin_media,,긍정,0.8889327645301819
"국민대 주관 2024 AUTORACE, 자율주행 신기술 개발 인재 양성의 장으로...",2024.12.02.,http://www.veritas-a.com/news/articleView.html?idxno=532712,kookmin_media,,긍정,0.9641558527946472
국민대 주관 ‘2024 AUTORACE’ 성료,2024.12.02.,https://dhnews.co.kr/news/view/1065594716578018,kookmin_media,,긍정,0.941845715045929
"""尹 퇴진"" 국민대 민주동문회 시국선언...""김건희 논문 큰 부끄러움""",2024.12.02.,http://www.4th.kr/news/articleView.html?idxno=2074400,kookmin_media,,긍정,0.7839606404304504
"국민대 민주동문회 '尹 퇴진' 시국선언…""윤 정권 더 이상 통치 자격 없...",2024.12.02.,https://www.ziksir.com/news/articleView.html?idxno=76031,kookmin_media,,긍정,0.9039047956466676
국민대 동문회도 시국선언…“김건희에 박사 학위 부여 부끄러워”,2024.12.02.,https://news.kbs.co.kr/news/pc/view/view.do?ncd=8120336&ref=A,kookmin_media,,긍정,0.779843270778656
국민대 목요특강 30주년…동문 김용훈 영화감독 · 양경원 배우 연사로...,2024.12.02.,https://www.dt.co.kr/contents.html?article_no=2024120202109954088003&ref=naver,kookmin_media,,긍정,0.9827619194984436
국민대 민주동문회 “김건희가 연구윤리 땅에 떨어뜨려… 치열하게 싸우...,2024.12.02.,http://www.segye.com/newsView/20241202508309?OutUrl=naver,kookmin_media,,긍정,0.740900456905365
"[국민대 민주동문회 시국선언] ""김건희와 동문, 우리에겐 책임이 있다""",2024.12.02.,https://www.ohmynews.com/NWS_Web/View/at_pg.aspx?CNTN_CD=A0003084378&CMPT_CD=P0010&utm_source=naver&utm_medium=newsearch&utm_campaign=naver_news,kookmin_media,,긍정,0.9233896136283876
국민대 목요특강 30주년 ... 동문 김용훈 영화감독 · 양경원 배우 연사,2024.12.02.,http://www.newstnt.com/news/articleView.html?idxno=437360,kookmin_media,,긍정,0.979156732559204
"""김건희 전횡에 큰 책임"" ..국민대 동문회 '尹 퇴진' 시국선언",2024.12.02.,http://www.jmbc.co.kr/news/view/48765,kookmin_media,,긍정,0.8046495318412781
"국민대, 동문 김용훈 영화감독과 양경원 배우 초청 특강",2024.12.02.,https://www.newsis.com/view/NISX20241202_0002980048,kookmin_media,,긍정,0.9145568609237672
"국민대 동문회 '시국선언'…""권력 앞서 김건희 논문 표절 정당화한 건 ...",2024.12.02.,https://www.imaeil.com/page/view/2024120211342396226,kookmin_media,,긍정,0.8710365295410156
국민대 목요특강 30주년 맞아 동문 김용훈 영화감독 · 양경원 배우 연...,2024.12.02.,https://edu.donga.com/news/articleView.html?idxno=78895,kookmin_media,,긍정,0.968510091304779
"국민대, 목요특강 30주년 맞아",2024.12.02.,http://www.dailysmart.co.kr/news/articleView.html?idxno=100995,kookmin_media,,긍정,0.9759730100631714
"""김건희 논문 표절 정당화한 건 우리""…국민대 동문회도 '시국선언'",2024.12.02.,http://www.inews24.com/view/1789155,kookmin_media,,긍정,0.7796317338943481
"국민대 목요특강 30주년, 동문 김용훈 영화감독·양경원 배우 연사로 올...",2024.12.02.,https://dhnews.co.kr/news/view/1065576703512819,kookmin_media,,긍정,0.950045883655548
"국민대, 김건희 '동문'에 ""큰 책임과 부끄러움..尹, 통치 자격 없어""",2024.12.02.,https://www.ikbc.co.kr/article/view/kbc202412020020,kookmin_media,,긍정,0.7264397740364075
'윤 대통령 퇴진' 국민대 동문회도 시국선언,2024.12.02.,http://mbn.mk.co.kr/pages/news/newsView.php?category=mbn00009&news_seq_no=5076696,kookmin_media,,긍정,0.7599622011184692
"국민대 동문회 '尹퇴진' 시국선언…""김건희 전횡에 큰 책임 느껴""",2024.12.02.,https://www.newsis.com/view/NISX20241202_0002979577,kookmin_media,,긍정,0.8466185331344604
"눈으로 피에타 조각상 만든 국민대생, 이공계 전공 밝혀져 화제",2024.12.02.,https://www.newsis.com/view/NISX20241202_0002979582,kookmin_media,,긍정,0.8145611882209778
"국민대 민주동문회 ""책임과 부끄러움을 느낀다 "" 절박함으로 ""시국선언...",2024.12.02.,https://www.nbntv.kr/news/articleView.html?idxno=334410,kookmin_media,,긍정,0.9024529457092284
"국민대, 전국 대학생 UAM 올림피아드 2개 부문 최우수상",2024.12.01.,https://biz.heraldcorp.com/article/10006539?ref=naver,kookmin_media,,긍정,0.9647631645202636
"국민대 남기현 교수, 세계 최상위 2% 연구자 선정",2025.01.31.,https://view.asiae.co.kr/article/2025012309095203553,kookmin_media,,긍정,0.9701970815658568
"국민대 HUSS 학생단, 우즈벡 타슈켄트한국교육원 방문 프로그램 성료",2025.01.28.,http://www.econonews.co.kr/news/articleView.html?idxno=373020,kookmin_media,,긍정,0.9755874276161194
"국민대 은평창업지원센터 북한산밸리, 입주기업 매출 32억·투자지원금...",2025.01.28.,http://www.econonews.co.kr/news/articleView.html?idxno=373011,kookmin_media,,긍정,0.9500454664230348
"국민대, 우즈베키스탄 고려인요양원 방문 봉사",2025.01.27.,http://www.econonews.co.kr/news/articleView.html?idxno=372945,kookmin_media,,긍정,0.9700166583061218
"데이원컴퍼니·국민대, 실무형 디지털 인재 양성 나선다",2025.01.26.,http://www.metroseoul.co.kr/article/20250125500063,kookmin_media,,긍정,0.9523965716362
"국민대 HUSS 글로벌공생컨소시엄, 교육부 타슈켄트한국교육원 방문",2025.01.25.,http://www.metroseoul.co.kr/article/20250125500071,kookmin_media,,긍정,0.919542670249939
"유일선 국민대 교수팀, ‘이통 양자보안’ 시대 개막",2025.01.24.,http://www.boannews.com/media/view.asp?idx=135762&kind=3,kookmin_media,,긍정,0.8789392709732056
"국민대 HUSS, 타슈켄트한국교육원 방문 프로그램 성료",2025.01.24.,https://www.newsis.com/view/NISX20250124_0003045674,kookmin_media,,긍정,0.9235074520111084
"데이원컴퍼니, 국민대와 맞손…""실무형 디지털 인재 양성""",2025.01.24.,http://news.mt.co.kr/mtview.php?no=2025012310153629820,kookmin_media,,긍정,0.9500553607940674
"데이원컴퍼니-국민대, 실무형 디지털 인재 키운다",2025.01.23.,https://zdnet.co.kr/view/?no=20250123160238,kookmin_media,,긍정,0.9736347198486328
"데이원컴퍼니, 국민대와 실무형 디지털 인재 양성 추진",2025.01.23.,http://www.enewstoday.co.kr/news/articleView.html?idxno=2229817,kookmin_media,,긍정,0.9645962119102478
"국민대, 우즈베키스탄 고려인요양원 방문 봉사…'아리랑' 합창",2025.01.23.,https://www.newsis.com/view/NISX20250123_0003043819,kookmin_media,,긍정,0.9577126502990724
"국민대 HUSS 글로벌공생컨소시엄, '글로벌 서비스러닝' 실시",2025.01.23.,http://www.m-i.kr/news/articleView.html?idxno=1202291,kookmin_media,,긍정,0.8751031160354614
"데이원컴퍼니, 국민대 맞손…실무형 디지털 인재 양성 나선다",2025.01.23.,http://www.shinailbo.co.kr/news/articleView.html?idxno=1996948,kookmin_media,지역사회 ESG 교육 프로그램,긍정,0.973929524421692
"국민대 HUSS 글로벌공생컨소시엄, 우즈베키스탄 아리랑요양원 `글로벌 ...",2025.01.23.,https://www.dt.co.kr/contents.html?article_no=2025012302109954056001&ref=naver,kookmin_media,,긍정,0.9603488445281982
"데이원컴퍼니, 국민대와 맞손… 실무형 디지털 인재 양성",2025.01.23.,http://www.inews24.com/view/1807390,kookmin_media,,긍정,0.9745678305625916
"데이원컴퍼니, 국민대와 손잡고 실무형 디지털 인재 양성",2025.01.23.,https://www.sedaily.com/NewsView/2GNSZZ7RTU,kookmin_media,,긍정,0.9657049775123596
"국민대 HUSS 글로벌공생컨소시엄, 우즈베키스탄 아리랑요양원 '글로벌 ...",2025.01.23.,http://www.newstnt.com/news/articleView.html?idxno=453661,kookmin_media,,긍정,0.9442127346992492
"국민대 HUSS 글로벌공생컨소시엄, 우즈베키스탄 아리랑요양원 방문",2025.01.23.,https://dhnews.co.kr/news/view/1065577644932774,kookmin_media,,긍정,0.8266175389289856
"데이원컴퍼니, 국민대와 맞손…실무형 디지털 인재 양성",2025.01.23.,https://www.betanews.net/article/view/beta202501230030,kookmin_media,,긍정,0.9902503490447998
"국민대 남기현 교수, 생화학·분자생물학 분야 세계 최상위 연구자 2% 선...",2025.01.23.,https://www.foodneconomy.com/news/articleView.html?idxno=406371,kookmin_media,,긍정,0.9128544330596924
"국민대-데이원컴퍼니, 실무형 디지털 인재 양성 위해 맞손",2025.01.23.,https://edu.chosun.com/site/data/html_dir/2025/01/23/2025012380017.html,kookmin_media,,긍정,0.9789512753486632
"""실무형 디지털 인재 양성""…데이원컴퍼니, 국민대와 '맞손'",2025.01.23.,https://www.news1.kr/industry/sb-founded/5670150,kookmin_media,,긍정,0.9401710033416748
"데이원컴퍼니, 국민대학교와 디지털 인재 양성 업무협약 체결",2025.01.23.,http://www.beyondpost.co.kr/view.php?ud=20250123083511766846a9e4dd7f_30,kookmin_media,,긍정,0.9873082041740416
"국민대 HUSS 글로벌공생컨소시엄, 타슈켄트정보통신대와 협력 프로그램",2025.01.22.,https://www.joongang.co.kr/article/25309361,kookmin_media,,긍정,0.970589518547058
"국민대 남기현 교수, 엘스비어 선정 세계 최상위 연구자 명단 포함",2025.01.22.,https://edu.donga.com/news/articleView.html?idxno=80192,kookmin_media,,긍정,0.9555546641349792
"국민대 주관 HUSS 글로벌공생컨소시엄, 타슈켄트정보통신대와 글로벌 협...",2025.01.22.,https://www.foodneconomy.com/news/articleView.html?idxno=406295,kookmin_media,,긍정,0.9363248348236084
"국민대 남기현 교수, 생화학·분자생물학 분야 ‘세계 최상위 연구자 2...",2025.01.22.,https://dhnews.co.kr/news/view/1065587110827933,kookmin_media,,긍정,0.9602545499801636
"남기현 국민대 교양대학 교수, 생화학·분자생물학 분야 세계 최상위 연...",2025.01.22.,http://www.dailysmart.co.kr/news/articleView.html?idxno=102806,kookmin_media,,긍정,0.9584113955497742
국민대 교양대학 남기현 교수 생화학/분자생물학 분야 세계 최상위 연구...,2025.01.22.,http://www.veritas-a.com/news/articleView.html?idxno=540203,kookmin_media,,긍정,0.9785338044166564
"국민대 주관 HUSS 글로벌공생컨소시엄, 타슈켄트정보통신대와 협력 프로...",2025.01.22.,https://www.dt.co.kr/contents.html?article_no=2025012202109954063001&ref=naver,kookmin_media,,긍정,0.9703481197357178
"국민대 주관 HUSS, 타슈켄트정보통신대 협력 프로그램 성료",2025.01.21.,https://www.newsis.com/view/NISX20250121_0003040878,kookmin_media,,긍정,0.9299299716949464
"국민대 주관 HUSS 글로벌공생컨소시엄, TUIT와 글로벌 협력",2025.01.21.,https://www.newsfreezone.co.kr/news/articleView.html?idxno=605891,kookmin_media,,긍정,0.9630844593048096
"국민대 주관 HUSS 글로벌공생컨소시엄, 타슈켄트정보통신대학교와 글로...",2025.01.21.,http://www.dailysmart.co.kr/news/articleView.html?idxno=102764,kookmin_media,,긍정,0.9701758623123168
"국민대, 2024 국민대학교 캡스톤디자인 경진대회 시상식 성료",2025.01.21.,http://www.kdpress.co.kr/news/articleView.html?idxno=135107,kookmin_media,,긍정,0.952253758907318
"최진식 국민대 교수, 규제혁신 공로 대통령표창 수상",2025.01.21.,https://www.dt.co.kr/contents.html?article_no=2025012102109954056002&ref=naver,kookmin_media,,긍정,0.9718658924102784
"국민대, 2024 국민대학교 캡스톤디자인 경진대회 시상식 개최",2025.01.21.,https://view.asiae.co.kr/article/2025012109052838669,kookmin_media,,긍정,0.9494379162788392
강원창조경제혁신센터·국민대기술지주회사 협약,2025.01.21.,http://www.kado.net/news/articleView.html?idxno=1289574,kookmin_media,지역사회 ESG 파트너십,긍정,0.8930671215057373
"""강원 첨단산업 스타트업 투자 활성화""…국민대기술지주 지원사격",2025.01.20.,http://news.mt.co.kr/mtview.php?no=2025012015321962539,kookmin_media,지역사회 ESG 파트너십,긍정,0.9387447237968444
"강원창조경제혁신센터-국민대기술지주회사, 벤처투자 활성화 업무협약...",2025.01.20.,https://www.kwnews.co.kr/page/view/2025012016000702054,kookmin_media,지역사회 ESG 파트너십,긍정,0.912264049053192
"강원창조경제혁신센터·국민대기술지주, 강원 벤처투자 활성화 '맞손'",2025.01.20.,https://www.yna.co.kr/view/PYH20250120165900062?input=1196m,kookmin_media,,긍정,0.5468647480010986
"강원혁신센터-국민대기술지주, 강원 벤처투자 활성화 업무협약",2025.01.20.,https://www.etnews.com/20250120000386,kookmin_media,지역사회 ESG 파트너십,긍정,0.9605994820594788
강원혁신센터-국민대기술지주 '벤처투자 활성화' 업무협약,2025.01.20.,https://www.news1.kr/local/kangwon/5666687,kookmin_media,지역사회 ESG 파트너십,긍정,0.9457964301109314
"강원혁신센터·국민대기술지주, 강원지역 벤처투자활성화 업무협약",2025.01.20.,https://www.venturesquare.net/954992,kookmin_media,지역사회 ESG 파트너십,긍정,0.9437708258628844
"강원창조경제혁신센터-국민대기술지주, MOU 체결",2025.01.20.,http://www.wowtv.co.kr/NewsCenter/News/Read?articleId=A202501200241&t=NN,kookmin_media,지역사회 ESG 파트너십,긍정,0.96476548910141
"강원혁신센터-국민대기술지주, 벤처투자 활성화 협약",2025.01.20.,https://platum.kr/archives/250840,kookmin_media,지역사회 ESG 파트너십,긍정,0.9654225707054138
"최진식 국민대 교수, '규제혁신 공로' 대통령표창 수상",2025.01.19.,http://www.metroseoul.co.kr/article/20250119500007,kookmin_media,,긍정,0.9838938117027284
"국민대 최진식 교수, 규제혁신 공로 대통령 표창 수상",2025.01.17.,https://www.onews.tv/news/articleView.html?idxno=231650,kookmin_media,,긍정,0.9770959615707396
국민대 최진식 교수 규제혁신 공로 대통령표창 수상,2025.01.17.,http://www.veritas-a.com/news/articleView.html?idxno=539728,kookmin_media,,긍정,0.981075406074524
"국민대 최진식 교수, 규제심판위원 공로 대통령표창",2025.01.17.,https://www.newsis.com/view/NISX20250117_0003036722,kookmin_media,,긍정,0.9555501937866212
"국민대 직원 3명, 교육부 장관 표창",2025.01.16.,http://www.edaily.co.kr/news/newspath.asp?newsid=03903206642038376,kookmin_media,,긍정,0.958181619644165
"국민대 교직원들, 교육부장관상 표창",2025.01.16.,https://www.newsfreezone.co.kr/news/articleView.html?idxno=605055,kookmin_media,,긍정,0.9798696041107178
"국민대, 교무처 및 교직과정부 직원들 교육부 장관 표창",2025.01.15.,https://news.unn.net/news/articleView.html?idxno=573884,kookmin_media,,긍정,0.9724634885787964
"국민대 교무처 및 교직과정부 직원들, 교육부장관상 표창",2025.01.15.,https://www.foodneconomy.com/news/articleView.html?idxno=405637,kookmin_media,,긍정,0.9729052782058716
김건희 여사 석사 논문 '표절' 결론…국민대 박사학위도 무효 '위기',2025.01.15.,https://www.newswhoplus.com/news/articleView.html?idxno=19630,kookmin_media,,부정,0.9275224804878236
"김건희 '논문 표절' 숙대 이어 국민대 ""박사학위 취소 검토""...국민검증...",2025.01.15.,https://www.eroun.net/news/articleView.html?idxno=51903,kookmin_media,,부정,0.986370086669922
"국민대 교무처 및 교직과정부 직원들, 교육부장관 표창",2025.01.15.,https://dhnews.co.kr/news/view/1065590106852184,kookmin_media,,긍정,0.9618500471115112
"숙명여대 이어 국민대도…""김건희 여사 박사 학위 취소 검토""",2025.01.15.,https://daily.hankooki.com/news/articleView.html?idxno=1170151,kookmin_media,,부정,0.6758660674095154
"국민대 교무처·교직과정부 직원들, 교육부장관상 표창",2025.01.15.,http://www.m-i.kr/news/articleView.html?idxno=1199491,kookmin_media,,긍정,0.9723305702209472
숙명여대 이어 국민대도 김건희 박사학위 취소 검토,2025.01.15.,https://news.kbs.co.kr/news/pc/view/view.do?ncd=8152854&ref=A,kookmin_media,,부정,0.7604218125343323
"숙대 교수 ""김건희, 국민대 박사 논문도 취소될 것'",2025.01.15.,https://www.ohmynews.com/NWS_Web/View/at_pg.aspx?CNTN_CD=A0003096500&CMPT_CD=P0010&utm_source=naver&utm_medium=newsearch&utm_campaign=naver_news,kookmin_media,,긍정,0.7075316309928894
"국민대, 양자암호모듈 국가사이버안보센터 KCMVP 검증필 획득",2025.01.14.,https://www.dt.co.kr/contents.html?article_no=2025011402109954039002&ref=naver,kookmin_media,,긍정,0.9405025243759156
"국민대 총동문회, 자랑스런 국민인의 상 4명 선정",2025.01.10.,http://www.m-i.kr/news/articleView.html?idxno=1198117,kookmin_media,,긍정,0.9695196747779846
"경동나비엔, 국민대 금속공예과 만든 '폐보일러 새활용' 작품 전시",2025.01.10.,http://www.greenpostkorea.co.kr/news/articleView.html?idxno=223315,kookmin_media,,긍정,0.9458267092704772
"국민대 총동문회, 2025년 자랑스런 국민인의 상 수상자 선정",2025.01.09.,https://www.dt.co.kr/contents.html?article_no=2025010902109954088001&ref=naver,kookmin_media,,긍정,0.9223038554191588
"국민대 총동문회, '2025년 자랑스런 국민인의 상' 수상자 4인 발표",2025.01.08.,https://www.onews.tv/news/articleView.html?idxno=230476,kookmin_media,,긍정,0.9498111009597778
"국민대 총동문회, 2025 자랑스런 국민인의 상 수상자 선정",2025.01.08.,https://dhnews.co.kr/news/view/1065598665181360,kookmin_media,,긍정,0.9330676794052124
"국민대 총동문회, 2025년 자랑스런 국민인의 상 수상자에 김경희·최준호...",2025.01.08.,http://www.dailysmart.co.kr/news/articleView.html?idxno=102312,kookmin_media,,긍정,0.9519238471984864
"국민대, '2025년 자랑스런 국민인의 상' 수상자 4인 선정",2025.01.08.,https://www.newsis.com/view/NISX20250108_0003025423,kookmin_media,,긍정,0.9333173632621764
"국민대 총동문회, 2025년 자랑스런 국민인의 상 시상식...국민대 이영기...",2025.01.08.,http://www.newstnt.com/news/articleView.html?idxno=449342,kookmin_media,,긍정,0.953770399093628
국민대 총동문회 2025 자랑스런 국민인의 상 시상자 선정,2025.01.08.,http://www.veritas-a.com/news/articleView.html?idxno=538653,kookmin_media,,긍정,0.9698590636253356
서강대·국민대 등록금 인상‥'도미노' 인상 우려,2025.01.07.,https://imnews.imbc.com/replay/2025/nw1400/article/6674475_36776.html,kookmin_media,,긍정,0.772753894329071
"교육부 “令 안서네”…서강대·국민대, ‘동결 요청’에도 학부 등록금...",2025.01.07.,https://www.munhwa.com/news/view.html?no=2025010701039910021003,kookmin_media,,긍정,0.5543361902236938
"""17년 만에 올랐다""…서강대·국민대 등 서울권 대학 등록금 인상 예고",2025.01.07.,https://www.sedaily.com/NewsView/2GNLNSURLK,kookmin_media,,긍정,0.5137851238250732
"국민대 등록금, 17년만에 인상",2025.01.07.,https://www.yna.co.kr/view/PYH20250107133500013?input=1196m,kookmin_media,,긍정,0.6452222466468811
국민대 등록금 4.97% 인상 의결,2025.01.07.,https://www.yna.co.kr/view/PYH20250107132800013?input=1196m,kookmin_media,,긍정,0.598431408405304
등록금 4.97% 인상 의결한 국민대,2025.01.07.,https://www.yna.co.kr/view/PYH20250107133100013?input=1196m,kookmin_media,,긍정,0.603905439376831
서강대 이어 국민대도… 대학 등록금 줄인상 되나,2025.01.07.,https://m.skyedaily.com/news_view.html?ID=259187,kookmin_media,,긍정,0.5988280177116394
[인터뷰 | 조환익 국민대 특임교수(전 한국전력공사 사장)] “‘전기 산...,2025.01.07.,https://www.naeil.com/news/read/534432?ref=naver,kookmin_media,청정 재생에너지,긍정,0.9126988649368286
"동결된 대학 등록금 '도미노' 인상되나‥서강대, 국민대 4%대 인상 확정",2025.01.07.,https://imnews.imbc.com/news/2025/society/article/6674355_36718.html,kookmin_media,,긍정,0.5854032039642334
서강대·국민대 등록금 인상 결정…교육부 ‘동결 기조’ 유지,2025.01.07.,https://edu.chosun.com/site/data/html_dir/2025/01/07/2025010780052.html,kookmin_media,,부정,0.5173236131668091
"등록금 16년동결 불복인상, 서강대, 국민대 이어 줄줄이…",2025.01.07.,http://www.economytalk.kr/news/articleView.html?idxno=401976,kookmin_media,,긍정,0.7522509694099426
서강대 이어 국민대도 등록금 인상 의결 … 서울권 대학 도미노 인상 가...,2025.01.07.,https://biz.newdaily.co.kr/site/data/html/2025/01/07/2025010700053.html,kookmin_media,,긍정,0.6840529441833496
"국민대, 서강대 2025학년 학부 등록금 인상한다···17년·13년만에 인상...",2025.01.07.,https://www.khan.co.kr/article/202501070759001,kookmin_media,,긍정,0.5735490322113037
서강대 이어 국민대도 학부 등록금 올린다…17년 만에 4.97％↑,2025.01.07.,https://news.sbs.co.kr/news/endPage.do?news_id=N1007938139&plink=ORI&cooper=NAVER,kookmin_media,,긍정,0.7204917669296265
최대 16년간 묶였던 대학 등록금… 서강·국민대 등 4%대 인상 확정,2025.01.07.,https://www.seoul.co.kr/news/society/education-news/2025/01/07/20250107014009?wlog_tag3=naver,kookmin_media,,긍정,0.7485513091087341
"17·13년 만 국민대·서강대, 등록금 인상···교육부 ""동결 기조 변함...",2025.01.06.,https://www.hankookilbo.com/News/Read/A2025010621440005183?did=NA,kookmin_media,,긍정,0.7847055792808533
“더는 못 버텨” 서강대 이어 국민대도 17년 만에 등록금 인상,2025.01.06.,https://economist.co.kr/article/view/ecn202501060066,kookmin_media,,긍정,0.6380981206893921
서강대ㆍ국민대 등록금 인상 결정..서울권 대학들도 인상 검토 중,2025.01.06.,https://www.ikbc.co.kr/article/view/kbc202501060088,kookmin_media,,긍정,0.6451234817504883
"서강대 국민대 등록금 올린다니...서울권 주요 대학, ‘도미노 인상’할...",2025.01.06.,https://www.mk.co.kr/article/11211250,kookmin_media,,긍정,0.5611818432807922
대학 등록금 '줄줄이' 인상되나…서강대 이어 국민대도,2025.01.06.,http://mbn.mk.co.kr/pages/news/newsView.php?category=mbn00009&news_seq_no=5085977,kookmin_media,,긍정,0.5758950114250183
“16년 동결에 재정난” 서강대 이어 국민대도 등록금 올린다,2025.01.06.,https://www.chosun.com/national/education/2025/01/06/MVGEF4CUPNCUPFBESEBOMCWT6U/?utm_source=naver&utm_medium=referral&utm_campaign=naver-news,kookmin_media,,긍정,0.7408877611160278
"국민대, 올해 학부 등록금 5% 가까이 올린다…연세‧경희대도 인상 논의...",2025.01.06.,https://biz.chosun.com/topics/topics_social/2025/01/06/SKLZLQSVK5H3TNIT3D7EFLFQS4/?utm_source=naver&utm_medium=original&utm_campaign=biz,kookmin_media,,긍정,0.8147484660148621
서강대 이어 국민대도 학부 등록금 올린다…17년만에 4.97％↑,2025.01.06.,https://www.yna.co.kr/view/AKR20250106143200004?input=1195m,kookmin_media,,긍정,0.7407245635986328
"교육부 ""등록금 동결"" 부탁에도… 서강대·국민대 인상 의결",2025.01.06.,http://www.fnnews.com/news/202501061830182270,kookmin_media,,긍정,0.5305265784263611
서강대 이어 국민대도...대학 ‘등록금 도미노 인상’ 현실화,2025.01.06.,https://www.mk.co.kr/article/11210832,kookmin_media,,부정,0.58412104845047
서강대·국민대 등록금 인상…연세·한양·경희 서울 주요대 검토,2025.01.06.,https://www.news1.kr/society/education/5652275,kookmin_media,,긍정,0.6806317567825317
"[단독] 등록금 17년 동결 흔들…국민대·서강대 인상, 연세대 검토",2025.01.06.,https://www.joongang.co.kr/article/25305324,kookmin_media,,부정,0.5199612379074097
[전문] 헌법학자 이호선 국민대 법대학장 헌법재판관들에 '당부 편지',2025.01.05.,http://kor.theasian.asia/archives/371367,kookmin_media,,긍정,0.9510265588760376
"이호선 국민대 법대 학장, 헌재 변론기일 사전지정...행정법원 무효확인...",2025.01.04.,http://www.biztribune.co.kr/news/articleView.html?idxno=327911,kookmin_media,,부정,0.9378933310508728
"문익준·박창건 국민대 교수, 인문사회 융합인재양성교육 발전공로로 교...",2025.01.03.,http://www.dailysmart.co.kr/news/articleView.html?idxno=102171,kookmin_media,지역사회 ESG 파트너십,긍정,0.9689955711364746
"국민대 문익준·박창건 교수, 교육부장관상 수상…융합인재양성교육 발...",2025.01.03.,https://www.viva100.com/article/20250103500699,kookmin_media,,긍정,0.9822580218315125
"국민대 교수진, 교육부장관상 수상",2025.01.03.,https://www.newsfreezone.co.kr/news/articleView.html?idxno=603371,kookmin_media,,긍정,0.9842766523361206
"국민대 문익준, 박창건 교수 인문사회 융합인재양성교육 발전공로로 교...",2025.01.03.,http://www.newstnt.com/news/articleView.html?idxno=448277,kookmin_media,"지역사회 ESG 파트너십,ESG 교육과정 및 교수학습 방법",긍정,0.9772908091545104
"국민대 문익준·박창건 교수, 인문사회 융합인재양성교육 발전 유공 교...",2025.01.03.,https://www.onews.tv/news/articleView.html?idxno=229885,kookmin_media,,긍정,0.9800239205360411
국민대 문익준/박창건 교수 인문사회 융합인재양성교육 발전공로로 교육...,2025.01.03.,http://www.veritas-a.com/news/articleView.html?idxno=538008,kookmin_media,,긍정,0.9641240239143372
"국민대 LINC 3.0 사업단, 2024 지산학협력 페스티벌 성료",2025.01.03.,https://www.businesskorea.co.kr/news/articleView.html?idxno=232942,kookmin_media,,긍정,0.9551316499710084
"국민대 LINC 3.0 사업단, 2024 지산학협력 페스티벌 개최",2025.01.03.,https://view.asiae.co.kr/article/2025010309122023893,kookmin_media,지역사회 ESG 파트너십,긍정,0.937928020954132
"국민대학교 캠퍼스타운, '2025 초격차 스타트업 창업 교육-CVC 비즈매칭...",2025.02.28.,http://www.kdpress.co.kr/news/articleView.html?idxno=135845,kookmin_media,,긍정,0.8498998880386353
'2024 국민대 HUSS 글로벌공생사업단 성과공유회' 성료,2025.02.28.,https://www.newsis.com/view/NISX20250228_0003082221,kookmin_media,,긍정,0.8834047913551331
"국민대 차세대통신사업단, COSS 지자체참여형 2단계 진입",2025.02.27.,https://www.munhwa.com/news/view.html?no=2025022701039921223001,kookmin_media,,긍정,0.9544861912727356
"국민대, 2025 기업 인사담당자 초청 간담회 개최",2025.02.26.,https://www.naeil.com/news/read/539443?ref=naver,kookmin_media,,긍정,0.9478947520256042
국민대 차세대통신사업단 첨단분야 혁신융합대학(COSS) 사업 지자체참여...,2025.02.26.,http://www.veritas-a.com/news/articleView.html?idxno=543804,kookmin_media,,긍정,0.9555652141571044
"국민대, 2025 인사담당자 간담회 성황",2025.02.26.,https://view.asiae.co.kr/article/2025022514023983292,kookmin_media,,긍정,0.9864336252212524
"국민대 차세대통신사업단, 첨단분야 혁신융합대학 사업 지자체참여형 2...",2025.02.26.,http://www.m-i.kr/news/articleView.html?idxno=1211905,kookmin_media,,긍정,0.912383198738098
"국민대 김정윤 학생, 인문사회융합인재양성사업(HUSS) 캐릭터 디자인 ...",2025.02.26.,http://www.veritas-a.com/news/articleView.html?idxno=543834,kookmin_media,,긍정,0.961563527584076
"국민대 차세대통신사업단, COSS 지자체참여형 2단계 사업 진입…연간 10...",2025.02.26.,https://www.dt.co.kr/contents.html?article_no=2025022602109954060001&ref=naver,kookmin_media,,긍정,0.9757944345474244
"국민대 김정윤 학생, HUSS 캐릭터 디자인 우수상 수상",2025.02.26.,https://dhnews.co.kr/news/view/1065597252056886,kookmin_media,,긍정,0.9632081985473632
"국민대, ‘첨단분야 혁신융합대학(COSS) 사업’ 지자체참여형 2단계 진입",2025.02.26.,https://dhnews.co.kr/news/view/1065581634488727,kookmin_media,,긍정,0.9491585493087769
"국민대 차세대통신사업단, 첨단분야 혁신융합대학(COSS) 사업 지자체참...",2025.02.26.,https://edu.donga.com/news/articleView.html?idxno=81961,kookmin_media,,긍정,0.9516509175300598
"국민대, 정보보안 암호수학 분야 국내 최고 수준 입증…‘양자 캠퍼스 ...",2025.02.26.,https://www.donga.com/news/Society/article/all/20250225/131092821/2,kookmin_media,,긍정,0.9771734476089478
"국민대 문익준·박창건 교수·강예림 학생, 기후변화대응사업 공로 교육...",2025.02.24.,https://www.joongang.co.kr/article/25316180,kookmin_media,,긍정,0.962579607963562
"국민대 문익준, 박창건 교수, 강예림 학생 기후변화대응사업 공로로 교...",2025.02.24.,https://edu.donga.com/news/articleView.html?idxno=81770,kookmin_media,,긍정,0.955186128616333
"[인사] 도레이첨단소재, 국민대, 환경부",2025.02.24.,https://www.businesspost.co.kr/BP?command=article_view&num=384685,kookmin_media,,긍정,0.5456481575965881
"문익준·박창건 국민대 교수, 교육부장관상 수상",2025.02.24.,http://www.edaily.co.kr/news/newspath.asp?newsid=03102886642073800,kookmin_media,,긍정,0.9450476765632628
"국민대 대학일자리플러스센터, 고용부 성과 평가서 최고 등급",2025.02.24.,https://www.joongang.co.kr/article/25316100,kookmin_media,,긍정,0.9887297749519348
"국민대, 기후변화대응사업 공로로 교육부장관상 수상",2025.02.24.,https://edu.donga.com/news/articleView.html?idxno=81729,kookmin_media,,긍정,0.9422574639320374
"문익준·박창건 국민대 교수, 기후변화대응사업 공로 ‘교육부장관상’",2025.02.24.,http://www.metroseoul.co.kr/article/20250224500213,kookmin_media,,긍정,0.9639754891395568
"국민대 교수‧학생, 기후변화대응사업 교육부장관상 수상",2025.02.24.,https://www.newsfreezone.co.kr/news/articleView.html?idxno=610585,kookmin_media,ESG 운영위원회의 다양성,긍정,0.9541807770729064
"국민대 대학일자리플러스센터 인영실 팀장, 고용노동부장관상 수상",2025.02.24.,http://www.veritas-a.com/news/articleView.html?idxno=543354,kookmin_media,,긍정,0.9756120443344116
"국민대 문익준·박창건 교수, 인문사회융합인재양성 공로로 교육부장관...",2025.02.24.,http://www.beyondpost.co.kr/view.php?ud=20250224103122776d2326fc69c_30,kookmin_media,,긍정,0.9317280054092408
"국민대, 기후변화대응사업 공로 '교육부장관상' 수상",2025.02.24.,https://www.newsis.com/view/NISX20250224_0003075839,kookmin_media,,긍정,0.912886679172516
"국민대 대학일자리플러스센터, 고용노동부 최고등급 '우수' 평가",2025.02.23.,http://www.metroseoul.co.kr/article/20250223500009,kookmin_media,,긍정,0.989323079586029
"국민대 대학일자리플러스센터, 성과 평가서 최고등급",2025.02.21.,https://www.naeil.com/news/read/538955?ref=naver,kookmin_media,,긍정,0.9861294627189636
"국민대 대학일자리플러스센터, 2024 고용노동부 성과 평가 최고등급 '우...",2025.02.21.,https://www.foodneconomy.com/news/articleView.html?idxno=409507,kookmin_media,,긍정,0.9873650670051576
"국민대 대학일자리플러스센터, 고용부 성과평가서 '최고 등급'",2025.02.21.,https://www.news1.kr/society/education/5697039,kookmin_media,,긍정,0.9907752871513368
국민대 대학일자리플러스센터 2024 고용노동부 성과 평가 최고등급 '우...,2025.02.20.,http://www.veritas-a.com/news/articleView.html?idxno=543107,kookmin_media,,긍정,0.9908127188682556
"국민대 대학일자리플러스센터, 2024 고용노동부 성과 평가 평가 최고등...",2025.02.20.,http://www.dailysmart.co.kr/news/articleView.html?idxno=103770,kookmin_media,,긍정,0.9874818325042723
"국민대 대학일자리플러스센터, 2024 고용노동부 성과 평가 최고등급 선...",2025.02.20.,https://dhnews.co.kr/news/view/1065600990717908,kookmin_media,,긍정,0.986206829547882
"국민대 대학일자리플러스센터, 고용노동부 성과 평가 최고등급",2025.02.20.,http://www.m-i.kr/news/articleView.html?idxno=1209984,kookmin_media,,긍정,0.9847463369369508
"국민대 '대학일자리플러스센터', 2024 고용노동부 성과 평가 '우수' 선정",2025.02.20.,https://www.onews.tv/news/articleView.html?idxno=235231,kookmin_media,,긍정,0.9771406650543212
[포토] '소련의 점령정책' 발표하는 안드레이 란코프 국민대 교수,2025.02.20.,https://www.newdaily.co.kr/site/data/html/2025/02/20/2025022000223.html,kookmin_media,,긍정,0.6614262461662292
"국민대, 전기 학위수여식서 양궁 김우진 축사",2025.02.20.,https://www.newsfreezone.co.kr/news/articleView.html?idxno=610090,kookmin_media,,긍정,0.9868525862693788
"국민대, 2024학년도 전기 학위수여식 개최…양궁 3관왕 김우진 축사",2025.02.20.,https://www.dt.co.kr/contents.html?article_no=2025022002109954039001&ref=naver,kookmin_media,,긍정,0.986425757408142
"파리올림픽 양궁 3관왕 김우진, 국민대 축사에서 한 말은?",2025.02.19.,https://edu.donga.com/news/articleView.html?idxno=81483,kookmin_media,,긍정,0.978812038898468
국민대 졸업생 앞에 선 김우진 파리올림픽 양궁 3관왕,2025.02.19.,https://news.unn.net/news/articleView.html?idxno=575249,kookmin_media,,긍정,0.9644386172294616
"국민대, 2024년 전기 학위수여식 개최",2025.02.19.,http://www.m-i.kr/news/articleView.html?idxno=1209520,kookmin_media,,긍정,0.9600947499275208
"국민대, 2024학년도 전기 학위수여식...학사 2,341명, 석사 821명과 박사...",2025.02.19.,http://www.newstnt.com/news/articleView.html?idxno=460402,kookmin_media,,긍정,0.9854720234870912
"국민대, 2024학년도 전기 학위수여식 개최",2025.02.19.,https://www.viva100.com/article/20250219501395,kookmin_media,,긍정,0.9795299172401428
"양궁 김우진 “방향 잃었어도, 그냥 한 발 더 내디디세요” 국민대 졸업...",2025.02.19.,https://www.chosun.com/national/people/2025/02/19/5A7IRZRWE5D6TCTLNFN6OUK3XM/?utm_source=naver&utm_medium=referral&utm_campaign=naver-news,kookmin_media,,긍정,0.917993664741516
[현장영상] 국민대 축사자로 나선 양궁 김우진 “결과에 집착 말고 과정...,2025.02.19.,https://news.kbs.co.kr/news/pc/view/view.do?ncd=8180214&ref=A,kookmin_media,,긍정,0.9046863317489624
[포토] '새로운 여정 시작' 국민대 제76회 학위수여식,2025.02.19.,https://www.ilyosisa.co.kr/news/article.html?no=247537,kookmin_media,,긍정,0.8889215588569641
"파리올림픽 3관왕 김우진, 국민대 학위수여식 축사",2025.02.19.,https://www.newsis.com/view/NISI20250219_0020705631,kookmin_media,,긍정,0.7335103750228882
국민대 학위수여식 연단에 선 양궁 스타 김우진,2025.02.19.,https://www.newsis.com/view/NISI20250219_0020705636,kookmin_media,,긍정,0.7911838889122009
국민대 학위수여식 축사하는 김우진,2025.02.19.,https://www.newsis.com/view/NISI20250219_0020705637,kookmin_media,,긍정,0.7731996178627014
국민대 졸업식 찾은 파리올림픽 '3관왕' 김우진,2025.02.19.,https://www.yna.co.kr/view/PYH20250219062700013?input=1196m,kookmin_media,,긍정,0.8166869282722473
국민대 졸업식 축사하는 김우진,2025.02.19.,https://www.news1.kr/photos/7139687,kookmin_media,,긍정,0.692818284034729
국민대 졸업식 참석한 양궁 김우진,2025.02.19.,https://www.news1.kr/photos/7139694,kookmin_media,,긍정,0.7796146273612976
국민대 졸업식 축사하는 양궁 전설 김우진,2025.02.19.,https://www.news1.kr/photos/7139685,kookmin_media,,긍정,0.7012590169906616
국민대 졸업생들 축하하는 김우진 선수,2025.02.19.,https://www.news1.kr/photos/7139697,kookmin_media,,긍정,0.6991931796073914
"김우진 선수, 국민대 졸업식 참석해 축사",2025.02.19.,https://www.news1.kr/photos/7139689,kookmin_media,,긍정,0.722343921661377
"양궁 김우진, 국민대 졸업식 축사",2025.02.19.,https://www.news1.kr/photos/7139682,kookmin_media,,긍정,0.7368376851081848
‘2025년 국민대학교 캠퍼스타운 입주기업 모집 창업경진대회’ 시상식...,2025.02.18.,https://www.sedaily.com/NewsView/2GP0NGUZNG,kookmin_media,,긍정,0.8732861876487732
"파리올림픽 양궁 3관왕 김우진, 19일 국민대 졸업식서 축사",2025.02.16.,https://www.news1.kr/society/education/5691253,kookmin_media,,긍정,0.9445107579231262
커버스토리 국민대학교 정승렬 총장: 기업가정신 대학' 그랜드 비전,2025.02.15.,http://www.newmanagement.co.kr/?p=15076,kookmin_media,"ESG 위원회 조직,부패예방 및 청렴 강화",긍정,0.979638695716858
"‘올림픽 3관왕’ 김우진, 국민대 졸업식 축사 나선다",2025.02.14.,https://biz.heraldcorp.com/article/10420432?ref=naver,kookmin_media,,긍정,0.8997449278831482
"2024 파리올림픽 양궁 3관왕 김우진 선수, 국민대 졸업식에서 축사 예정",2025.02.14.,https://www.foodneconomy.com/news/articleView.html?idxno=408083,kookmin_media,,긍정,0.964540421962738
"파리올림픽 양궁 3관왕 김우진 선수, 국민대 졸업식서 축사한다",2025.02.13.,http://www.dailysmart.co.kr/news/articleView.html?idxno=103509,kookmin_media,,긍정,0.9838044047355652
"파리 올림픽 양궁 3관왕 김우진, 국민대 졸업식 축사 오른다",2025.02.13.,https://www.seoul.co.kr/news/sport/2025/02/13/20250213500212?wlog_tag3=naver,kookmin_media,,긍정,0.8922666907310486
"2024 파리올림픽 양궁 3관왕 김우진 선수, 국민대 졸업식에서 축사한다",2025.02.13.,http://www.veritas-a.com/news/articleView.html?idxno=542183,kookmin_media,,긍정,0.9562575817108154
"파리올림픽 '3관왕' 김우진, 국민대 졸업식 연단 선다",2025.02.13.,http://www.maniareport.com/view.php?ud=202502131506298638dad9f33a29_19,kookmin_media,,긍정,0.9284447431564332
"'파리 3관왕' 양궁 김우진, 국민대 졸업식 축사한다",2025.02.13.,https://www.slist.kr/news/articleView.html?idxno=619186,kookmin_media,,긍정,0.9637040495872498
"파리올림픽 양궁 3관왕 김우진, 19일 국민대 졸업식 축사",2025.02.13.,https://news.sbs.co.kr/news/endPage.do?news_id=N1007983614&plink=ORI&cooper=NAVER,kookmin_media,,긍정,0.95402193069458
"2024 파리올림픽 양궁 3관왕 김우진 선수, 국민대 졸업식 축사 맡아",2025.02.13.,http://www.m-i.kr/news/articleView.html?idxno=1207598,kookmin_media,,긍정,0.9336991310119628
"파리올림픽 양궁 3관왕 김우진, 국민대 졸업식 축사한다",2025.02.13.,https://www.yna.co.kr/view/AKR20250213144700007?input=1195m,kookmin_media,,긍정,0.8919999003410339
"강경숙 ""김건희 석사논문 표절 확정···국민대도 박사학위 취소해야""",2025.02.13.,http://www.m-i.kr/news/articleView.html?idxno=1207584,kookmin_media,,부정,0.8908395767211914
국민대학교 2024학년도 전기 학위수여식... 올림픽 3관왕 김우진 선수 학...,2025.02.13.,http://www.newstnt.com/news/articleView.html?idxno=458686,kookmin_media,,긍정,0.9775656461715698
[영상] ‘멤버 Yuji' 국민대 보고있나?... 숙대 김건희 석사논문 표절 결...,2025.02.13.,http://facttv.kr/facttvnews/detail.php?number=40993&thread=21r02,kookmin_media,,긍정,0.5243573188781738
강경숙 의원 “김건희 석사논문 표절 확정...국민대 박사학위 취소절차...,2025.02.13.,http://www.breaknews.com/1091916,kookmin_media,,부정,0.8056280016899109
"국민대 자동차융합대학 학생들, 미래자동차 캡스톤 경진대회서 교육부...",2025.02.09.,https://www.foodneconomy.com/news/articleView.html?idxno=407522,kookmin_media,,긍정,0.8335371017456055
"국민대 자동차융합대학, COSS사업 WE-Meet 프로젝트 미래차 1위·2위 수상",2025.02.07.,https://www.dt.co.kr/contents.html?article_no=2025020702109954083001&ref=naver,kookmin_media,,긍정,0.9569907784461976
"국민대, 미래자동차 캡스톤 경진대회서 교육부장관상·대한상공회의소...",2025.02.07.,https://www.joongang.co.kr/article/25312375,kookmin_media,,긍정,0.8429691195487976
"국민대, 미래자동차 경진대회 2관왕 영예",2025.02.07.,https://view.asiae.co.kr/article/2025020615014094824,kookmin_media,,긍정,0.9627235531806946
"국민대 자동차융합대학, 미래자동차 캡스톤 경진대회 1·2위 수상",2025.02.06.,https://www.onews.tv/news/articleView.html?idxno=233404,kookmin_media,,긍정,0.9062750935554504
"국민대, '미래자동차 캡스톤 경진대회' 교육부 장관상",2025.02.06.,https://www.newsis.com/view/NISX20250206_0003055747,kookmin_media,,긍정,0.9021207690238952
"국민대, 미래자동차 캡스톤 경진대회서 1, 2위 수상",2025.02.06.,https://www.newsfreezone.co.kr/news/articleView.html?idxno=607613,kookmin_media,,긍정,0.923325538635254
"국민대 자동차융합대학 학생들, 미래자동차 캡스톤 경진대회에서 교육...",2025.02.06.,http://www.newstnt.com/news/articleView.html?idxno=456471,kookmin_media,,긍정,0.8504621386528015
"국민대, 미래자동차 캡스톤 경진대회에서 교육부장관상 수상",2025.02.06.,https://news.unn.net/news/articleView.html?idxno=574675,kookmin_media,,긍정,0.878009557723999
"국민대 자동차융합대학 학생들, COSS사업 WE-Meet 프로젝트 미래자동차 ...",2025.02.06.,http://www.veritas-a.com/news/articleView.html?idxno=541401,kookmin_media,,긍정,0.9372876286506652
"국민대, COSS사업 WE-Meet 프로젝트 미래자동차 분야 1위·2위 수상",2025.02.06.,http://dhnews.co.kr/news/view/1065588704666355,kookmin_media,,긍정,0.955910623073578
국민대 미래자동차 SW 인재양성 글로벌 프로그램 SEA:ME 3기 학생들 'ecl...,2025.02.06.,http://www.veritas-a.com/news/articleView.html?idxno=541368,kookmin_media,,긍정,0.940255641937256
"국민대 미래자동차 SW 인재양성 글로벌 프로그램 SEA:ME 3기 학생들, ecl...",2025.02.06.,http://www.dailysmart.co.kr/news/articleView.html?idxno=103201,kookmin_media,,긍정,0.956645667552948
"국민대, 유엔대와 글로벌 연구·교육 협력을 위한 MOU 체결",2025.02.06.,https://www.foodneconomy.com/news/articleView.html?idxno=407270,kookmin_media,,긍정,0.9615377187728882
"국민대, UN 산하 日 유엔대학과 연구·교육 협력한다",2025.02.06.,http://www.metroseoul.co.kr/article/20250206500009,kookmin_media,,긍정,0.9673588275909424
"국민대-유엔대, 글로벌 연구·교육 협력을 위한 MOU 체결",2025.02.05.,https://www.onews.tv/news/articleView.html?idxno=233239,kookmin_media,,긍정,0.949366569519043
"[교육 & NOW] 국민대-유엔대, 글로벌 리더 육성 MOU 등",2025.02.05.,https://www.ebn.co.kr/news/articleView.html?idxno=1650659,kookmin_media,,긍정,0.925234079360962
"국민대, 유엔대학교와 글로벌 연구·교육 MOU 체결",2025.02.05.,https://www.newsfreezone.co.kr/news/articleView.html?idxno=607448,kookmin_media,,긍정,0.9340762495994568
"국민대, 유엔대학교와 MOU...차세대 글로벌 리더 키운다",2025.02.05.,http://www.newstnt.com/news/articleView.html?idxno=456099,kookmin_media,,긍정,0.9654341340065002
"국민대‧유엔대, 글로벌 연구협력 MOU 체결",2025.02.05.,http://www.m-i.kr/news/articleView.html?idxno=1204820,kookmin_media,지역사회 ESG 파트너십,긍정,0.9711533188819884
국민대 유엔대와 글로벌 연구/교육 협력을 위한 MOU 체결,2025.02.05.,http://www.veritas-a.com/news/articleView.html?idxno=541276,kookmin_media,,긍정,0.9610926508903505
"국민대, 유엔대와 글로벌 연구·교육 협력 MOU",2025.02.05.,https://dhnews.co.kr/news/view/1065596782462923,kookmin_media,,긍정,0.9428339004516602
"국민대, 유엔대학교와 글로벌 연구협력 MOU 체결",2025.02.05.,https://www.newsis.com/view/NISX20250205_0003054247,kookmin_media,,긍정,0.9306841492652892
"국민대, 유엔대학교와 글로벌 연구·교육 협력 위한 MOU 체결",2025.02.05.,http://www.dailysmart.co.kr/news/articleView.html?idxno=103160,kookmin_media,,긍정,0.9643186330795288
국민대학교 용평배 FIS FEC 알파인 국제스키대회 성료,2025.02.04.,https://www.onews.tv/news/articleView.html?idxno=233105,kookmin_media,,긍정,0.9668453931808472
국민대 용평배 알파인 국제스키대회 성황리에 개최,2025.02.04.,https://www.news1.kr/society/education/5679265,kookmin_media,,긍정,0.9835416674613952
국민대 후원 용평배 FIS FEC 알파인 국제스키대회 열려,2025.02.04.,https://www.newsfreezone.co.kr/news/articleView.html?idxno=607204,kookmin_media,,긍정,0.9744837880134584
국민대학교 용평배 FIS FEC 알파인 국제스키대회 성황리에 개최,2025.02.04.,https://www.donga.com/news/Society/article/all/20250204/130965242/1,kookmin_media,,긍정,0.9757111072540284
국민대학교 용평배 FIS FEC 알파인 국제스키대회 성황리 개최,2025.02.04.,http://www.newstnt.com/news/articleView.html?idxno=455685,kookmin_media,,긍정,0.976111650466919
"국민대, 용평배 FIS·FEC 알파인 국제스키대회 개최",2025.02.04.,https://www.newsis.com/view/NISX20250204_0003052672,kookmin_media,,긍정,0.9396398067474364
국민대 용평배 FIS FEC 알파인 국제스키대회 성료,2025.02.04.,https://dhnews.co.kr/news/view/1065595503050764,kookmin_media,,긍정,0.9588454365730286
"국민대, 국민대학교 용평배 FIS FEC 앞라인 국제스키대회 성황리 개최",2025.02.04.,http://www.dailysmart.co.kr/news/articleView.html?idxno=103099,kookmin_media,,긍정,0.969694972038269
"국민대, 한국화학연구원과 학연 협력 위한 MOU 체결",2025.02.04.,https://www.sedaily.com/NewsView/2GOU84WJAB,kookmin_media,,긍정,0.947544515132904
"국민대, 한국화학연구원과 학연 협력 위한 MOU 맺어",2025.02.04.,http://www.kdpress.co.kr/news/articleView.html?idxno=135260,kookmin_media,,긍정,0.9510429501533508
"양자컴퓨팅 위협 사전 방지…국민대-LG CNS, 양자내성암호 개발",2025.02.03.,https://zdnet.co.kr/view/?no=20250203174733,kookmin_media,,긍정,0.9512170553207396
"국민대, 5G-AKA-HPQC 개발…6G 보안 선도한다",2025.02.03.,https://view.asiae.co.kr/article/2025020313180055685,kookmin_media,,긍정,0.963190734386444
"유일선 국민대 교수팀, 이동통신 양자보안 기술 제시",2025.02.03.,http://www.m-i.kr/news/articleView.html?idxno=1203878,kookmin_media,,긍정,0.9513665437698364
"국민대 유일선 교수팀, 이동통신 양자보안 내재 시대를 열다",2025.02.03.,https://edu.donga.com/news/articleView.html?idxno=80471,kookmin_media,,긍정,0.958319902420044
"국민대 유일선 교수팀, 이동통신 양자보안 내재의 시대... 6G로의 전 환기...",2025.02.03.,http://www.newstnt.com/news/articleView.html?idxno=455244,kookmin_media,,긍정,0.9202329516410828
"국민대, 6G·양자컴퓨팅 대비 보안체계 마련…LG CNS와 협업",2025.02.03.,https://www.widedaily.com/news/articleView.html?idxno=258045,kookmin_media,,긍정,0.9571520686149596
"국민대 유일선 교수팀, 6G·양자컴퓨팅 대비 보안체계 마련",2025.02.03.,https://www.foodneconomy.com/news/articleView.html?idxno=406923,kookmin_media,,긍정,0.9483090043067932
"국민대 교수팀, 이동통신 양자 보안 기술 제시",2025.02.03.,https://www.newsfreezone.co.kr/news/articleView.html?idxno=606858,kookmin_media,,긍정,0.952525556087494
"국민대 유일선 교수팀, 이동통신 양자보안 내재의 시대를 열다",2025.02.03.,http://www.veritas-a.com/news/articleView.html?idxno=540866,kookmin_media,,긍정,0.9553870558738708
"유일선 국민대 교수팀, 이동통신 6G 인증 방향성 제시…“양자보안 내재...",2025.02.03.,http://www.metroseoul.co.kr/article/20250203500089,kookmin_media,,긍정,0.9663712382316588
"국민대 유일선 교수팀, 이동통신 보안 기술 선도 발판 마련",2025.02.03.,https://dhnews.co.kr/news/view/1065575726940069,kookmin_media,,긍정,0.9173064827919006
"유일선 국민대 정보보호암호수학과 교수 연구팀, 5G-AKA-HPQC 설계·구현...",2025.02.03.,http://www.dailysmart.co.kr/news/articleView.html?idxno=103014,kookmin_media,,긍정,0.9531628489494324
"국민대, 박문성 축구 해설위원 특강 열어",2025.03.30.,https://edu.donga.com/news/articleView.html?idxno=84163,kookmin_media,,긍정,0.9615282416343688
"AI디자인학과 학생들이 그리는 미래의 세계…국민대, AI DESIGN WEEK 전시회",2025.03.30.,https://www.dt.co.kr/contents.html?article_no=2025033002109954060001&ref=naver,kookmin_media,,긍정,0.99080228805542
"'손흥민처럼 잘하는 걸 하세요'…국민대, 박문성 축구 해설위원 특강",2025.03.28.,https://www.news1.kr/society/education/5735335,kookmin_media,,긍정,0.9646984934806824
"국민대, 박문성 축구 해설위원 초청 특강 개최",2025.03.28.,https://www.kfenews.co.kr/news/articleView.html?idxno=632805,kookmin_media,,긍정,0.9654157161712646
"국민대, 박문성 축구 해설위원 초청 특강 실시",2025.03.28.,http://www.dailysmart.co.kr/news/articleView.html?idxno=105229,kookmin_media,,긍정,0.9662476181983948
"국민대, 제639회 목요특강 진행 ..박문성 축구 해설위원",2025.03.28.,http://www.newstnt.com/news/articleView.html?idxno=473143,kookmin_media,,긍정,0.9772568941116332
"국민대, 국내 최초 AI디자인학과 전시회 'AI DESIGN WEEK' 개최",2025.03.28.,https://edu.donga.com/news/articleView.html?idxno=84089,kookmin_media,,긍정,0.9832757711410522
"""홀로서기란 최선을 다하는 것""…박문성 해설위원 국민대 특강",2025.03.28.,https://www.newsis.com/view/NISX20250328_0003117153,kookmin_media,,긍정,0.9324340224266052
"국민대, 박문성 축구 해설위원 목요특강 진행",2025.03.28.,https://www.newsfreezone.co.kr/news/articleView.html?idxno=617257,kookmin_media,,긍정,0.8769577741622925
"국민대, AI DESIGN WEEK 전시회 열어",2025.03.27.,http://www.newstnt.com/news/articleView.html?idxno=472972,kookmin_media,,긍정,0.9878833889961244
"국민대, AI DESIGN WEEK 전시회 개최",2025.03.27.,https://www.kfenews.co.kr/news/articleView.html?idxno=632764,kookmin_media,,긍정,0.977921426296234
"국민대, AI디자인학과 작품 전시회 'AI DESIGN WEEK' 진행",2025.03.27.,https://www.onews.tv/news/articleView.html?idxno=239264,kookmin_media,,긍정,0.9783321022987366
국민대 AI DESIGN WEEK 전시회 개최,2025.03.27.,http://www.veritas-a.com/news/articleView.html?idxno=547491,kookmin_media,,긍정,0.983268976211548
"국민대, 'AI 디자인 전시회' 개최…전학년 학과생 참여",2025.03.27.,https://www.newsis.com/view/NISX20250327_0003116336,kookmin_media,,긍정,0.9594197869300842
국민대 AI디자인 학과 'AI 디자인 위크' 개최,2025.03.27.,https://news.unn.net/news/articleView.html?idxno=576875,kookmin_media,,긍정,0.8973137736320496
"국민대 김하린 교수 연구팀, 혁신적인 이중 나노 항암 표적 시스템 개발",2025.03.27.,https://www.joongangenews.com/news/articleView.html?idxno=414753,kookmin_media,,긍정,0.9905915856361388
"국민대 김하린 교수 연구팀, ‘이중 나노 항암 표적 시스템’ 개발",2025.03.26.,https://www.viva100.com/article/20250326501707,kookmin_media,,긍정,0.9751849174499512
"김하린 국민대 교수팀, 이중 나노 항암 표적 시스템 개발",2025.03.26.,http://www.m-i.kr/news/articleView.html?idxno=1221531,kookmin_media,,긍정,0.9885444045066832
"김하린 국민대 바이오의약전공 교수 연구팀, 혁신적인 이중 나노 항암 ...",2025.03.26.,http://www.dailysmart.co.kr/news/articleView.html?idxno=105105,kookmin_media,,긍정,0.9894800186157228
"국민대 김하린 교수 연구팀, 혁신적인 ‘이중 나노 항암 표적 시스템’...",2025.03.26.,https://dhnews.co.kr/news/view/1065593124304424,kookmin_media,,긍정,0.9931795597076416
"국민대, 첨단분야 혁신융합대학사업 지자체 컨소시엄 사업단장 간담회...",2025.03.26.,http://www.m-i.kr/news/articleView.html?idxno=1221224,kookmin_media,,긍정,0.9056641459465028
"국민대, 첨단분야 혁신융합대학사업 지자체컨소시엄 사업단장 간담회 열...",2025.03.26.,http://www.newstnt.com/news/articleView.html?idxno=472079,kookmin_media,,긍정,0.8625481128692627
"국민대, '첨단분야 혁신융합대학사업' 사업단장 간담회 개최",2025.03.26.,https://www.newsis.com/view/NISX20250326_0003113517,kookmin_media,지역사회 ESG 파트너십,긍정,0.8706845641136169
"국민대, 첨단분야 혁신융합대학사업 지자체컨소시엄 사업단장 간담회 실...",2025.03.26.,http://www.dailysmart.co.kr/news/articleView.html?idxno=105049,kookmin_media,,긍정,0.9245309829711914
"국민대학교, 직원 사기 진작 행사로 격려 메시지 전달",2025.03.25.,http://www.newstnt.com/news/articleView.html?idxno=471869,kookmin_media,,긍정,0.9602097868919371
"국민대, ""새학기는 달달하게"" 직원 사기 진작 행사로 격려 메시지 전달",2025.03.25.,https://news.unn.net/news/articleView.html?idxno=576751,kookmin_media,,긍정,0.97762268781662
"국민대, 직원 사기 진작 행사 격려 메시지 전달",2025.03.25.,https://www.dt.co.kr/contents.html?article_no=2025032502109954083001&ref=naver,kookmin_media,,긍정,0.977256178855896
"국민대, '새학기는 달달하게' 행사",2025.03.25.,https://www.newsfreezone.co.kr/news/articleView.html?idxno=616360,kookmin_media,,긍정,0.985808253288269
"국민대, 직원 사기 진작 ‘새학기는 달달하게’ 행사",2025.03.25.,https://dhnews.co.kr/news/view/1065572186873794,kookmin_media,,긍정,0.9401416182518004
"국민대, 직원 사기 진작 위해 '새학기는 달달하게' 행사 실시",2025.03.24.,http://www.dailysmart.co.kr/news/articleView.html?idxno=104975,kookmin_media,,긍정,0.9805091619491576
국민대 직원 사기 진작 행사 '새학기는 달달하게' 진행,2025.03.24.,http://www.veritas-a.com/news/articleView.html?idxno=546951,kookmin_media,,긍정,0.9801995754241944
"국민대, 임상섭 산림청장 특강 개최",2025.03.23.,https://www.ekn.kr/web/view.php?key=20250323024389281,kookmin_media,,긍정,0.9607909321784972
"국민대, 임상섭 산림청장 특강 열어",2025.03.23.,http://www.m-i.kr/news/articleView.html?idxno=1219959,kookmin_media,ESG 비교과 프로그램 개발 및 운영,긍정,0.9455859661102296
"국민대, 임상섭 산림청장 초청 ‘기후위기 해결의 열쇠’ 주제 특강",2025.03.23.,http://www.metroseoul.co.kr/article/20250323500079,kookmin_media,ESG 비교과 프로그램 개발 및 운영,긍정,0.9566474556922911
"국민대 HUSS 기후변화대응사업단, 기후환경비서관·환경부 업무 협의",2025.03.21.,https://www.naeil.com/news/read/542045?ref=naver,kookmin_media,지역사회 ESG 파트너십,긍정,0.797896146774292
국민대 임상섭 산림청장 특강 개최,2025.03.21.,http://www.veritas-a.com/news/articleView.html?idxno=546709,kookmin_media,,긍정,0.9523413181304932
"국민대, 제638회 목요특강 연사로 '임상섭 산림청장' 초청",2025.03.21.,https://www.onews.tv/news/articleView.html?idxno=238576,kookmin_media,,긍정,0.914780616760254
"임상섭 산림청장, 국민대 특강…""숲이 기후위기 해결의 열쇠""",2025.03.21.,https://www.newsis.com/view/NISX20250321_0003108011,kookmin_media,,긍정,0.926331102848053
"임상섭 산림청장, 국민대서 ‘기후위기 해결의 열쇠’ 특강",2025.03.21.,https://dhnews.co.kr/news/view/1065589873712443,kookmin_media,,긍정,0.93204003572464
"국민대, 임상섭 산림청장 특강 실시",2025.03.21.,http://www.dailysmart.co.kr/news/articleView.html?idxno=104890,kookmin_media,,긍정,0.973410665988922
"[포토뉴스]임상섭 산림청장, 국민대 특강...숲과 목재의 재발견 주제",2025.03.21.,https://news.bbsi.co.kr/news/articleView.html?idxno=4022721,kookmin_media,"ESG 비교과 프로그램 개발 및 운영,ESG 교육과정 및 교수학습 방법",긍정,0.9485284090042114
"산림청 임상섭 청장, 국민대학교 특강",2025.03.20.,http://www.imwood.co.kr/news/articleView.html?idxno=36023,kookmin_media,ESG 비교과 프로그램 개발 및 운영,긍정,0.8819055557250977
"[포토] 임상섭 산림청장, 국민대 특강",2025.03.20.,http://www.paxetv.com/news/articleView.html?idxno=226740,kookmin_media,ESG 비교과 프로그램 개발 및 운영,긍정,0.8719421029090881
"[포토] 임상섭 산림청장, 국민대학교 특강",2025.03.20.,https://www.businesskorea.co.kr/news/articleView.html?idxno=237930,kookmin_media,"ESG 비교과 프로그램 개발 및 운영,ESG 교육과정 및 교수학습 방법,ESG 관련 캠페인",긍정,0.906460464000702
"임상섭 산림청장, '기후위기 해결의 열쇠' 국민대학교 특강",2025.03.20.,https://www.woodkorea.co.kr/news/articleView.html?idxno=84191,kookmin_media,ESG 비교과 프로그램 개발 및 운영,긍정,0.845801591873169
국민대서 특강하는 임상섭 산림청장,2025.03.20.,https://www.newsis.com/view/NISI20250320_0001796751,kookmin_media,ESG 비교과 프로그램 개발 및 운영,긍정,0.7963541746139526
"국민대 HUSS 기후변화대응사업단, 기후환경비서관·환경부와 업무 협의",2025.03.20.,https://www.viva100.com/article/20250320501382,kookmin_media,,긍정,0.8813135623931885
"임상섭 산림청장, 국민대서 특강…숲과 목재의 중요성 강조",2025.03.20.,https://www.sedaily.com/NewsView/2GQBJ09W2G,kookmin_media,"ESG 비교과 프로그램 개발 및 운영,ESG 교육과정 및 교수학습 방법,지역사회 ESG 파트너십",긍정,0.9710118174552916
"임상섭 산림청장, 국민대서 '숲과 목재 재발견' 특강",2025.03.20.,https://www.news1.kr/local/daejeon-chungnam/5725896,kookmin_media,"ESG 비교과 프로그램 개발 및 운영,지역사회 ESG 파트너십",긍정,0.963265597820282
"국민대학교, 기후변화대응 및 환경 업무 개선 협의 진행",2025.03.20.,http://www.beyondpost.co.kr/view.php?ud=202503200846266003d2326fc69c_30,kookmin_media,지역사회 ESG 파트너십,긍정,0.9450588822364808
"국민대 HUSS 기후변화대응사업단, 기후환경비서관·환경부 MOU",2025.03.19.,http://www.m-i.kr/news/articleView.html?idxno=1218947,kookmin_media,"지역사회 ESG 파트너십,ESG 관련 캠페인",긍정,0.873448371887207
"국민대 HUSS 기후변화대응사업단, 기후환경비서관·환경부과 업무 협의",2025.03.19.,http://www.dailysmart.co.kr/news/articleView.html?idxno=104805,kookmin_media,,긍정,0.898906409740448
"국민대 HUSS 기후변화대응사업단, 기후환경비서관/환경부 업무 협의",2025.03.19.,http://www.veritas-a.com/news/articleView.html?idxno=546416,kookmin_media,"지역사회 ESG 파트너십,ESG 비교과 프로그램 개발 및 운영",긍정,0.9094173908233644
"국민대학교 캠퍼스타운, 서울시 '2024 창업육성 우수 프로그램' 선정",2025.03.17.,https://www.gokorea.kr/news/articleView.html?idxno=822453,kookmin_media,,긍정,0.9867270588874816
"자동차 분해·조립 실습, 가상현실로…국민대 VR 콘텐츠 제작",2025.03.16.,https://www.news1.kr/society/education/5720516,kookmin_media,,긍정,0.9681267142295836
"국민대, 대림대와 자동차기능실습 VR콘텐츠 제작",2025.03.15.,https://www.naeil.com/news/read/541209?ref=naver,kookmin_media,,긍정,0.9487709999084472
"㈜상생어벤져스컴퍼니, 국민대 캠퍼스타운과 업무협약 체결",2025.03.15.,https://edu.donga.com/news/articleView.html?idxno=83057,kookmin_media,"지역사회 ESG 파트너십,폐기물 배출",긍정,0.9246661067008972
"국민대학교 캠퍼스타운 사업단, 서울시 `2024 성과평가 결과 A+ 우수 대...",2025.03.14.,http://www.edaily.co.kr/news/newspath.asp?newsid=03280006642103320,kookmin_media,,긍정,0.9708503484725952
"국민대 미래자동차사업단, 대림대와 자동차기능실습 VR콘텐츠 제작",2025.03.14.,https://www.joongangenews.com/news/articleView.html?idxno=412869,kookmin_media,,긍정,0.9618831276893616
"국민대-대림대, VR 기반 자동차 기능 실습 교육 도입",2025.03.14.,http://www.beyondpost.co.kr/view.php?ud=202503140944104629d2326fc69c_30,kookmin_media,,긍정,0.9782623052597046
"국민대-대림대, ‘자동차기능실습 교육용 VR 콘텐츠’ 제작",2025.03.14.,https://dhnews.co.kr/news/view/1065571650452743,kookmin_media,,긍정,0.9028133153915404
"성북구 정릉3동, 국민대와 마을 공동체 활성화 위한 명예단체장 위촉",2025.03.14.,https://weekly.cnbnews.com/news/article.html?no=171574,kookmin_media,,긍정,0.9690225124359132
"국민대 - 대림대, 자동차기능실습 교육용 VR 콘텐츠 제작",2025.03.13.,https://news.unn.net/news/articleView.html?idxno=576292,kookmin_media,,긍정,0.9590504169464112
"""자동차 조립을 VR로""…국민대 '자동차기능실습 VR 콘텐츠' 개발",2025.03.13.,https://www.widedaily.com/news/articleView.html?idxno=262304,kookmin_media,,긍정,0.9665672183036804
"국민대 미래자동차사업단·대림대, 자동차기능실습 VR 콘텐츠 제작",2025.03.13.,http://www.m-i.kr/news/articleView.html?idxno=1216896,kookmin_media,,긍정,0.9281476736068726
국민대 미래자동차사업단 대림대와 자동차기능실습 VR콘텐츠 제작,2025.03.13.,http://www.veritas-a.com/news/articleView.html?idxno=545793,kookmin_media,,긍정,0.960154116153717
"국민대학교 캠퍼스타운 사업단, '2025 국민대학교 캠퍼스타운 네트워킹...",2025.03.13.,http://www.munhaknews.com/news/articleView.html?idxno=78853,kookmin_media,,긍정,0.9502017498016356
국민대에서 탄핵 찬반 집회 잇따라 열려,2025.03.13.,https://www.ytn.co.kr/_ln/0103_202503130303109308,kookmin_media,,긍정,0.6696450710296631
"국민대, 차세대 친환경 전기화학 촉매 개발",2025.03.12.,https://www.naeil.com/news/read/540899?ref=naver,kookmin_media,,긍정,0.99092698097229
"국민대 학생들 탄핵 기각 촉구 … ""거짓 탄핵 결과인 文 정권 5년 기억하...",2025.03.12.,https://www.newdaily.co.kr/site/data/html/2025/03/12/2025031200355.html,kookmin_media,,부정,0.5376653671264648
"국민대·장신대서도 ""윤 대통령 탄핵 반대… 비상계엄은 헌법상 고유 권...",2025.03.12.,https://www.thepublic.kr/news/articleView.html?idxno=253693,kookmin_media,,긍정,0.5803836584091187
스피커 소음으로 대학가 '고통'...국민대서도 탄핵 찬반집회,2025.03.12.,https://www.ytn.co.kr/_ln/0103_202503121719152036,kookmin_media,,부정,0.634580671787262
"""수업하는데 스피커 소음""…국민대서도 탄핵 찬반집회",2025.03.12.,https://news.sbs.co.kr/news/endPage.do?news_id=N1008017641&plink=ORI&cooper=NAVER,kookmin_media,,긍정,0.51177579164505
오늘은 국민대…탄핵 찬반 집회 신경전 고조,2025.03.12.,https://www.nocutnews.co.kr/news/6306774?utm_source=naver&utm_medium=article&utm_campaign=20250312024051,kookmin_media,,긍정,0.5308617353439331
[현장] '김건희 박사 학위' 국민대서도 尹탄핵 찬반 집회,2025.03.12.,https://www.newspim.com/news/view/20250312000638,kookmin_media,,부정,0.8039026856422424
"국민대, 윤석열 대통령 탄핵 반대 시국선언",2025.03.12.,https://www.newspim.com/news/view/20250312000660,kookmin_media,,긍정,0.6101248264312744
'국민대 학생입니다!',2025.03.12.,https://www.newspim.com/news/view/20250312000659,kookmin_media,,긍정,0.7130065560340881
"국민대 학생들, 탄핵 반대 시국선언",2025.03.12.,https://www.newspim.com/news/view/20250312000665,kookmin_media,,긍정,0.5947015285491943
탄핵 반대 시국선언하는 국민대 학생들,2025.03.12.,https://www.newspim.com/news/view/20250312000663,kookmin_media,,긍정,0.6011213660240173
국민대 尹 탄핵 반대 시국선언,2025.03.12.,https://www.newspim.com/news/view/20250312000652,kookmin_media,,긍정,0.6183010339736938
국민대 윤 대통령 탄핵 반대 시국선언,2025.03.12.,https://www.newspim.com/news/view/20250312000650,kookmin_media,,긍정,0.612609326839447
尹 탄핵 두고 찬반으로 나뉜 국민대,2025.03.12.,https://www.newspim.com/news/view/20250312000631,kookmin_media,,긍정,0.6070950031280518
尹 탄핵 찬반 집회 열린 국민대,2025.03.12.,https://www.newspim.com/news/view/20250312000613,kookmin_media,,부정,0.5326964855194092
국민대 탄핵 찬반 목소리,2025.03.12.,https://www.newspim.com/news/view/20250312000614,kookmin_media,,부정,0.5206191539764404
파면 촉구하는 국민대 학생 및 동문들,2025.03.12.,https://www.newspim.com/news/view/20250312000610,kookmin_media,,긍정,0.7048413753509521
尹 파면 촉구하는 국민대 학생과 동문들,2025.03.12.,https://www.newspim.com/news/view/20250312000611,kookmin_media,,긍정,0.7289106249809265
국민대학교 긴급행동 기자회견,2025.03.12.,https://www.newspim.com/news/view/20250312000603,kookmin_media,,긍정,0.736717164516449
"국민대, 尹 파면 촉구 기자회견",2025.03.12.,https://www.newspim.com/news/view/20250312000604,kookmin_media,,긍정,0.6867360472679138
尹 파면 외치는 국민대 학생들과 동문들,2025.03.12.,https://www.newspim.com/news/view/20250312000602,kookmin_media,,긍정,0.6919329166412354
[포토] 학생증 들어보이는 국민대 학생,2025.03.12.,https://www.newdaily.co.kr/site/data/html/2025/03/12/2025031200159.html,kookmin_media,,긍정,0.6456002593040466
"이찬우 국민대 교수팀, 차세대 친환경 전기화학 촉매 개발",2025.03.11.,http://www.m-i.kr/news/articleView.html?idxno=1215833,kookmin_media,,긍정,0.9938139915466307
"(헬스&사이언스)서울대·국민대·KIST 연구팀, 차세대 전기화학 촉매 개...",2025.03.11.,http://www.newstomato.com/ReadNews.aspx?no=1255600&inflow=N,kookmin_media,,긍정,0.9314079284667968
"국민대, 친환경 수소 생산 선도할 촉매 개발",2025.03.11.,http://www.edaily.co.kr/news/newspath.asp?newsid=02197606642102336,kookmin_media,,긍정,0.9845322966575624
"국민대 이찬우 교수, 서울대·KIST와 차세대 친환경 전기화학 촉매 개발",2025.03.10.,https://www.viva100.com/article/20250310501425,kookmin_media,,긍정,0.9927099943161012
"국민대 이찬우 교수, 서울대 · 한국과학기술연구원과 친환경 수소 생산...",2025.03.10.,https://edu.donga.com/news/articleView.html?idxno=82722,kookmin_media,유해 폐기물관리,긍정,0.9911484718322754
"이찬우 국민대 교수, 친환경 수소 생산 선도 차세대 친환경 전기화학 촉...",2025.03.10.,https://www.dt.co.kr/contents.html?article_no=2025031002109954083001&ref=naver,kookmin_media,,긍정,0.991643488407135
국민대 이찬우 교수 서울대/한국과학기술연구원과 친환경 수소 생산 선...,2025.03.10.,http://www.veritas-a.com/news/articleView.html?idxno=545174,kookmin_media,,긍정,0.9906105399131776
"국민대 이찬우 교수, 서울대·과기연과 차세대 친환경 전기화학 촉매 개...",2025.03.10.,https://www.onews.tv/news/articleView.html?idxno=237026,kookmin_media,,긍정,0.9899176955223083
"국민대 ""김영훈 교수, SCI학술지에 페로브스카이트 나노발광체 대량 합...",2025.03.10.,https://edu.donga.com/news/articleView.html?idxno=82673,kookmin_media,,긍정,0.950142741203308
"국민대 이찬우 교수 공동연구팀, 친환경 수소 생산 선도할 차세대 친환...",2025.03.10.,https://www.joongangenews.com/news/articleView.html?idxno=412287,kookmin_media,,긍정,0.9899187088012696
"국민대 교수, 차세대 친환경 전기화학 촉매 개발",2025.03.10.,https://www.newsfreezone.co.kr/news/articleView.html?idxno=613251,kookmin_media,,긍정,0.979613184928894
"이찬우 국민대 응용화학부 교수 연구팀, 서울대·한국과학기술연구원과...",2025.03.10.,http://www.dailysmart.co.kr/news/articleView.html?idxno=104356,kookmin_media,,긍정,0.9929416179656982
"국민대, 2025학년도 입학식 개최",2025.03.09.,http://www.m-i.kr/news/articleView.html?idxno=1214998,kookmin_media,,긍정,0.9575411081314088
"김영훈 국민대 교수, 고균일 페로브스카이트 나노발광체 대량 합성 기술...",2025.03.09.,http://www.m-i.kr/news/articleView.html?idxno=1214990,kookmin_media,,긍정,0.987608015537262
"김영훈 국민대 교수, ‘고균일 페로브스카이트 나노발광체 대량 합성’...",2025.03.09.,http://www.metroseoul.co.kr/article/20250309500076,kookmin_media,유해 폐기물관리,긍정,0.8919480443000793
"국민대, 국립국악원과 국악 보급·확산 위한 업무협약",2025.03.09.,https://www.naeil.com/news/read/540389?ref=naver,kookmin_media,,긍정,0.9720107316970824
"국민대 김영훈 교수 논문, SCI학술지 게재",2025.03.09.,https://www.naeil.com/news/read/540386?ref=naver,kookmin_media,,긍정,0.9642809629440308
"[에듀플러스] 김영훈 국민대 교수, 고균일 페로브스카이트 나노발광체 ...",2025.03.07.,https://www.etnews.com/20250307000285,kookmin_media,,긍정,0.914013147354126
"국민대 보안연구소, 양자 기술 기반의 국가 공간정보 보안발전 세미나 ...",2025.03.07.,https://www.etnews.com/20250307000236,kookmin_media,,긍정,0.879591166973114
"국민대 김영훈 교수 연구팀, 고균일 페로브스카이트 나노발광체 대량 합...",2025.03.07.,https://www.onews.tv/news/articleView.html?idxno=236791,kookmin_media,,긍정,0.8822749257087708
"김영훈 국민대 응용화학부 교수 연구팀, 고균일 페로브스카이트 나노발...",2025.03.07.,http://www.dailysmart.co.kr/news/articleView.html?idxno=104331,kookmin_media,,긍정,0.9576285481452942
"국민대, 2025학년도 입학식 개최 ""도전하는 국민인으로 성장해 나가길 ...",2025.03.06.,https://www.onews.tv/news/articleView.html?idxno=236681,kookmin_media,,긍정,0.9420673847198486
"국민대, 2025학년도 입학식 열려",2025.03.06.,http://www.newstnt.com/news/articleView.html?idxno=465262,kookmin_media,,긍정,0.9620546102523804
"""도전하는 국민인 되길""…국민대 2025학년도 입학식",2025.03.06.,https://www.newsis.com/view/NISX20250306_0003089064,kookmin_media,,긍정,0.90960693359375
국민대 '2025 입학식' 개최,2025.03.06.,http://www.veritas-a.com/news/articleView.html?idxno=544881,kookmin_media,,긍정,0.9619957804679872
"국민대, 2025학년도 입학식 실시",2025.03.06.,http://www.dailysmart.co.kr/news/articleView.html?idxno=104273,kookmin_media,,긍정,0.9783998131752014
[인터뷰] 미래자동차를 꿈꾸는 청년들 국민대학교서 만나다,2025.03.06.,https://www.startuptoday.co.kr/news/articleView.html?idxno=415669,kookmin_media,"캠퍼스 차량,ESG 관련 캠페인",긍정,0.9858751893043518
"국민대, 국립국악원과 국악 보급 및 확산 위한 MOU 체결",2025.03.06.,https://www.dt.co.kr/contents.html?article_no=2025030602109954063001&ref=naver,kookmin_media,,긍정,0.9781517386436462
"국민대, 국립국악원과 '국악 보급·확산' 업무협약 체결",2025.03.05.,https://www.news1.kr/society/education/5709694,kookmin_media,지역사회 ESG 파트너십,긍정,0.9761288166046144
"[교육 & NOW] 국민대-국립국악원, 국악 보급·확산 MOU 등",2025.03.05.,https://www.ebn.co.kr/news/articleView.html?idxno=1654024,kookmin_media,지역사회 ESG 파트너십,긍정,0.9546915292739868
"국민대, 국립국악원과 국악 분야 협력 업무협약 체결",2025.03.05.,http://www.beyondpost.co.kr/view.php?ud=202503051638478838d2326fc69c_30,kookmin_media,지역사회 ESG 파트너십,긍정,0.9744282364845276
"국민대, 국립국악원과 MOU...'국악 보급 및 확산'",2025.03.05.,http://www.newstnt.com/news/articleView.html?idxno=464756,kookmin_media,,긍정,0.9663082361221312
"국민대, '국악 대중화' 나선다…국립국악원과 업무협약 체결",2025.03.05.,https://www.newsis.com/view/NISX20250305_0003086959,kookmin_media,,긍정,0.8680054545402527
"국민대-국립국악원, 국악 보급 및 확산 MOU",2025.03.05.,https://dhnews.co.kr/news/view/1065582059708939,kookmin_media,,긍정,0.9529240131378174
"[게시판] 국민대-국립국악원, 국악 보급·확산 위한 업무협약",2025.03.05.,https://www.yna.co.kr/view/AKR20250305087100004?input=1195m,kookmin_media,,긍정,0.8739334940910339
"국민대, 국립국악원과 국악 보급·확산 위한 MOU 체결",2025.03.05.,http://www.dailysmart.co.kr/news/articleView.html?idxno=104188,kookmin_media,,긍정,0.9798747897148132
"국민대, COSS 지자체참여형 2단계 사업 진입",2025.03.03.,https://www.naeil.com/news/read/539774?ref=naver,kookmin_media,,긍정,0.9202343821525574
"국민대 HUSS 글로벌공생사업단, 성과공유회 개최",2025.03.03.,http://www.m-i.kr/news/articleView.html?idxno=1212954,kookmin_media,"지역사회 ESG 파트너십,지역사회 ESG 교육 프로그램",긍정,0.8864352703094482
"[인터뷰] ""건축은 삶을 담는 지혜로운 그릇“ 건축가 국민대학교 김개천...",2025.03.02.,http://www.joynews24.com/view/1818950,kookmin_media,,긍정,0.982430100440979
김건희 논문 표절 판정...국민대 박사 학위도 취소되나,2025.03.02.,https://www.ytn.co.kr/_ln/0103_202503020508040697,kookmin_media,,부정,0.7408322691917419
"국민대 자동차공학과, 예술과 공학이 만나는 'The Drawing'전시회 개최",2025.04.30.,http://www.newstnt.com/news/articleView.html?idxno=485293,kookmin_media,,긍정,0.9868833422660828
"국민대 자동차공학과, 예술과 공학이 만나는 'The Drawing' 전시 개최",2025.04.30.,https://edu.donga.com/news/articleView.html?idxno=86751,kookmin_media,,긍정,0.988901138305664
"국민대 자동차공학과, 'The Drawing' 전시회 개최",2025.04.30.,https://www.newsfreezone.co.kr/news/articleView.html?idxno=623993,kookmin_media,,긍정,0.9871177077293396
"국민대, ‘건강지킴이 어린이달 체육대회’ 개최",2025.04.30.,https://dhnews.co.kr/news/view/1065589886738157,kookmin_media,,긍정,0.8866285085678101
"국민대 자동차공학과, 예술과 공학이 만남 ‘The Drawing’ 전시",2025.04.30.,https://dhnews.co.kr/news/view/1065590814493318,kookmin_media,,긍정,0.9898055791854858
"고려대·KAIST·DGIST·국민대, AI 신진연구자 지원 컨소시엄 선정",2025.04.30.,https://www.news1.kr/it-science/general-it/5769681,kookmin_media,,긍정,0.9485325813293456
"국민대 플랫폼SME연구센터, 셀피쉬클럽과 생성형 AI 기반 교육컨설팅 제...",2025.04.29.,https://www.venturesquare.net/967149,kookmin_media,,긍정,0.9676914811134338
"국민대 플랫폼SME연구센터, 셀피쉬클럽과 '생성형 AI' MOU 체결",2025.04.29.,http://www.smedaily.co.kr/news/articleView.html?idxno=324912,kookmin_media,,긍정,0.9758971333503724
"국민대, 개교 80주년 기념 사업 본격 착수",2025.04.28.,http://www.m-i.kr/news/articleView.html?idxno=1233626,kookmin_media,,긍정,0.9866015315055848
"국민대, 제8회 자율주행 경진대회 참가자 모집",2025.04.28.,http://www.newstnt.com/news/articleView.html?idxno=484195,kookmin_media,,긍정,0.8842562437057495
"국민대 한국역사학과 북악사학회, 한국연구재단 등재학술지 선정",2025.04.26.,https://www.naeil.com/news/read/546255?ref=naver,kookmin_media,,긍정,0.945540964603424
국민대 제8회 자율주행 경진대회 참가자 모집,2025.04.25.,http://www.veritas-a.com/news/articleView.html?idxno=551365,kookmin_media,,긍정,0.9324477910995485
"국민대 캠퍼스타운, '2025 초격차 스타트업 창업교육 CVC 비즈매칭' 성료",2025.04.25.,http://news.mt.co.kr/mtview.php?no=2025042515014850054,kookmin_media,,긍정,0.9901712536811828
"국민대, '제8회 자율주행 경진대회' 참가자 모집",2025.04.25.,https://www.newsis.com/view/NISX20250425_0003154236,kookmin_media,,긍정,0.8709564208984375
"국민대, 스포츠 선수 훈련 경기 데이터 관리 및 AI기반의 경기력 향상 솔...",2025.04.25.,http://www.newstnt.com/news/articleView.html?idxno=483246,kookmin_media,,긍정,0.9744171500205994
"국민대, AI기반 경기력 향상 솔루션 기술 개발",2025.04.24.,https://www.naeil.com/news/read/546065?ref=naver,kookmin_media,,긍정,0.9664145708084106
국민대 스포츠 선수 훈련 경기 데이터 관리/AI기반의 경기력 향상 솔루...,2025.04.24.,http://www.veritas-a.com/news/articleView.html?idxno=551183,kookmin_media,,긍정,0.969688355922699
"국민대학교 캠퍼스타운, 창업육성 프로그램 '2025 초격차 스타트업 창업...",2025.04.24.,https://www.gokorea.kr/news/articleView.html?idxno=825279,kookmin_media,지역사회 ESG 파트너십,긍정,0.976984202861786
"국민대, 스포츠 선수 데이터 관리· AI기반 경기력 향상 솔루션 기술 개...",2025.04.24.,http://www.m-i.kr/news/articleView.html?idxno=1232381,kookmin_media,,긍정,0.9479937553405762
"국민대, 스포츠산업 혁신기반 조성 사업 완료",2025.04.24.,https://www.newsfreezone.co.kr/news/articleView.html?idxno=622690,kookmin_media,,긍정,0.9633030891418456
"국민대, 스포츠 선수 훈련 경기 데이터 관리 및 AI 기반의 경기력 향상...",2025.04.24.,https://edu.donga.com/news/articleView.html?idxno=86237,kookmin_media,,긍정,0.9684239029884338
"국민대, 스포츠 선수 훈련 경기 데이터 관리·AI기반 경기력 향상 솔루...",2025.04.24.,https://www.onews.tv/news/articleView.html?idxno=242444,kookmin_media,,긍정,0.9538499712944032
"국민대, ‘스포츠산업 혁신기반 조성사업’ 성료",2025.04.24.,https://dhnews.co.kr/news/view/1065576081626216,kookmin_media,,긍정,0.9782440662384032
국민대 ‘북악사론’ 한국연구재단 등재학술지 선정,2025.04.22.,https://www.joongang.co.kr/article/25330507,kookmin_media,,긍정,0.9725975394248962
국민대 교내 학술지 ‘북악사론’ 연구재단 등재,2025.04.22.,http://www.edaily.co.kr/news/newspath.asp?newsid=03257046642138744,kookmin_media,,긍정,0.9332902431488036
국민대 한국역사학과 북악사학회 한국연구재단 등재학술지 선정,2025.04.22.,http://www.veritas-a.com/news/articleView.html?idxno=550805,kookmin_media,,긍정,0.9611712694168092
"국민대 한국역사학과 '북악사론', 한국연구재단 등재학술지 선정",2025.04.22.,https://www.newsfreezone.co.kr/news/articleView.html?idxno=622077,kookmin_media,,긍정,0.94722718000412
"""당신의 삶을 움직이는 힘은 무엇입니까""…임창윤 HLB 부회장, 국민대서...",2025.04.22.,https://www.e-science.co.kr/news/articleView.html?idxno=104430,kookmin_media,,긍정,0.9809566736221312
"국민대, 임창윤 HLB그룹 부회장 특강 열어",2025.04.22.,https://www.dt.co.kr/contents.html?article_no=2025042202109954095001&ref=naver,kookmin_media,,긍정,0.9801052212715148
"국민대 최강현 학생, SCI 국제학술지 제1저자 논문 게재",2025.04.22.,https://www.munhwa.com/article/11500539?ref=naver,kookmin_media,,긍정,0.9518315196037292
"국민대, 임창윤 HLB그룹 부회장 특강 개최",2025.04.21.,http://www.m-i.kr/news/articleView.html?idxno=1230953,kookmin_media,,긍정,0.9702848196029664
"HLB 임창윤 부회장, 국민대 특강서 삶의 철학 공유",2025.04.21.,https://www.job-post.co.kr/news/articleView.html?idxno=143602,kookmin_media,,긍정,0.9779290556907654
"국민대 김승철 차장, 도서관 발전 유공 문체부장관상 수상",2025.04.21.,https://www.joongang.co.kr/article/25330091,kookmin_media,,긍정,0.9734299182891846
"국민대, 임창윤 HLB그룹 부회장 초청 목요특강 개최",2025.04.21.,https://www.onews.tv/news/articleView.html?idxno=242017,kookmin_media,,긍정,0.9801672101020812
"국민대, 임창윤 HLB그룹 부회장 특강 실시",2025.04.21.,http://www.dailysmart.co.kr/news/articleView.html?idxno=106243,kookmin_media,,긍정,0.9896251559257508
"국민대 김승철 차장, 도서관 육성 발전 유공 문화체육관광부장관상 수상",2025.04.20.,https://edu.donga.com/news/articleView.html?idxno=85849,kookmin_media,,긍정,0.9743650555610656
"국민대 최강현 학생, SCI 국제학술지에 제1저자 논문 게재",2025.04.20.,https://edu.donga.com/news/articleView.html?idxno=85829,kookmin_media,,긍정,0.9443881511688232
"국민대 교직원, 도서관 육성 발전 공로 문체부장관상 받아",2025.04.18.,https://www.newsfreezone.co.kr/news/articleView.html?idxno=621596,kookmin_media,,긍정,0.8965578079223633
"국민대 김승철 차장, ‘도서관의 날’ 기념식서 문화체육관광부 장관상",2025.04.18.,https://dhnews.co.kr/news/view/1065587945242339,kookmin_media,,긍정,0.9429904222488404
"국민대 김승철 차장, '제3회 도서관의 날' 기념식에서 문화체육관광부 ...",2025.04.18.,https://www.onews.tv/news/articleView.html?idxno=241840,kookmin_media,,긍정,0.9032352566719056
[인터뷰]김병준 국민대 글로벌개발협력연구원장(GDCI) “이제는 대학이...,2025.04.18.,https://www.etnews.com/20250418000185,kookmin_media,,긍정,0.9558728337287904
국민대 최강현 학생 SCI 국제학술지에 제1저자 논문 게재,2025.04.18.,http://www.veritas-a.com/news/articleView.html?idxno=550393,kookmin_media,,긍정,0.914673924446106
"국민대 환경동아리 ‘넷제로’, 우산 공유로 공유 경제 실천 나서",2025.04.18.,https://www.joongang.co.kr/article/25329545,kookmin_media,ESG 관련 캠페인,긍정,0.9839876890182496
"국민대, 최강현 학생 SCI 국제학술지에 논문 게재",2025.04.18.,http://www.m-i.kr/news/articleView.html?idxno=1230040,kookmin_media,,긍정,0.9110005497932434
"국민대 건설시스템공학부, 대학생 토목구조물 모형 경진대회 대상",2025.04.17.,https://www.joongang.co.kr/article/25329362,kookmin_media,,긍정,0.8966438174247742
"국민대 환경동아리 '넷제로', 우산 공유로 공유 경제 실천",2025.04.17.,https://www.newsfreezone.co.kr/news/articleView.html?idxno=621267,kookmin_media,,긍정,0.9357645511627196
"국민대 기후변화대응사업단 환경동아리 '넷제로', 우산 공유 활동 통해...",2025.04.17.,https://edu.donga.com/news/articleView.html?idxno=85701,kookmin_media,"ESG 관련 캠페인,ESG 비교과 프로그램 개발 및 운영",긍정,0.914179503917694
"국민대, 우산 공유 통해 공유경제 실천…기후변화 대응 모델로 확산 추...",2025.04.17.,http://www.beyondpost.co.kr/view.php?ud=202504171443033678d2326fc69c_30,kookmin_media,,긍정,0.9819731712341307
국민대 건설시스템공학부 대학생 토목구조물 모형 경진대회 대상 수상,2025.04.17.,http://www.veritas-a.com/news/articleView.html?idxno=550226,kookmin_media,,긍정,0.9381382465362548
"국민대 환경동아리 ‘넷제로’, 우산 공유 활동 통해 공유 경제 실천",2025.04.17.,https://dhnews.co.kr/news/view/1065579666748462,kookmin_media,,긍정,0.8929606676101685
"국민대 건설시스템공학부, ‘대학생 토목구조물 모형 경진대회’ 대상",2025.04.17.,https://dhnews.co.kr/news/view/1065572550560580,kookmin_media,,긍정,0.8442674279212952
"김태진 국민대 교수, 개인전 '시그널' 개최…드로잉 신작 20여 점 소개",2025.04.16.,http://www.seoulwire.com/news/articleView.html?idxno=647360,kookmin_media,,긍정,0.9742615222930908
"국민대 김중경 교수 연구팀, 남녀간 열과 통증 느끼는 방식 차이 발견",2025.04.16.,http://www.newstnt.com/news/articleView.html?idxno=480102,kookmin_media,,긍정,0.8894135355949402
"국민대 연구팀, 남녀간 열·통증 느끼는 방식 차이 발견",2025.04.16.,https://www.newsfreezone.co.kr/news/articleView.html?idxno=621142,kookmin_media,,긍정,0.9347761273384094
"김중경 국민대 기계공학부 교수 연구팀, 남녀간 열과 통증 느끼는 방식...",2025.04.16.,http://www.dailysmart.co.kr/news/articleView.html?idxno=106075,kookmin_media,,긍정,0.8672473430633545
"국민대 김태진 교수, 열네 번째 개인전 《시그널(Signal)》",2025.04.16.,https://dhnews.co.kr/news/view/1065586843186122,kookmin_media,,긍정,0.9952267408370972
"국민대, 뉴욕 브롱스 프렙 고등학교와 글로벌 공생 프로그램",2025.04.16.,https://www.joongang.co.kr/article/25328947,kookmin_media,,긍정,0.9597801566123962
"국민대, 뉴욕 고교생 초청해 한국어·문화 교류…글로벌 공생 교육 실천",2025.04.15.,http://www.beyondpost.co.kr/view.php?ud=2025041517154296d2326fc69c_30,kookmin_media,,긍정,0.9651449918746948
"국민대 HUSS 글로벌공생사업단, 뉴욕 브롱스 프렙과 글로벌공생 프로그...",2025.04.15.,http://www.m-i.kr/news/articleView.html?idxno=1228866,kookmin_media,,긍정,0.9746048450469972
국민대 HUSS 글로벌공생사업단 뉴욕 브롱스 프렙과 글로벌공생 프로그램...,2025.04.15.,http://www.veritas-a.com/news/articleView.html?idxno=549872,kookmin_media,,긍정,0.9836208820343018
"국민대 HUSS 글로벌공생사업단, 美 브롱스 프렙고교와 ‘공생 프로그램...",2025.04.15.,http://www.metroseoul.co.kr/article/20250415500253,kookmin_media,,긍정,0.9531847238540648
"국민대, 뉴욕 브롱스 프렙과 ‘지속가능한 글로벌공생 프로그램’ 진행",2025.04.15.,https://dhnews.co.kr/news/view/1065580239600158,kookmin_media,,긍정,0.9692404866218568
"국민대학교, '국민 벚꽃 사진관 시즌2' 2천여 명 참여 속 성황리 마무리",2025.04.14.,https://edu.donga.com/news/articleView.html?idxno=85378,kookmin_media,,긍정,0.9935289025306702
"학교가 '인생샷' 찍어줘…국민대, '국민 벚꽃 사진관' 행사 열어",2025.04.14.,https://www.newsis.com/view/NISX20250414_0003138686,kookmin_media,,긍정,0.9639290571212769
"국민대, '국민 벚꽃 사진관 시즌2'성황리에 종료",2025.04.14.,https://www.onews.tv/news/articleView.html?idxno=241248,kookmin_media,,긍정,0.9817565679550172
"국민대, ‘국민 벚꽃 사진관 시즌2’ 성료",2025.04.14.,https://dhnews.co.kr/news/view/1065586825448226,kookmin_media,,긍정,0.970605194568634
"국민대, '국민 벚꽃 사진관 시즌2' 성황리 실시",2025.04.14.,http://www.dailysmart.co.kr/news/articleView.html?idxno=105932,kookmin_media,,긍정,0.9882042407989502
국민대 '국민 벚꽃 사진관 시즌2' 성료,2025.04.14.,http://www.veritas-a.com/news/articleView.html?idxno=549687,kookmin_media,,긍정,0.9942770600318908
"국민대, 전후석 영화감독 초청해 특강 열어",2025.04.13.,https://edu.donga.com/news/articleView.html?idxno=85272,kookmin_media,,긍정,0.9608638882637024
"국민대, 전후석 영화감독 초청 ‘목요특강’ 성료",2025.04.13.,http://www.metroseoul.co.kr/article/20250413500072,kookmin_media,,긍정,0.9576878547668456
"국민대, 전후석 영화감독 특강 실시",2025.04.12.,http://www.newstnt.com/news/articleView.html?idxno=478546,kookmin_media,,긍정,0.975985825061798
"국민대, 전후석 영화감독 초청 목요특강 개최",2025.04.11.,https://www.onews.tv/news/articleView.html?idxno=241057,kookmin_media,,긍정,0.9586453437805176
국민대 전후석 영화감독 초청 '국민대 목요특강' 개최,2025.04.11.,http://www.veritas-a.com/news/articleView.html?idxno=549565,kookmin_media,,긍정,0.9695307612419128
"성북구 정릉3동, 국민대학교와 함께하는 주민자치 협력 프로그램 성료",2025.04.08.,https://www.job-post.co.kr/news/articleView.html?idxno=140599,kookmin_media,,긍정,0.9721330404281616
"국민대 공동기기원, 팹(FAB) 기반 차세대 반도체 전문인재 양성체계 고...",2025.04.07.,https://www.etnews.com/20250407000356,kookmin_media,,긍정,0.963988959789276
"국민대 공업디자인학과, 워크샵 'ID_WEEK' 개최",2025.04.06.,http://www.m-i.kr/news/articleView.html?idxno=1225342,kookmin_media,,긍정,0.987895369529724
"국민대 공업디자인학과, 워크숍 'ID_WEEK' 열어",2025.04.04.,https://www.news1.kr/society/education/5743223,kookmin_media,,긍정,0.9163308143615724
"GMTCK-국민대, 미래자동차전문가 교육프로그램 2기 수료식 개최",2025.04.03.,https://www.dt.co.kr/contents.html?article_no=2025040302109954095001&ref=naver,kookmin_media,,긍정,0.99128657579422
"국민대-GMTCK, 미래자동차 전문가 교육프로그램 2기 수료식",2025.04.03.,https://www.joongang.co.kr/article/25325816,kookmin_media,,긍정,0.9914764761924744
"국민대 , GMTCK와 산학협력...'미래자동차전문가 교육프로그램' 2기수료...",2025.04.02.,http://www.newstnt.com/news/articleView.html?idxno=475124,kookmin_media,,긍정,0.9880585074424744
"국민대-GMTCK, 미래자동차전문가 교육프로그램 2기 수료식 개최",2025.04.02.,http://www.m-i.kr/news/articleView.html?idxno=1224283,kookmin_media,,긍정,0.9736248850822448
대한적십자사 서울지사 청소년적십자 소속 국민대·성신여대 RCY 회원들...,2025.04.02.,http://www.thefirstmedia.net/news/articleView.html?idxno=167804,kookmin_media,,긍정,0.9905565977096558
국민대·GMTCK '미래자동차전문가 교육프로그램' 2기 수료식 개최,2025.04.02.,https://edu.donga.com/news/articleView.html?idxno=84523,kookmin_media,,긍정,0.9905971884727478
GMTCK-국민대 미래자동차전문가 교육프로그램 2기 수료식 개최,2025.04.02.,http://www.veritas-a.com/news/articleView.html?idxno=548187,kookmin_media,,긍정,0.991483747959137
"국민대 자동차융합대학, GMTCK와 미래자동차전문가 교육프로그램 2기 수...",2025.04.02.,http://www.dailysmart.co.kr/news/articleView.html?idxno=105473,kookmin_media,,긍정,0.9853506088256836
"GMTCK-국민대, 미래자동차전문가 교육프로그램 2기 수료식 진행",2025.04.02.,https://www.onews.tv/news/articleView.html?idxno=239928,kookmin_media,,긍정,0.9743527173995972
"국민대·성신여대 청소년적십자RCY, 봄맞이 생명 나눔 헌혈 캠페인 전개",2025.04.02.,https://edu.donga.com/news/articleView.html?idxno=84488,kookmin_media,,긍정,0.9877150654792786
"국민대·성신여대 RCY, 봄맞이 생명 나눔 헌혈 캠페인 전개",2025.04.02.,http://www.shinailbo.co.kr/news/articleView.html?idxno=2030737,kookmin_media,,긍정,0.9902464151382446
"국민대·성신여대 RCY, 헌혈 캠페인 통해 생명 나눔 실천",2025.04.02.,http://www.beyondpost.co.kr/view.php?ud=202504021028174123d2326fc69c_30,kookmin_media,,긍정,0.9767372012138368
국민대 강연하는 이준석,2025.04.01.,https://www.news1.kr/photos/7212589,kookmin_media,,긍정,0.6606605052947998
"국민대 김지우·임세영 학생 졸업작품, 전주국제영화제 초청",2025.04.01.,https://www.onews.tv/news/articleView.html?idxno=239784,kookmin_media,,긍정,0.9544045329093932
"국민대 김지우 · 임세영 학생 졸업작품, 전주국제영화제 초청",2025.04.01.,https://www.dt.co.kr/contents.html?article_no=2025040102109954039002&ref=naver,kookmin_media,,긍정,0.9755669832229614
"국민대 ""영상디자인학과생 졸업작품, 전주국제영화제 초청""",2025.04.01.,https://edu.donga.com/news/articleView.html?idxno=84401,kookmin_media,,긍정,0.9646311402320862
국민대 영상디자인학과 김지우/임세영 학생 졸업작품 전주국제영화제 ...,2025.04.01.,http://www.veritas-a.com/news/articleView.html?idxno=548039,kookmin_media,,긍정,0.9498435854911804
"국민대 영상디자인학과 졸업작품, 전주국제영화제 초청",2025.04.01.,https://www.newsfreezone.co.kr/news/articleView.html?idxno=618012,kookmin_media,,긍정,0.9540103077888488
국민대 영상디자인학과 김지우 · 임세영 학생 졸업작품 전주국제영화제...,2025.04.01.,http://www.newstnt.com/news/articleView.html?idxno=474484,kookmin_media,,긍정,0.9119067192077636
"김지우·임세영 국민대 영상디자인학과 학생 졸업작품, 전주국제영화제...",2025.04.01.,http://www.dailysmart.co.kr/news/articleView.html?idxno=105386,kookmin_media,,긍정,0.9254953861236572
"국민대 김지우·임세영 학생 졸업작품, 전주국제영화제 공식 상영작 선...",2025.04.01.,https://dhnews.co.kr/news/view/1065591799216124,kookmin_media,,긍정,0.8765413761138916
국민대 목요특강 초청 강연...원영희 前 YWCA 회장,2025.05.31.,http://www.newstnt.com/news/articleView.html?idxno=495026,kookmin_media,,긍정,0.989333152770996
"""가짜 명문대 학위로 국민대 조교수 임용""...50대 여성 실형",2025.05.31.,https://view.asiae.co.kr/article/2025053014024841815,kookmin_media,,부정,0.6018982529640198
"국민대, 원영희 전 YWCA 회장 초청 특강 실시",2025.05.30.,http://www.dailysmart.co.kr/news/articleView.html?idxno=108214,kookmin_media,,긍정,0.9817948341369628
[오늘의 인사 : 5월 30일] 문화체육관광부·국민대·한국씨티은행·통일...,2025.05.30.,https://www.news2day.co.kr/article/20250530500222,kookmin_media,,긍정,0.6564110517501831
국민대 원영희 前 YWCA 회장 초청 '국민대 목요특강' 강연 개최,2025.05.30.,http://www.veritas-a.com/news/articleView.html?idxno=556460,kookmin_media,,긍정,0.9842974543571472
[인사] 한국씨티은행·국민대 외,2025.05.30.,http://www.newsian.co.kr/news/articleView.html?idxno=79853,kookmin_media,,긍정,0.7194445133209229
"국민대 자작자동차 동아리 KORA, 'Formula SAE Electric' 대회 출전",2025.05.30.,https://www.newsis.com/view/NISX20250530_0003196999,kookmin_media,,긍정,0.8558953404426575
"국민대 자작자동차 동아리 KORA, Formula SAE Electric 대회 출정식 개최",2025.05.30.,https://www.onews.tv/news/articleView.html?idxno=246362,kookmin_media,,긍정,0.90125972032547
"국민대 자작자동차 동아리 KORA, 첫 세계 대회 출정식 열어",2025.05.30.,https://www.newsfreezone.co.kr/news/articleView.html?idxno=629303,kookmin_media,,긍정,0.9006116986274719
"국민대 자작자동차 동아리 KORA, 세계 자작자동차 대회 출정식",2025.05.30.,https://dhnews.co.kr/news/view/1065590495835986,kookmin_media,,긍정,0.8296857476234436
"[인사] 국민대, 한국씨티은행, 통일부",2025.05.30.,https://www.businesspost.co.kr/BP?command=article_view&num=397355,kookmin_media,,긍정,0.5373968482017517
"국민대, 김주원 한글학회 회장 특강 열어",2025.05.29.,https://www.dt.co.kr/contents.html?article_no=2025052902109954063001&ref=naver,kookmin_media,,긍정,0.8688557147979736
"국민대, 김주원 한글학회 회장 특강 개최",2025.05.29.,http://www.m-i.kr/news/articleView.html?idxno=1244434,kookmin_media,,긍정,0.875900149345398
국민대 김주원 한글학회 회장 특강 개최,2025.05.29.,http://www.veritas-a.com/news/articleView.html?idxno=556098,kookmin_media,,긍정,0.8936411142349243
"국민대, 김주원 한글학회 회장 초청 특강 실시",2025.05.29.,http://www.dailysmart.co.kr/news/articleView.html?idxno=108121,kookmin_media,,긍정,0.9206588268280028
"국민대, 목요특강...김주원 한글학회 회장",2025.05.29.,http://www.newstnt.com/news/articleView.html?idxno=494364,kookmin_media,,긍정,0.8929893374443054
"김주원 한글학회 회장, 국민대서 ‘훈민정음과 한글 이야기’ 특강",2025.05.29.,https://dhnews.co.kr/news/view/1065580908962871,kookmin_media,,긍정,0.9107550978660583
국민대 조선대와 기후환경 학생 교류의 날 행사 진행,2025.05.28.,http://www.veritas-a.com/news/articleView.html?idxno=555896,kookmin_media,,긍정,0.919664740562439
"국민대 공업디자인학과 학생팀, 청각장애인 위한 ‘진동 명상 쿠션’ 개...",2025.05.28.,https://www.viva100.com/article/20250528501478,kookmin_media,,긍정,0.9529382586479188
"국민대, 감각의 장벽을 넘는 '진동 명상 쿠션' 개발",2025.05.28.,https://edu.donga.com/news/articleView.html?idxno=88765,kookmin_media,,긍정,0.9847311973571776
"국민대 공업디자인학과 학생팀, '진동 명상 쿠션' 개발",2025.05.28.,http://www.m-i.kr/news/articleView.html?idxno=1243901,kookmin_media,,긍정,0.9457483291625975
"3년 만의 전국대회 정상 탈환 이끈 MVP '국민대 원마인드 FC' 전의찬, ""우...",2025.05.28.,https://www.sportalkorea.com/news/view.php?gisa_uniq=2025052815060809&section_code=1040&cp=se&sp=A,kookmin_media,,긍정,0.9728823304176332
"국민대 원마인드 FC, 3년 만에 양구 국토정중앙기 전국대학동아리축구대...",2025.05.28.,https://www.sportalkorea.com/news/view.php?gisa_uniq=2025052815010409&section_code=1040&cp=se&sp=A,kookmin_media,,긍정,0.9233567118644714
"국민대, 창업데이 맞아 정승렬 총장 특강 진행",2025.05.28.,http://www.m-i.kr/news/articleView.html?idxno=1243884,kookmin_media,,긍정,0.9607165455818176
"국민대 공업디자인학과 학생팀, 감각의 장벽을 넘는 '진동 명상 쿠션' 개...",2025.05.28.,http://www.dailysmart.co.kr/news/articleView.html?idxno=108064,kookmin_media,,긍정,0.9664340615272522
"국민대 학생팀, 감각의 장벽을 넘는 ‘진동 명상 쿠션’ 개발",2025.05.28.,https://www.dt.co.kr/contents.html?article_no=2025052802109954783001&ref=naver,kookmin_media,,긍정,0.9786479473114014
"국민대 공업디자인학과 학생팀, ‘진동 명상 쿠션’ 개발",2025.05.28.,https://dhnews.co.kr/news/view/1065587829627956,kookmin_media,,긍정,0.9097959399223328
"국민대 기후변화대응사업단 넷제로·디에코, 환경 캠페인 진행",2025.05.28.,https://dhnews.co.kr/news/view/1065590225451782,kookmin_media,,긍정,0.8854791522026062
"국민대, 조선대와 함께 기후환경 학생 교류의 날 행사 실시",2025.05.28.,http://www.dailysmart.co.kr/news/articleView.html?idxno=108056,kookmin_media,,긍정,0.9208927154541016
"국민대 경영대학, 창업데이 맞이 정승렬 총장 기업가정신 특별강연 진행",2025.05.28.,https://www.onews.tv/news/articleView.html?idxno=245984,kookmin_media,,긍정,0.9656772017478944
"정승렬 국민대 총장, 경영대학 창업데이 '기업가정신' 특강",2025.05.28.,https://www.newsfreezone.co.kr/news/articleView.html?idxno=628754,kookmin_media,,긍정,0.9746838808059692
"국민대, 서울 RISE 사업 4개 과제 선정",2025.05.28.,https://www.joongang.co.kr/article/25339449,kookmin_media,,긍정,0.9742088913917542
"국민대 2025학년도 북악대동제 열어...정승렬 총장, 학생들에게 다과와...",2025.05.28.,http://www.m-i.kr/news/articleView.html?idxno=1243649,kookmin_media,,긍정,0.9378209710121156
국민대 2025학년도 북악대동제 열어,2025.05.28.,http://www.newstnt.com/news/articleView.html?idxno=493769,kookmin_media,,긍정,0.9519827365875244
국민대 2025학년도 북악대동제 개최,2025.05.27.,http://www.veritas-a.com/news/articleView.html?idxno=555730,kookmin_media,,긍정,0.9629837274551392
"[에듀플러스]국민대, 서울 라이즈 사업 4개 과제 선정",2025.05.27.,https://www.etnews.com/20250527000336,kookmin_media,,긍정,0.9829862713813782
"[2025 서울형 라이즈(RISE) 참여대학] 국민대 ""4개 과제 선정… 서울권 ...",2025.05.27.,https://news.unn.net/news/articleView.html?idxno=579323,kookmin_media,,긍정,0.9317863583564758
"국민대, 서울 RISE 사업 4개 과제 선정...서울 소재 대학 중 2위",2025.05.27.,http://www.newstnt.com/news/articleView.html?idxno=493462,kookmin_media,,긍정,0.9725152254104614
"국민대, 서울 RISE 사업 4개 과제 선정.. 서울 소재 대학 중 2위 쾌거",2025.05.27.,http://www.veritas-a.com/news/articleView.html?idxno=555570,kookmin_media,,긍정,0.9476515650749208
"국민대학교 캠퍼스타운, 2024년 서울캠퍼스타운 우수상 수상",2025.05.27.,https://www.nbntv.co.kr/news/articleView.html?idxno=4001533,kookmin_media,,긍정,0.9858320951461792
"국민대, 2025 전공 탐색 박람회 개최… 전공자율선택제로 전공 선택 기회...",2025.05.27.,https://www.donga.com/news/Society/article/all/20250526/131671038/2,kookmin_media,,긍정,0.9419434070587158
"국민대 대학일자리플러스센터, 대동제 맞아 진로/취업 홍보부스 운영",2025.05.26.,http://www.veritas-a.com/news/articleView.html?idxno=555420,kookmin_media,,긍정,0.9710200428962708
국민대 2026학년 지원 전략 설명회 일정.. '내달 21일',2025.05.26.,http://www.veritas-a.com/news/articleView.html?idxno=555247,kookmin_media,,긍정,0.872909426689148
"국민대 축제, 지구촌을 담다!",2025.05.25.,https://edu.donga.com/news/articleView.html?idxno=88382,kookmin_media,,긍정,0.9756593704223632
국민대 “디지털 해수담수화 이끈다”,2025.05.24.,https://www.naeil.com/news/read/549055?ref=naver,kookmin_media,,긍정,0.9583285450935364
"국민대 이상호 교수, 해수담수화 플랜트 디지털 전환 연구단장 선정",2025.05.23.,https://www.joongang.co.kr/article/25338357,kookmin_media,,긍정,0.9632889032363892
"""아조씨 죽지 않아~!"" 하하, 국민대서 소주 원샷",2025.05.23.,https://mydaily.co.kr/page/view/2025052310122225422,kookmin_media,,긍정,0.8984509110450745
"""국민대 축제, 지구촌을 담다"" 유학생과 함께한 글로벌 문화체험 및 나...",2025.05.23.,http://www.veritas-a.com/news/articleView.html?idxno=555136,kookmin_media,,긍정,0.9643942713737488
"KTC-국민대 국방사이버전자전연구소, 안티탬퍼링 시험∙검증 분야 협력",2025.05.23.,https://www.electimes.com/news/articleView.html?idxno=355372,kookmin_media,,긍정,0.9688531756401062
"KTC·국민대 국방사이버전자연구소, 사이버전자전 현구 협력",2025.05.23.,https://www.etnews.com/20250523000020,kookmin_media,,긍정,0.9628620147705078
"KTC-국민대 국방사이버전자硏, 안티탬퍼링 시험·검증 협력 '맞손'",2025.05.22.,https://it.chosun.com/news/articleView.html?idxno=2023092141369,kookmin_media,,긍정,0.949763000011444
"국민대 이상호 교수, 약 350억 원 규모 환경부 대형 R&D 연구단장 선정",2025.05.22.,https://edu.donga.com/news/articleView.html?idxno=88321,kookmin_media,,긍정,0.9591505527496338
"KTC-국민대 국방사이버전자연구소, 안티탬퍼링 시험·검증 분야 기술 연...",2025.05.22.,https://www.dailian.co.kr/news/view/1501400/?sc=Naver,kookmin_media,,긍정,0.9638633728027344
"이상호 국민대 교수, 350억원 규모 환경부 대형 R&D 연구단장 선정",2025.05.22.,http://www.m-i.kr/news/articleView.html?idxno=1241987,kookmin_media,,긍정,0.9463448524475098
국민대 이상호 교수 약 350억원 규모 환경부 대형 R&D 연구단장 선정,2025.05.22.,http://www.veritas-a.com/news/articleView.html?idxno=554957,kookmin_media,,긍정,0.967531681060791
"이상호 국민대교수, 환경부 ‘350억 과제’ 연구단장 선정",2025.05.22.,http://www.edaily.co.kr/news/newspath.asp?newsid=03519446642171544,kookmin_media,,긍정,0.9263238310813904
"이상호 국민대 건설시스템공학부 교수, 약 350억원 규모 환경부 대형 R&...",2025.05.22.,http://www.dailysmart.co.kr/news/articleView.html?idxno=107796,kookmin_media,,긍정,0.9643808603286744
"국민대 창의공과대학 건설시스템공학부 이상호 교수, 환경부 대형 R&D 연...",2025.05.22.,http://www.newstnt.com/news/articleView.html?idxno=492107,kookmin_media,,긍정,0.9612438678741456
"국민대 이상호 교수, 디지털 해수담수화 이끈다",2025.05.22.,https://dhnews.co.kr/news/view/1065590392070023,kookmin_media,,긍정,0.9573534727096558
"헌재, 국민대 법대 교수 ""대선 사전투표 막아달라"" 낸 가처분 신청 기각",2025.05.22.,https://biz.sbs.co.kr/article_hub/20000236100?division=NAVER,kookmin_media,,부정,0.6252422332763672
"[제7회 청년플러스포럼] 국민대 김선애 교수 ""다층적 기후 위기, 청년들...",2025.05.21.,https://www.ntoday.co.kr/news/articleView.html?idxno=115830,kookmin_media,,긍정,0.9682366847991944
"국민대-르노코리아, 미래차 인재 양성과 기술협력을 위한 MOU 체결",2025.05.21.,http://www.m-i.kr/news/articleView.html?idxno=1241501,kookmin_media,지역사회 ESG 파트너십,긍정,0.9221184849739076
"국민대-르노코리아, 미래차 인재 양성·기술협력 MOU",2025.05.21.,https://www.joongang.co.kr/article/25337720,kookmin_media,지역사회 ESG 파트너십,긍정,0.9505252838134766
'565억원 지원' 서울 RISE 35개교 선정.. 성대 6개 과제 '최다' 국민대 서...,2025.05.21.,http://www.veritas-a.com/news/articleView.html?idxno=554662,kookmin_media,,긍정,0.7819784283638
"""나무 베지 않고 탄소량 측정""…한수정·국민대, 드론 라이다로 도시숲...",2025.05.21.,https://www.newsis.com/view/NISX20250521_0003184391,kookmin_media,,긍정,0.9494042992591858
"국민대학교 캠퍼스타운 사업단, ‘AWS AI 기반 실전 창업 교육’ 참가자...",2025.05.21.,http://www.edaily.co.kr/news/newspath.asp?newsid=03079926642171216,kookmin_media,,긍정,0.9290431141853333
"국민대-르노코리아, 미래자동차 인재 양성 MOU",2025.05.21.,https://www.newsis.com/view/NISX20250521_0003184101,kookmin_media,,긍정,0.9542049765586852
"노희소 국민대 교수팀, 초소형 스펙트로미터 연구관련 SCI 국제학술지 논...",2025.05.21.,https://www.dt.co.kr/contents.html?article_no=2025052102109954095001&ref=naver,kookmin_media,,긍정,0.9592310786247252
"국민대-르노코리아, 미래차 인재 양성과 기술협력 위한 MOU 체결",2025.05.21.,https://www.dt.co.kr/contents.html?article_no=2025052102109954060001&ref=naver,kookmin_media,지역사회 ESG 파트너십,긍정,0.963513731956482
"국민대학교-르노코리아, 미래차 인재 육성 및 공동 연구 협약 체결",2025.05.20.,https://www.onews.tv/news/articleView.html?idxno=245073,kookmin_media,지역사회 ESG 파트너십,긍정,0.9661146998405457
"국민대, 르노코리아 와 MOU ..'미래차 인재 양성과 기술협력'",2025.05.20.,http://www.newstnt.com/news/articleView.html?idxno=491368,kookmin_media,지역사회 ESG 파트너십,긍정,0.9423468708992004
"국민대 노희소 교수 연구팀, 초소형 스펙트로미터 연구관련 SCI 국제학술...",2025.05.20.,http://www.newstnt.com/news/articleView.html?idxno=491367,kookmin_media,,긍정,0.9702153205871582
"[대학가 오늘] 국민대-르노코리아, 미래차 인재 양성·기술협력 MOU 外",2025.05.20.,http://www.metroseoul.co.kr/article/20250520500482,kookmin_media,지역사회 ESG 파트너십,긍정,0.9545873403549194
"국민대·르노코리아, 미래차 인재 양성·기술협력 MOU",2025.05.20.,https://dhnews.co.kr/news/view/1065601737442058,kookmin_media,지역사회 ESG 파트너십,긍정,0.9305792450904846
"국민대, 르노코리아와 미래차 인재 양성과 기술협력 위한 MOU 체결",2025.05.20.,http://www.dailysmart.co.kr/news/articleView.html?idxno=107668,kookmin_media,지역사회 ESG 파트너십,긍정,0.9829546809196472
"국민대 노희소 교수 연구팀, 초소형 스펙트로미터 연구 SCI 국제학술지 ...",2025.05.20.,https://www.onews.tv/news/articleView.html?idxno=245034,kookmin_media,,긍정,0.9117017388343812
"국민대 노희소 교수 연구팀, ‘초소형 스펙트로미터 연구’ SCI 국제학술...",2025.05.20.,https://dhnews.co.kr/news/view/1065586941750700,kookmin_media,,긍정,0.9619155526161194
"노희소 국민대 나노전자물리학과 교수 연구팀, 초소형 스펙트로미터 연...",2025.05.20.,http://www.dailysmart.co.kr/news/articleView.html?idxno=107654,kookmin_media,,긍정,0.9665753841400146
﻿'2025 KMU 외국인 유학생 창업경진대회' 성료...국민대 캠퍼스타운 글...,2025.05.20.,https://www.gukjenews.com/news/articleView.html?idxno=3279055,kookmin_media,,긍정,0.9752798080444336
"국민대-YBM, 글로벌 인재 양성 MOU",2025.05.20.,https://www.joongang.co.kr/article/25337320,kookmin_media,,긍정,0.9675315618515016
"국민대, 우미령 러쉬코리아 대표 특강 열어",2025.05.20.,https://www.dt.co.kr/contents.html?article_no=2025052002109954063001&ref=naver,kookmin_media,,긍정,0.9622176885604858
김건희 논문 1239일째 검증 중… “숙대·국민대 사과하라”,2025.05.19.,https://wemakenews.co.kr/news/view.php?no=21701,kookmin_media,,부정,0.7959511280059814
"강경숙 의원 “김건희 논문 검증 1,239일… 숙대·국민대 학위 취소” 촉...",2025.05.19.,http://www.breaknews.com/1117918,kookmin_media,,부정,0.7074875235557556
"국민대, 우미령 러쉬코리아 대표 특강 성료",2025.05.19.,http://www.m-i.kr/news/articleView.html?idxno=1240348,kookmin_media,,긍정,0.9645569324493408
"우미령 러쉬코리아 대표, 국민대서 ‘우리에겐 실패할 권리가 있다’ 특...",2025.05.19.,https://dhnews.co.kr/news/view/1065581043966381,kookmin_media,,긍정,0.9608625769615172
국민대 우미령 러쉬코리아 대표 특강 개최,2025.05.19.,http://www.veritas-a.com/news/articleView.html?idxno=554150,kookmin_media,,긍정,0.9637086987495422
"국민대학교 캠퍼스타운,'2025 KMU 외국인 유학생 창업경진대회' 성료",2025.05.19.,https://www.gokorea.kr/news/articleView.html?idxno=827225,kookmin_media,,긍정,0.9747830033302308
"국민대, 우미령 러쉬코리아 대표 초청 특강 실시",2025.05.19.,http://www.dailysmart.co.kr/news/articleView.html?idxno=107560,kookmin_media,,긍정,0.9725345969200134
"YBM, 국민대와 글로벌 인재양성 MOU",2025.05.18.,https://www.sedaily.com/NewsView/2GSUHDQAJQ,kookmin_media,,긍정,0.9850524067878724
"국민대 경력개발지원단, YBM그룹과 MOU 체결",2025.05.18.,https://edu.donga.com/news/articleView.html?idxno=87886,kookmin_media,,긍정,0.96454918384552
"르노코리아, 국민대와 산학 협력 강화 업무협약…모빌리티 인재 육성",2025.05.18.,http://www.econonews.co.kr/news/articleView.html?idxno=388254,kookmin_media,지역사회 ESG 파트너십,긍정,0.9716770052909852
"국민대·국방외국어대, 글로벌공생 프로그램 진행",2025.05.18.,http://www.m-i.kr/news/articleView.html?idxno=1239994,kookmin_media,,긍정,0.9706502556800842
"국민대 HUSS 글로벌공생사업단, 국방외국어대(DLIFLC)와 글로벌공생 프로...",2025.05.18.,https://edu.donga.com/news/articleView.html?idxno=87820,kookmin_media,,긍정,0.9497243165969848
이효리 “너무 예쁜 모교”…국민대 방문,2025.05.18.,https://isplus.com/article/view/isp202505180062,kookmin_media,,긍정,0.8507286310195923
"이효리, 졸업식 축사도 맡더니 국민대 사랑ing “너무 예쁜 모교”",2025.05.18.,https://www.newsen.com/news_view.php?uid=202505181123131110,kookmin_media,,부정,0.5657668709754944
"국민대·슈어소프트테크, 자동차 소프트웨어 엔지니어링 인재양성 산학...",2025.05.18.,http://www.m-i.kr/news/articleView.html?idxno=1239941,kookmin_media,,긍정,0.9522703886032104
"'국민대 98학번' 이효리, 또다시 모교 깜짝 방문...""너무 예뻐""",2025.05.18.,https://www.xportsnews.com/article/2001760,kookmin_media,,긍정,0.9762148261070251
"'98학번 대선배' 이효리, 모교 국민대 방문 ""인생은 독고다이"" 조언 생생",2025.05.17.,https://www.spotvnews.co.kr/news/articleView.html?idxno=748335,kookmin_media,,긍정,0.941416323184967
"이효리, 국민대 방문…""너무 예쁜 모교"" 애정 담긴 근황 공개 [MD★스타...",2025.05.17.,https://mydaily.co.kr/page/view/2025051712414469182,kookmin_media,,긍정,0.9543960690498352
"‘이상순♥’ 이효리, ‘모교’ 국민대 또 찾았다..후배 작품 자랑하고...",2025.05.17.,http://www.osen.co.kr/article/G1112570778,kookmin_media,,긍정,0.9667139649391174
"이효리, 다시 국민대 찾았다..지극한 모교 사랑 ""너무 예뻐""",2025.05.17.,https://www.starnewskorea.com/stview.php?no=2025051711544756568,kookmin_media,,긍정,0.9609196782112122
"국민대 경력개발지원단, YBM그룹과 MOU ...'글로벌 인재 양성'",2025.05.16.,http://www.newstnt.com/news/articleView.html?idxno=490357,kookmin_media,,긍정,0.9575232863426208
국민대 경력개발지원단 YBM그룹과 MOU 체결,2025.05.16.,http://www.veritas-a.com/news/articleView.html?idxno=554032,kookmin_media,,긍정,0.9631803035736084
[포토] '스마트 AI 포럼' 토론 발표하는 김도연 국민대 미디어전공 교수,2025.05.16.,https://www.newscj.com/news/articleView.html?idxno=3270553,kookmin_media,,긍정,0.8652265071868896
"국민대 경력개발지원단, YBM과 업무 협약",2025.05.16.,https://www.newsfreezone.co.kr/news/articleView.html?idxno=626738,kookmin_media,지역사회 ESG 파트너십,긍정,0.9715277552604676
"국민대-슈어소프트테크, 자동차 소프트웨어 엔지니어링 인재 양성 MOU",2025.05.16.,https://www.joongang.co.kr/article/25336558,kookmin_media,,긍정,0.9643514752388
국민대학교 제2회 도자공예판매전 개최,2025.05.16.,https://www.naeil.com/news/read/548190?ref=naver,kookmin_media,,긍정,0.9686704874038696
"국민대, 미 국방외국어대와 '글로벌 공생 프로그램'",2025.05.16.,https://www.newsfreezone.co.kr/news/articleView.html?idxno=626580,kookmin_media,,긍정,0.9608503580093384
국민대 HUSS 글로벌공생사업단 국방외국어대(DLIFLC)와 글로벌공생 프로...,2025.05.15.,http://www.veritas-a.com/news/articleView.html?idxno=553854,kookmin_media,,긍정,0.9589279890060424
"국민대 유도부, 양구평화컵 전국유도대회 금메달",2025.05.15.,https://www.joongang.co.kr/article/25336321,kookmin_media,,긍정,0.992365300655365
"국민대 미래자동차사업단, 슈어소프트테크와 자동차 소프트웨어 엔지니...",2025.05.15.,https://edu.donga.com/news/articleView.html?idxno=87754,kookmin_media,,긍정,0.9650412797927856
"국민대 유도부, 2025 양구평화컵 전국유도대회서 금메달 쾌거",2025.05.15.,https://www.dt.co.kr/contents.html?article_no=2025051502109954039002&ref=naver,kookmin_media,,긍정,0.9876713752746582
"국민대- ㈜슈어소프트테크, 자동차 소프트웨어 엔지니어링 인재양성 산...",2025.05.15.,https://www.dt.co.kr/contents.html?article_no=2025051502109954063001&ref=naver,kookmin_media,,긍정,0.9666592478752136
"국민대 미래자동차사업단, 슈어소프트테크와 산학 협력",2025.05.15.,https://www.newsfreezone.co.kr/news/articleView.html?idxno=626412,kookmin_media,,긍정,0.969057321548462
"국민대 미래자동차사업단, ㈜슈어소프트테크와 자동차 소프트웨어 엔지...",2025.05.15.,http://www.dailysmart.co.kr/news/articleView.html?idxno=107421,kookmin_media,,긍정,0.9638951420783995
"YBM, 국민대학교와 산학협력 업무협약 체결",2025.05.15.,https://www.ibabynews.com/news/articleView.html?idxno=131828,kookmin_media,지역사회 ESG 파트너십,긍정,0.9293848276138306
"르노코리아, 미래 모빌리티 인재 양성 위해…국민대학교와 MOU 체결",2025.05.14.,https://www.sportsworldi.com/newsView/20250514519355,kookmin_media,,긍정,0.9443968534469604
"르노코리아·국민대, 산학협력 강화 MOU 체결",2025.05.14.,https://www.nspna.com/news/?mode=view&newsid=755221,kookmin_media,지역사회 ESG 파트너십,긍정,0.9401828050613404
"르노코리아-국민대, 미래 모빌리티 인재 양성 MOU 체결",2025.05.14.,https://www.sportschosun.com/ext/2025-05-14/202505140100084090012321,kookmin_media,지역사회 ESG 파트너십,긍정,0.9511985778808594
"르노코리아-국민대, 미래 모빌리티 인재 양성 협력",2025.05.14.,https://www.startuptoday.co.kr/news/articleView.html?idxno=448514,kookmin_media,,긍정,0.9455077648162842
"국민대 유도부 한성우 학생, 2025 양구평화컵 전국유도대회 금메달",2025.05.14.,https://www.onews.tv/news/articleView.html?idxno=244315,kookmin_media,,긍정,0.9828569293022156
"르노코리아, 국민대와 산학협력 강화 MOU",2025.05.14.,https://www.mediapen.com/news/view/1015170,kookmin_media,,긍정,0.9018169045448304
"르노코리아, 국민대와 미래 모빌리티 인재 양성 MOU",2025.05.14.,http://www.m-i.kr/news/articleView.html?idxno=1238752,kookmin_media,지역사회 ESG 파트너십,긍정,0.917360544204712
"르노코리아-국민대학교, 미래 모빌리티 인재 육성 위한 MOU 체결",2025.05.14.,https://www.insight.co.kr/news/503001,kookmin_media,,긍정,0.9422478079795836
"르노코리아, 국민대와 MOU…미래 모빌리티 인재 양성한다",2025.05.14.,http://www.fnnews.com/news/202505141555412790,kookmin_media,지역사회 ESG 파트너십,긍정,0.95512455701828
"르노코리아, 국민대학교와 미래모빌리티 인재 양성위한 MOU 체결",2025.05.14.,http://www.bizwnews.com/news/articleView.html?idxno=102802,kookmin_media,지역사회 ESG 파트너십,긍정,0.9677818417549132
"르노코리아·국민대, 미래 모빌리티 인재 육성 '맞손'",2025.05.14.,https://www.ebn.co.kr/news/articleView.html?idxno=1662750,kookmin_media,지역사회 ESG 파트너십,긍정,0.928777813911438
"르노코리아-국민대, 미래 모빌리티 인재 양성 본격화",2025.05.14.,https://www.donga.com/news/Economy/article/all/20250514/131604257/2,kookmin_media,지역사회 ESG 파트너십,긍정,0.9657066464424132
"르노코리아, 국민대와 미래 모빌리티 인재 양성에 협력",2025.05.14.,http://www.g-enews.com/ko-kr/news/article/news_all/2025051414210044253fe8821aee_1/article.html,kookmin_media,,긍정,0.9609487652778624
"르노코리아, 국민대학교와 산학협력 강화 위한 MOU 체결… 미래 모빌리...",2025.05.14.,https://kr.aving.net/news/articleView.html?idxno=1800029,kookmin_media,지역사회 ESG 파트너십,긍정,0.9521207809448242
"르노코리아, 국민대와 MOU 체결…미래 모빌리티 인재 양성 본격화",2025.05.14.,http://www.popcornnews.net/news/articleView.html?idxno=80275,kookmin_media,지역사회 ESG 파트너십,긍정,0.9573740363121032
"르노코리아, 국민대학교와 산학협력 MOU 체결",2025.05.14.,http://www.newscape.co.kr/news/articleView.html?idxno=112209,kookmin_media,,긍정,0.9539906978607178
"르노코리아, 국민대 MOU 체결…산학협력 강화",2025.05.14.,http://www.shinailbo.co.kr/news/articleView.html?idxno=2051792,kookmin_media,지역사회 ESG 파트너십,긍정,0.9374855160713196
"르노코리아, 국민대와 MOU 체결",2025.05.14.,https://www.naeil.com/news/read/547764?ref=naver,kookmin_media,지역사회 ESG 파트너십,긍정,0.9732484221458436
"르노코리아, 국민대학교와 MOU 체결… 미래 모빌리티 인재 양성 본격화",2025.05.14.,http://www.globalepic.co.kr/view.php?ud=20250514111714516448439a4874_29,kookmin_media,,긍정,0.9395912885665894
"르노코리아, 국민대와 미래차 인재 발굴 … 산학협력 체결",2025.05.14.,https://biz.newdaily.co.kr/site/data/html/2025/05/14/2025051400151.html,kookmin_media,지역사회 ESG 파트너십,긍정,0.9740350246429444
"르노코리아, 국민대와 미래 모빌리티 인재 양성 맞손",2025.05.14.,https://www.businessplus.kr/news/articleView.html?idxno=87429,kookmin_media,지역사회 ESG 파트너십,긍정,0.9235799312591552
국민대 제2회 도자공예판매전 개최…금속공예전공 주얼리 판매전 동시 ...,2025.05.14.,https://www.dt.co.kr/contents.html?article_no=2025051402109954039001&ref=naver,kookmin_media,,긍정,0.9689671993255616
"르노코리아, 국민대학교와 산학협력..'인재 조기 확보 나선다'",2025.05.14.,http://autotimes.co.kr/detail.php?number=682920&thread=27,kookmin_media,지역사회 ESG 파트너십,긍정,0.97950941324234
"르노코리아, 국민대와 손잡고 미래 모빌리티 인재 양성 나서",2025.05.14.,https://www.munhwa.com/article/11505344?ref=naver,kookmin_media,,긍정,0.8868142366409302
"국민대, 도자공예판매전 개최…주얼리 판매전도 동시 진행",2025.05.14.,https://www.news1.kr/society/education/5782414,kookmin_media,,긍정,0.9802419543266296
"르노코리아-국민대, 미래 모빌리티 인재 양성 '맞손'",2025.05.14.,http://www.sisafocus.co.kr/news/articleView.html?idxno=339012,kookmin_media,지역사회 ESG 파트너십,긍정,0.9618624448776244
미래 인재 양성 ‘합심’⋯ 르노코리아·국민대 MOU 체결,2025.05.14.,https://www.viva100.com/article/20250514500681,kookmin_media,지역사회 ESG 파트너십,긍정,0.9559694528579712
"르노코리아, 국민대와 손잡고 미래 모빌리티 인재 육성",2025.05.14.,https://mydaily.co.kr/page/view/2025051410464045501,kookmin_media,지역사회 ESG 파트너십,긍정,0.9419873356819152
"르노코리아, 국민대와 MOU 체결…미래차 인재 함께 키운다",2025.05.14.,https://www.ceoscoredaily.com/page/view/2025051410255918706,kookmin_media,지역사회 ESG 파트너십,긍정,0.9444685578346252
"르노코리아-국민대 ""모빌리티 인재 양성"" 협력 강화",2025.05.14.,https://www.joongang.co.kr/article/25335869,kookmin_media,,긍정,0.9183839559555054
"르노코리아·국민대학교, MOU 체결… 미래 모빌리티 인재 양성 본격화",2025.05.14.,https://www.sisaweek.com/news/articleView.html?idxno=225248,kookmin_media,,긍정,0.9539108276367188
"르노코리아, 국민대와 미래 모빌리티 인재 양성 협력",2025.05.14.,http://www.smarttimes.co.kr/news/articleView.html?idxno=33182,kookmin_media,지역사회 ESG 파트너십,긍정,0.9702519178390504
"르노코리아, 국민대학교와 MOU 체결···미래 모빌리티 인재 양성 본격...",2025.05.14.,https://www.smartfn.co.kr/news/articleView.html?idxno=109646,kookmin_media,지역사회 ESG 파트너십,긍정,0.9088947772979736
"르노코리아·국민대 맞손, 모빌리티 인재 발굴 나선다",2025.05.14.,https://it.chosun.com/news/articleView.html?idxno=2023092140602,kookmin_media,지역사회 ESG 파트너십,긍정,0.975343644618988
"르노코리아, 국민대와 손잡고 미래 모빌리티 인재 양성 박차",2025.05.14.,https://www.goodkyung.com/news/articleView.html?idxno=263886,kookmin_media,지역사회 ESG 파트너십,긍정,0.9296844601631165
"르노코리아, 국민대와 미래 모빌리티 인재 양성 '맞손'",2025.05.14.,https://www.yna.co.kr/view/AKR20250514062700003?input=1195m,kookmin_media,,긍정,0.9746503829956056
"르노코리아, 국민대와 '미래 모빌리티 인재 양성' 위한 업무협약",2025.05.14.,https://www.ngetnews.com/news/articleView.html?idxno=526464,kookmin_media,지역사회 ESG 파트너십,긍정,0.8323768973350525
"르노코리아, 국민대와 맞손… ""미래 모빌리티 인재 양성 본격화""",2025.05.14.,http://digitalchosun.dizzo.com/site/data/html_dir/2025/05/14/2025051480062.html,kookmin_media,지역사회 ESG 파트너십,긍정,0.9428750872612
"르노코리아, 국민대와 모빌리티 인재 양성 협약",2025.05.14.,https://www.topdaily.kr/articles/103228,kookmin_media,지역사회 ESG 파트너십,긍정,0.96660578250885
"르노, 국민대학교와 MOU 체결..미래 모빌리티 인재 양성",2025.05.14.,https://www.dailycar.co.kr/content/news.html?type=view&autoId=57155,kookmin_media,,긍정,0.983928918838501
"르노코리아, 국민대학교와 MOU 체결…미래 모빌리티 인재 양성 본격화",2025.05.14.,https://www.lcnews.co.kr/news/articleView.html?idxno=101099,kookmin_media,,긍정,0.9418524503707886
"르노코리아, 국민대와 산학협력강화 협약 체결",2025.05.14.,http://www.finomy.com/news/articleView.html?idxno=228592,kookmin_media,,긍정,0.9330716729164124
"르노코리아, 국민대와 MOU…“실무 중심 산학협력 강화”",2025.05.14.,https://www.mk.co.kr/article/11316469,kookmin_media,,긍정,0.9644408226013184
"르노코리아, 국민대와 미래 車 인재 양성 맞손",2025.05.14.,https://www.dt.co.kr/contents.html?article_no=2025051402109932091002&ref=naver,kookmin_media,지역사회 ESG 파트너십,긍정,0.9617722034454346
"YBM, 국민대와 산학협력 업무협약 체결",2025.05.14.,http://www.veritas-a.com/news/articleView.html?idxno=553494,kookmin_media,지역사회 ESG 파트너십,긍정,0.9787641763687134
"르노코리아-국민대, 미래 모빌리티 인재 양성 MOU 교환",2025.05.14.,https://www.newsworks.co.kr/news/articleView.html?idxno=795666,kookmin_media,지역사회 ESG 파트너십,긍정,0.642015814781189
"YBM-국민대, 산학협력 업무협약 체결",2025.05.14.,https://edu.chosun.com/site/data/html_dir/2025/05/14/2025051480029.html,kookmin_media,지역사회 ESG 파트너십,긍정,0.9710763692855836
"르노코리아, 국민대학교와 MOU…미래 모빌리티 인재 양성",2025.05.14.,https://www.sentv.co.kr/article/view/sentv202505140061,kookmin_media,,긍정,0.8949497938156128
"르노코리아, 국민대와 MOU 체결…""미래 모빌리티 인재 양성""",2025.05.14.,https://view.asiae.co.kr/article/2025051409393267433,kookmin_media,지역사회 ESG 파트너십,긍정,0.9783158302307128
"르노코리아, 국민대와 '미래 모빌리티' 인재 키운다",2025.05.14.,https://www.dailian.co.kr/news/view/1497261/?sc=Naver,kookmin_media,,긍정,0.9826596975326538
"르노코리아, 국민대와 MOU 체결…실무 중심 산학협력 강화",2025.05.14.,https://weekly.hankooki.com/news/articleView.html?idxno=7111970,kookmin_media,지역사회 ESG 파트너십,긍정,0.946541965007782
"르노코리아, 국민대학교와 미래 모빌리티 인재 양성 위한 MOU 체결",2025.05.14.,https://www.cstimes.com/news/articleView.html?idxno=646826,kookmin_media,,긍정,0.960486650466919
"르노코리아-국민대학교, 미래차 인재 양성 맞손…실무형 산학협력 본격...",2025.05.14.,http://mbnmoney.mbn.co.kr/news/view?news_no=MM1005553392,kookmin_media,지역사회 ESG 파트너십,긍정,0.9347326755523682
"르노코리아·국민대, 미래 모빌리티 인재 양성 MOU 체결",2025.05.14.,https://www.newscj.com/news/articleView.html?idxno=3269363,kookmin_media,,긍정,0.9352867007255554
"르노코리아, 국민대와 맞손…모빌리티 인재 양성",2025.05.14.,https://www.etoday.co.kr/news/view/2470183,kookmin_media,지역사회 ESG 파트너십,긍정,0.8804953694343567
"르노코리아, 국민대학교 산학협력 강화...미래 모빌리티 인재 양성 본격...",2025.05.14.,https://www.joongangenews.com/news/articleView.html?idxno=421244,kookmin_media,지역사회 ESG 파트너십,긍정,0.949330508708954
"르노코리아, 국민대와 미래차 인재 키운다…산학협력 체결",2025.05.14.,https://zdnet.co.kr/view/?no=20250514092305,kookmin_media,지역사회 ESG 파트너십,긍정,0.9429957270622252
"르노코리아, 국민대와 협력 강화…모빌리티 인재 키운다",2025.05.14.,https://www.newsis.com/view/NISX20250514_0003174797,kookmin_media,지역사회 ESG 파트너십,긍정,0.9377142786979676
"르노코리아, 국민대학교와 미래 모빌리티 인재 양성 맞손",2025.05.14.,http://www.inews24.com/view/1843957,kookmin_media,지역사회 ESG 파트너십,긍정,0.9735671281814576
"르노코리아, 국민대와 미래모빌리티 위한 MOU… 채용연계형 인턴십 확대",2025.05.14.,https://www.econovill.com/news/articleView.html?idxno=695700,kookmin_media,지역사회 ESG 파트너십,긍정,0.9577202796936036
"르노코리아·국민대, 산학협력 '맞손'…""미래인재 연결 지속확장""",2025.05.14.,https://www.asiatoday.co.kr/view.php?key=20250514010006018,kookmin_media,지역사회 ESG 파트너십,긍정,0.9846119284629822
"르노코리아, 국민대와 산학협력 MOU 체결…실무 역량 인재 육성",2025.05.14.,https://www.newspim.com/news/view/20250514000059,kookmin_media,지역사회 ESG 파트너십,긍정,0.910771906375885
"르노코리아, 국민대와 맞손…모빌리티 인재 육성",2025.05.14.,https://www.news1.kr/industry/auto-industry/5782056,kookmin_media,지역사회 ESG 파트너십,긍정,0.9725381135940552
"르노코리아, 국민대 손잡고 미래 모빌리티 인재 양성",2025.05.14.,https://daily.hankooki.com/news/articleView.html?idxno=1215598,kookmin_media,지역사회 ESG 파트너십,긍정,0.9549341797828674
"르노코리아, 국민대학교와 MOU 체결… ""미래 모빌리티 인재 양성""",2025.05.14.,https://www.hankyung.com/article/202505141241g,kookmin_media,지역사회 ESG 파트너십,긍정,0.9568368792533876
"르노코리아, 국민대와 산학협력 업무협약 체결",2025.05.14.,http://www.smedaily.co.kr/news/articleView.html?idxno=326101,kookmin_media,,긍정,0.9372257590293884
"르노코리아, 국민대와 '미래 인재' 양성 맞손…산학협력 업무협약",2025.05.14.,https://news.tf.co.kr/read/economy/2205390.htm,kookmin_media,지역사회 ESG 파트너십,긍정,0.9625700116157532
"르노코리아, 국민대학교와 맞손…""미래 모빌리티 인재 양성 지원""",2025.05.14.,http://www.paxetv.com/news/articleView.html?idxno=232213,kookmin_media,지역사회 ESG 파트너십,긍정,0.957172155380249
"르노-국민대, 미래 모빌리티 인재 양성 MOU",2025.05.14.,https://www.ziksir.com/news/articleView.html?idxno=90625,kookmin_media,,긍정,0.9718053340911864
"르노코리아, 국민대와 '미래 모빌리티 인재 양성' MOU 체결",2025.05.14.,http://news.mt.co.kr/mtview.php?no=2025051408294225746,kookmin_media,지역사회 ESG 파트너십,긍정,0.9502726793289183
"르노코리아, 국민대학교와 산학협력 MOU…“모빌리티 인재 양성 맞손”",2025.05.14.,https://biz.heraldcorp.com/article/10486710?ref=naver,kookmin_media,,긍정,0.9055153131484984
"르노코리아, 국민대와 손잡고 미래車 인재 양성 속도",2025.05.14.,http://www.edaily.co.kr/news/newspath.asp?newsid=02715846642168920,kookmin_media,,긍정,0.9540018439292908
"르노코리아, 국민대와 산학협력 MOU 체결…실무 인재 조기 발굴",2025.05.14.,https://www.electimes.com/news/articleView.html?idxno=354799,kookmin_media,,긍정,0.9452783465385436
"르노코리아, 국민대와 산학협력 MOU 체결…미래차 인재 양성 본격화",2025.05.14.,https://www.gpkorea.com/news/articleView.html?idxno=128635,kookmin_media,,긍정,0.9300557374954224
"르노코리아, 국민대학교와 MOU 체결..미래 모빌리티 인재 양성 본격화",2025.05.14.,https://www.starnewskorea.com/stview.php?no=2025051408152926987,kookmin_media,지역사회 ESG 파트너십,긍정,0.9348870515823364
"르노코리아, 국민대와 MOU 체결… 미래 인재 양성 본격화",2025.05.14.,http://www.seoulwire.com/news/articleView.html?idxno=651052,kookmin_media,,긍정,0.8987383246421814
"르노코리아, 국민대와 산학협력 강화 맞손",2025.05.14.,https://www.pinpointnews.co.kr/news/articleView.html?idxno=343699,kookmin_media,지역사회 ESG 파트너십,긍정,0.9598438143730164
"국민대, 제2회 도자공예판매전 개최",2025.05.13.,https://www.viva100.com/article/20250513501537,kookmin_media,,긍정,0.9803219437599182
"국민대, 제2회 도자공예판매전 개최…금속공예전공 주얼리 판매전 동시...",2025.05.13.,https://www.onews.tv/news/articleView.html?idxno=244172,kookmin_media,,긍정,0.9769953489303588
국민대학교 '제2회 국민대학교 도자공예판매전' 개최,2025.05.13.,https://edu.donga.com/news/articleView.html?idxno=87544,kookmin_media,,긍정,0.9807906150817872
"국민대 플랫폼SME연구센터디지털상공인연합, ‘정책건의집’ 발간",2025.05.13.,https://www.venturesquare.net/968619,kookmin_media,,긍정,0.9888755083084106
국민대 제2회 도자공예판매전 개최,2025.05.13.,http://www.veritas-a.com/news/articleView.html?idxno=553408,kookmin_media,,긍정,0.9783390760421752
"국민대 플랫폼SME연구센터∙디지털상공인연합, '정책건의집' 발간, AX∙...",2025.05.13.,http://www.smedaily.co.kr/news/articleView.html?idxno=326019,kookmin_media,,긍정,0.9826412796974182
"국민대 금속공예학과, 경동나비엔과 ‘한 번 더 콘덴싱:가치의 재발견’...",2025.05.13.,https://www.munhwa.com/article/11505076?ref=naver,kookmin_media,폐기물 배출,긍정,0.9828249216079712
"국민대 금속공예학과, 경동나비엔과 '한번더 콘덴싱:가치의재발견' 전시",2025.05.13.,https://www.newsfreezone.co.kr/news/articleView.html?idxno=625780,kookmin_media,폐기물 배출,긍정,0.9869869351387024
"국민대 플랫폼SME연구센터-디지털상공인연합, '정책건의집' 발간",2025.05.13.,https://www.epnc.co.kr/news/articleView.html?idxno=316356,kookmin_media,,긍정,0.9812822341918944
"국민대 금속공예학과-경동나비엔, ‘한번더 콘덴싱:가치의재발견’ 전...",2025.05.12.,https://www.dt.co.kr/contents.html?article_no=2025051202109954083004&ref=naver,kookmin_media,폐기물 배출,긍정,0.9874217510223388
"국민대 금속공예학과, 경동나비엔과 서울새활용플라자에서 '한번더 콘덴...",2025.05.12.,https://edu.donga.com/news/articleView.html?idxno=87427,kookmin_media,"폐기물 배출,지역사회 ESG 파트너십",긍정,0.9863433837890624
"국민대-한국스카우트 서울북부연맹, 청소년 교육 활성화 MOU",2025.05.12.,https://www.joongang.co.kr/article/25335317,kookmin_media,지역사회 ESG 파트너십,긍정,0.9622994661331176
"국민대, 김미소 알프스 대표 특강 열어",2025.05.12.,https://edu.donga.com/news/articleView.html?idxno=87401,kookmin_media,,긍정,0.9654718041419984
"국민대 금속공예학과, 경동나비엔과 서울새활용플라자서 '한번더 콘덴싱...",2025.05.12.,http://www.dailysmart.co.kr/news/articleView.html?idxno=107251,kookmin_media,폐기물 배출,긍정,0.9853336215019226
"국민대, 김미소 ㈜알프스 대표 특강 열어",2025.05.12.,https://www.dt.co.kr/contents.html?article_no=2025051202109954083003&ref=naver,kookmin_media,,긍정,0.963616907596588
"국민대-경동나비엔, ‘한번더 콘덴싱 : 가치의재발견’ 전시",2025.05.12.,https://dhnews.co.kr/news/view/1065588557522726,kookmin_media,,긍정,0.9597315788269044
"국민대, '김미소 알프스 대표 목요특강' 열어",2025.05.12.,https://www.newsfreezone.co.kr/news/articleView.html?idxno=625585,kookmin_media,,긍정,0.9687082767486572
"[청년 생존 코드 '기후스펙'] 국민대 김선애 교수 ""청년세대, 기후위기...",2025.05.12.,https://www.ntoday.co.kr/news/articleView.html?idxno=115499,kookmin_media,ESG 비교과 프로그램 개발 및 운영,긍정,0.9701058268547058
"국민대, 김미소 ㈜알프스 대표 특강 실시",2025.05.12.,http://www.dailysmart.co.kr/news/articleView.html?idxno=107232,kookmin_media,,긍정,0.9731711745262146
"국민대, 2025 전공탐색 박람회 성황리 개최…전부·전과 제도 대폭 개선...",2025.05.12.,https://www.dt.co.kr/contents.html?article_no=2025051202109954083001&ref=naver,kookmin_media,,긍정,0.9765573143959044
"대학의 전공 간 제한 장벽 없애다… 국민대, 2025 전공탐색 박람회 성황...",2025.05.11.,https://edu.donga.com/news/articleView.html?idxno=87297,kookmin_media,,긍정,0.9582140445709229
"국민대, 한국스카우트 서울북부연맹과 청소년 교육 활성화를 위한 MOU 체...",2025.05.11.,https://edu.donga.com/news/articleView.html?idxno=87251,kookmin_media,지역사회 ESG 파트너십,긍정,0.9527567625045776
"국민대, 한국스카우트 서울북부연맹과 청소년 교육 활성화 위한 MOU 체결",2025.05.11.,http://www.m-i.kr/news/articleView.html?idxno=1237203,kookmin_media,지역사회 ESG 파트너십,긍정,0.9455727338790894
"국민대, '2025 전공탐색 박람회' 성황리 개최…전부·전과 제도 대폭 개...",2025.05.11.,http://www.m-i.kr/news/articleView.html?idxno=1237180,kookmin_media,,긍정,0.948893666267395
"국민대, 2025 전공탐색 박람회 개최",2025.05.10.,https://www.naeil.com/news/read/547427?ref=naver,kookmin_media,,긍정,0.9811602234840392
"국민대, 한국스카우트 서울북부연맹과 MOU 체결...'청소년 교육 활성화...",2025.05.10.,http://www.newstnt.com/news/articleView.html?idxno=487971,kookmin_media,지역사회 ESG 파트너십,긍정,0.9583724141120912
"국민대, 첫 전공탐색 박람회 열어",2025.05.09.,https://www.newsfreezone.co.kr/news/articleView.html?idxno=625154,kookmin_media,,긍정,0.958015501499176
"국민대, 2025 전공탐색 박람회개최...대학의 전공 간 제한 장벽 없애다",2025.05.09.,http://www.newstnt.com/news/articleView.html?idxno=487678,kookmin_media,,긍정,0.9752750396728516
"국민대, 제1회 2025 전공탐색 박람회 성황리 개최",2025.05.08.,https://www.onews.tv/news/articleView.html?idxno=243634,kookmin_media,,긍정,0.9618074893951416
교수들 나서 '학생 모시기'...국민대 전공탐색 박람회,2025.05.08.,https://news.unn.net/news/articleView.html?idxno=578552,kookmin_media,,긍정,0.8998672962188721
"국민대, ‘세바시’ 구범준 PD 특강 열어",2025.05.08.,https://www.dt.co.kr/contents.html?article_no=2025050802109954783001&ref=naver,kookmin_media,,긍정,0.9865025281906128
"국민대, 세바시 구범준 PD 초청 목요특강 개최",2025.05.07.,https://www.onews.tv/news/articleView.html?idxno=243498,kookmin_media,,긍정,0.9737627506256104
"국민대, '세바시' 구범준 PD 특강 열어",2025.05.07.,http://www.veritas-a.com/news/articleView.html?idxno=552547,kookmin_media,,긍정,0.9844202399253844
"국민대, '세바시' 구범준 PD 특강 개최",2025.05.07.,http://www.m-i.kr/news/articleView.html?idxno=1236048,kookmin_media,,긍정,0.9733201265335084
"국민대, 목요특강 연사로 구범준 PD 초청",2025.05.07.,http://www.dailysmart.co.kr/news/articleView.html?idxno=107038,kookmin_media,,긍정,0.9751861691474916
"""질문 계속 던져야 성장""…구범준 PD, 국민대 특강",2025.05.07.,https://www.newsis.com/view/NISX20250507_0003166580,kookmin_media,,긍정,0.9666935801506042
"국민대, AI스타펠로우십 지원사업 선정",2025.05.07.,https://www.joongang.co.kr/article/25334104,kookmin_media,,긍정,0.98325377702713
"국민대, 장병규 크래프톤 의장 명사 특강 진행",2025.05.06.,http://www.m-i.kr/news/articleView.html?idxno=1235606,kookmin_media,다양성과 형평성 추진체계,긍정,0.9507213234901428
"국민대, '2025년도 AI스타펠로우십 지원사업' 선정",2025.05.06.,https://edu.donga.com/news/articleView.html?idxno=86881,kookmin_media,,긍정,0.980393886566162
"국민대 자동차공학과, 예술·공학 융합 ‘The Drawing’ 전시회",2025.05.04.,https://www.seoul.co.kr/news/society/2025/05/04/20250504500114?wlog_tag3=naver,kookmin_media,,긍정,0.9764789938926696
국민대 ‘2025년도 AI스타펠로우십 지원사업’ 선정,2025.05.04.,https://www.naeil.com/news/read/546928?ref=naver,kookmin_media,,긍정,0.95632004737854
"고려대·KAIST·DGIST·국민대, 'AI스타펠로우십' 컨소시엄 선정",2025.05.03.,https://news.unn.net/news/articleView.html?idxno=578418,kookmin_media,,긍정,0.9488269090652466
"국민대, 제1회 건강지킴이 어린이달 체육대회 개최",2025.05.03.,https://view.asiae.co.kr/article/2025050213290834102,kookmin_media,지역사회 ESG 교육 프로그램,긍정,0.913317859172821
"유한킴벌리-국민대, 변기 물내림 시 비말 확산 확인",2025.05.02.,http://www.lawissue.co.kr/view.php?ud=202505021643483840204ead0791_12,kookmin_media,,긍정,0.8359490036964417
"유한킴벌리-국민대, 변기 물내림 시 비말 확산 최대 92cm 확인",2025.05.02.,https://www.ngetnews.com/news/articleView.html?idxno=525801,kookmin_media,"유해 폐기물관리,에너지 사용 절감 및 체계적 관리",부정,0.9148698449134828
"유한킴벌리, 국민대 연구팀 산학협력... '변기 물내림 시 비말 확산 확인...",2025.05.02.,http://www.newslock.co.kr/news/articleView.html?idxno=108475,kookmin_media,,긍정,0.7439557313919067
국민대 찾아오는 KMU 전공탐색 박람회 참관단 모집.. '8일 오후2시',2025.05.02.,http://www.veritas-a.com/news/articleView.html?idxno=552233,kookmin_media,,긍정,0.788495659828186
국민대 '2025년도 AI스타펠로우십 지원사업' 선정,2025.05.02.,http://www.veritas-a.com/news/articleView.html?idxno=552277,kookmin_media,,긍정,0.9823951125144958
"국민대, 'AI스타펠로우십 지원사업' 선정",2025.05.02.,https://www.newsfreezone.co.kr/news/articleView.html?idxno=624353,kookmin_media,,긍정,0.980987310409546
"국민대, ‘2025년도 AI스타펠로우십 지원사업’ 선정",2025.05.02.,https://dhnews.co.kr/news/view/1065581057794357,kookmin_media,,긍정,0.975109875202179
"유한킴벌리, 국민대 연구팀과 변기 물내림 시 비말 확산 확인.. 최대 92c...",2025.05.02.,https://mdtoday.co.kr/news/view/1065574219377332,kookmin_media,,긍정,0.6295211315155029
"유한킴벌리, 국민대 연구팀과 변기 물내림 시 비말 확산 공동연구",2025.05.02.,http://www.metroseoul.co.kr/article/20250502500062,kookmin_media,,긍정,0.886388897895813
"유한킴벌리-국민대 연구팀, 변기 물내림 시 비말 확산 확인",2025.05.02.,https://www.newsclaim.co.kr/news/articleView.html?idxno=3043955,kookmin_media,,긍정,0.7841046452522278
"국민대 자동차공학과, 예술과 공학 만나는 ‘The Drawing’ 전시회",2025.05.01.,https://www.naeil.com/news/read/546732?ref=naver,kookmin_media,,긍정,0.9744510650634766
"국민대, 산업부 자율주행차 보안 평가 기반 구축사업 선정",2025.06.30.,https://www.onews.tv/news/articleView.html?idxno=249848,kookmin_media,,긍정,0.939016580581665
"국민대 캠퍼스타운, 성북구청·현대백화점 미아점과 3자 MOU 체결",2025.06.30.,http://www.munhaknews.com/news/articleView.html?idxno=80545,kookmin_media,,긍정,0.93133282661438
"국민대, 자율주행차 시스템반도체 보안성 평가 기반 구축사업 선정",2025.06.30.,https://www.newsfreezone.co.kr/news/articleView.html?idxno=633841,kookmin_media,,긍정,0.955527365207672
"국민대, '2025년 산업혁신기반구축 공모사업' 최종 선정",2025.06.30.,https://edu.donga.com/news/articleView.html?idxno=90904,kookmin_media,,긍정,0.95578134059906
"국민대, 자율주행차 시스템반도체 보안성 평가 체계 구축사업 선정",2025.06.30.,http://www.edaily.co.kr/news/newspath.asp?newsid=03781846642206968,kookmin_media,,긍정,0.9192973971366882
"국민대 정보보호연구실, 2025년 한국정보보호학회 하계학술대회 과학기...",2025.06.29.,http://www.dailysmart.co.kr/news/articleView.html?idxno=109514,kookmin_media,,긍정,0.9844945073127748
제 41회 국민대 총장배 전국 아마추어 대학농구대회 개막,2025.06.28.,https://basketkorea.com/news/newsview.php?ncode=1065609734869781,kookmin_media,,긍정,0.9667387008666992
"제41회 국민대 총장배 대학농구대회, 힘찬 출발 알렸다",2025.06.27.,http://www.rookie.co.kr/news/articleView.html?idxno=111243,kookmin_media,,긍정,0.9525601863861084
"국민대 정보보호연구실, 2025년 한국정보보호학회 하계학술대회 최우수...",2025.06.27.,https://dhnews.co.kr/news/view/1065597755643988,kookmin_media,,긍정,0.9116374850273132
국민대 정보보호연구실 2025 한국정보보호학회 하계학술대회 과학기술정...,2025.06.27.,http://www.veritas-a.com/news/articleView.html?idxno=560671,kookmin_media,,긍정,0.9897280335426332
'아마추어 최강 대학생 가린다!' 제41회 국민대 총장배 전국 아마추어 ...,2025.06.27.,http://www.osen.co.kr/article/G1112601301,kookmin_media,,긍정,0.950962245464325
순수 아마추어 대회의 최고봉! 제41회 국민대 총장배 대학농구대회 개막,2025.06.27.,http://www.rookie.co.kr/news/articleView.html?idxno=111218,kookmin_media,,긍정,0.9916248917579652
[기자의 눈] 숙명여대·국민대의 지연된 정의가 민망한 이유,2025.06.26.,https://www.news1.kr/society/incident-accident/5825420,kookmin_media,,부정,0.7841874361038208
‘멤버 yuji’ 김건희 논문 판단은 끝내 생략…국민대 동문들 “부끄럽...,2025.06.25.,https://www.hani.co.kr/arti/society/society_general/1204693.html,kookmin_media,,긍정,0.5805924534797668
"숙대, 김건희 석사 학위 40개월 만에 취소…국민대도 취소 착수",2025.06.25.,https://www.mk.co.kr/article/11352060,kookmin_media,,부정,0.8742133975028992
"바이오협회-국민대 김주은 교수, 산업부 과제 수주",2025.06.25.,http://www.bosa.co.kr/news/articleView.html?idxno=2251716,kookmin_media,,긍정,0.9537869691848756
"숙명여대, 김건희 석사학위 취소…국민대도 박사 취소 착수",2025.06.25.,http://www.mbn.co.kr/pages/news/newsView.php?news_seq_no=5121581,kookmin_media,,부정,0.8762279748916626
국민대-이대 등과 ‘모빌리티 인재’ 양성,2025.06.25.,https://www.donga.com/news/Society/article/all/20250624/131866509/2,kookmin_media,지역사회 ESG 파트너십,긍정,0.9777525067329408
"숙명여대, 김건희 석사학위 취소...국민대도 박사학위 취소 돌입",2025.06.24.,https://www.ytn.co.kr/_ln/0103_202506242252516305,kookmin_media,,부정,0.8032893538475037
3년 넘긴 조사 끝에 김건희 석사학위 취소‥국민대도 박사 취소 착수,2025.06.24.,https://imnews.imbc.com/replay/2025/nwdesk/article/6728800_36799.html,kookmin_media,,부정,0.7837328910827637
"[논평] 1,275일 만에 김건희 석사학위 취소…국민대도 응답해야",2025.06.24.,https://wemakenews.co.kr/news/view.php?no=22029,kookmin_media,,긍정,0.5385873317718506
"둠둠, 양자보안·드론 융합 위해 국민대 정보보안연구소와 MOU",2025.06.24.,http://news.mt.co.kr/mtview.php?no=2025062415585095269,kookmin_media,,긍정,0.9159311056137084
"숙대, 김건희 석사 학위 취소…국민대 박사학위 취소 절차",2025.06.24.,https://news.kbs.co.kr/news/pc/view/view.do?ncd=8286413&ref=A,kookmin_media,,긍정,0.6111770868301392
"한국바이오협회-국민대 김주은 교수, 산업통상자원부 'AI 기반 의약품 전...",2025.06.24.,http://www.biotimes.co.kr/news/articleView.html?idxno=22202,kookmin_media,,긍정,0.9211366176605223
이제서야 김건희 석·박사 학위 취소 나선 국민대·숙명여대···‘정권...,2025.06.24.,https://www.khan.co.kr/article/202506241523001,kookmin_media,,부정,0.8956373333930969
"한국바이오협회-국민대 김주은 교수, 산자부 'AI기반 의약품전주기 기술...",2025.06.24.,http://www.m-i.kr/news/articleView.html?idxno=1252783,kookmin_media,,긍정,0.8671643733978271
"한국바이오협회-국민대 김주은 교수,산자부 ‘AI기반 의약품전주기 기술...",2025.06.24.,https://www.yakup.com/news/index.html?mode=view&cat=12&nid=312281,kookmin_media,,긍정,0.9235727190971376
"국민대, 김건희 여사 박사학위 취소 절차 착수",2025.06.24.,https://biz.chosun.com/topics/topics_social/2025/06/24/57Q2PW75UFDZNFRJ3EZ6QGD66A/?utm_source=naver&utm_medium=original&utm_campaign=biz,kookmin_media,,부정,0.9434510469436646
'표절 논란' 김건희 석사학위 취소…국민대 박사학위도 취소 수순,2025.06.24.,https://www.nocutnews.co.kr/news/6359355?utm_source=naver&utm_medium=article&utm_campaign=20250624122305,kookmin_media,,부정,0.8704138398170471
"[속보] 국민대 ""김건희 여사 박사학위 취소 절차 착수""",2025.06.24.,http://www.todaykorea.co.kr/news/articleView.html?idxno=331101,kookmin_media,,긍정,0.5049960613250732
"[속보]국민대학교 ""김건희 여사 박사학위 취소 절차 착수""",2025.06.24.,http://news.mt.co.kr/mtview.php?no=2025062412003531646,kookmin_media,,부정,0.8399139046669006
"강경숙 의원 “숙대, 김건희 석사학위 공식 취소... 국민대도 박사학위...",2025.06.24.,http://www.breaknews.com/1127322,kookmin_media,,부정,0.5831424593925476
"강경숙 ""'멤버 유지(member Yuji)' 국민대도 박사학위 조속히 박탈해야""",2025.06.24.,https://www.pressian.com/pages/articles/2025062409292005210?utm_source=naver&utm_medium=search,kookmin_media,,부정,0.6817213296890259
"둠둠-국민대, 양자암호 드론 통신 기술 협력",2025.06.23.,https://www.etnews.com/20250623000364,kookmin_media,,긍정,0.9315173625946044
"국민대 임시형 교수 연구팀, 글로벌 선도연구센터에 선정",2025.06.21.,https://www.naeil.com/news/read/551945?ref=naver,kookmin_media,,긍정,0.9883933663368224
"국민대 임시형 교수, 글로벌 선도연구센터 신규과제 선정",2025.06.20.,https://www.joongang.co.kr/article/25345306,kookmin_media,,긍정,0.9835208654403688
"국민대플랫폼SME연구센터-디지털상공인연합, 네트워킹 행사 성료",2025.06.19.,https://www.venturesquare.net/973689,kookmin_media,,긍정,0.9179075360298156
"국민대 임시형 교수 연구팀, 글로벌 선도연구센터(ERC) 신규과제 선정",2025.06.19.,https://www.onews.tv/news/articleView.html?idxno=248593,kookmin_media,,긍정,0.965893805027008
"국민대 임시형 교수 연구팀, 140억 원 규모 ERC 연구센터 선정",2025.06.19.,https://www.viva100.com/article/20250619501495,kookmin_media,,긍정,0.9798173308372498
"국민대 임시형 교수 연구팀, 140억 원 규모 글로벌 선도연구센터 (ERC) 연...",2025.06.19.,https://edu.donga.com/news/articleView.html?idxno=90274,kookmin_media,,긍정,0.9755160808563232
"국민대, '글로벌 선도연구센터' 신규과제 최종 선정",2025.06.19.,https://www.newsis.com/view/NISX20250619_0003219960,kookmin_media,,긍정,0.9479367733001708
국민대 임시형 교수 연구팀 140억원 규모 글로벌 선도연구센터 (ERC) 연구...,2025.06.19.,http://www.veritas-a.com/news/articleView.html?idxno=559422,kookmin_media,,긍정,0.9721698760986328
"임시형 국민대 기계공학부 교수 연구팀, 140억원 규모 글로벌 선도연구...",2025.06.19.,http://www.dailysmart.co.kr/news/articleView.html?idxno=109099,kookmin_media,,긍정,0.9793615937232972
"국민대 임시형 교수 연구팀, ‘글로벌 선도연구센터(ERC)’ 신규과제 최...",2025.06.19.,https://dhnews.co.kr/news/view/1065593335815607,kookmin_media,,긍정,0.9621930718421936
"국민대, 첨단산업 특성화대학 재정지원사업 선정",2025.06.19.,https://www.dt.co.kr/contents.html?article_no=2025061902109954083001&ref=naver,kookmin_media,,긍정,0.9880412817001344
"국민대, 교육부 첨단산업특성화대 바이오분야 선정",2025.06.18.,http://www.edaily.co.kr/news/newspath.asp?newsid=03867126642203032,kookmin_media,,긍정,0.984150767326355
"국민대, 교육부 주관 '첨단산업 특성화대학 재정지원사업' 선정",2025.06.18.,https://www.newsis.com/view/NISX20250618_0003217937,kookmin_media,,긍정,0.9728283286094666
"국민대, ‘첨단산업 특성화대학 재정지원사업’ 선정",2025.06.18.,https://dhnews.co.kr/news/view/1065581224497233,kookmin_media,,긍정,0.9775182604789734
"국민대-한국엔젤투자협회, 창업 교육과정 개발·운영 MOU",2025.06.17.,https://www.joongang.co.kr/article/25344407,kookmin_media,지역사회 ESG 파트너십,긍정,0.9416155219078064
"국민대, 대학과 주민이 함께 지역문제 해결… 지역사회 정책제안 성과공...",2025.06.17.,https://www.sedaily.com/NewsView/2GU3XTHZA5,kookmin_media,,긍정,0.9197276830673218
"국민대 장영민 교수, AI 기반 고속 장거리 OCC 국제표준 출판",2025.06.17.,https://www.newsis.com/view/NISX20250617_0003215947,kookmin_media,,긍정,0.922255277633667
"국민대, 차세대통신사업단 `2025 다학제간캡스톤디자인(차세대통신) 어...",2025.06.17.,https://www.dt.co.kr/contents.html?article_no=2025061702109954063001&ref=naver,kookmin_media,,긍정,0.9159973859786988
"장영민 국민대 교수 연구팀, 차세대 광무선통신 기술 선도할 AI 기반 고...",2025.06.17.,https://www.dt.co.kr/contents.html?article_no=2025061702109954083001&ref=naver,kookmin_media,,긍정,0.9685803651809692
"장영민 국민대 교수 연구팀, AI 기반 고속 장거리 OCC 국제표준 승인",2025.06.17.,https://www.newsfreezone.co.kr/news/articleView.html?idxno=631568,kookmin_media,,긍정,0.9833959341049194
"국민대 전자공학부 장영민 교수 연구팀, 차세대 광무선통신 기술 선도할...",2025.06.17.,http://www.newstnt.com/news/articleView.html?idxno=500223,kookmin_media,,긍정,0.968031108379364
"국민대 장영민 교수 연구팀, AI 기반 고속 장거리 ‘OCC’ 국제표준 출판",2025.06.17.,https://dhnews.co.kr/news/view/1065574624091923,kookmin_media,,긍정,0.9468599557876588
"숙대, '김건희 학위 취소' 학칙 개정 마무리 … 국민대 ""석사 취소 시 행...",2025.06.17.,http://www.queen.co.kr/news/articleView.html?idxno=436103,kookmin_media,,긍정,0.5286070108413696
"강경숙 의원 & 범학계 국민검증단 “김건희, 숙대 석사학위-국민대 박사...",2025.06.17.,http://www.breaknews.com/1125319,kookmin_media,,부정,0.90193772315979
"숙대, '김건희 석사 취소' 학칙 개정...국민대 ""석사 취소되면 박사도 절...",2025.06.17.,https://www.ytn.co.kr/_ln/0103_202506170428050965,kookmin_media,,긍정,0.7076187133789062
"국민대, 차세대통신사업단 「2025 다학제간캡스톤디자인(차세대통신) 어...",2025.06.16.,http://www.kyosu.net/news/articleView.html?idxno=137153,kookmin_media,,긍정,0.8452485799789429
"[단독] 석사 취소 움직임에 국민대 ""'박사 취소' 법률 검토 완료""",2025.06.16.,https://imnews.imbc.com/replay/2025/nwdesk/article/6726128_36799.html,kookmin_media,,부정,0.8409531116485596
"숙대, '김건희 학위 취소' 학칙 개정…국민대도 박사 취소 수순(종합)",2025.06.16.,https://www.news1.kr/society/incident-accident/5815654,kookmin_media,,부정,0.554524838924408
"숙대, '김건희 석사 취소' 학칙개정…국민대 ""박사도 취소 방침""(종합)",2025.06.16.,https://www.newsis.com/view/NISX20250616_0003215304,kookmin_media,,긍정,0.7390545606613159
"국민대학교, 차세대통신사업단 2025 다학제간캡스톤디자인(차세대통신)...",2025.06.16.,https://edu.donga.com/news/articleView.html?idxno=90020,kookmin_media,,긍정,0.9223806858062744
‘운세 콘텐츠’로 박사된 김건희 여사…숙대 이어 국민대도 학위 취소...,2025.06.16.,https://www.mk.co.kr/article/11344247,kookmin_media,,부정,0.691780149936676
국민대 차세대통신사업단 '2025 다학제간캡스톤디자인(차세대통신) 어워...,2025.06.16.,http://www.veritas-a.com/news/articleView.html?idxno=558741,kookmin_media,,긍정,0.9069068431854248
숙대 '김여사 석사 취소' 학칙 개정…국민대도 박사 취소 가닥,2025.06.16.,https://www.ajunews.com/view/20250616173619185,kookmin_media,,부정,0.5704925060272217
"김건희 학위 취소되나…국민대 ""석사 취소면 박사도 무효""",2025.06.16.,https://www.nocutnews.co.kr/news/6355596?utm_source=naver&utm_medium=article&utm_campaign=20250616053731,kookmin_media,,긍정,0.5322110652923584
"국민대 차세대통신사업단, '2025 차세대통신 어워드' 개최",2025.06.16.,http://www.m-i.kr/news/articleView.html?idxno=1249653,kookmin_media,,긍정,0.8949226140975952
"국민대 ""김건희 박사학위 취소 방침""",2025.06.16.,https://imnews.imbc.com/replay/2025/nw1400/article/6726015_36776.html,kookmin_media,,부정,0.5015290379524231
"국민대학교, 차세대통신사업단 '2025 다학제간캡스톤디자인(차세대통신...",2025.06.16.,http://www.newstnt.com/news/articleView.html?idxno=499931,kookmin_media,,긍정,0.8956066370010376
"국민대, 김건희 박사학위 취소 방침...숙명여대도 석사 취소 학칙 개정",2025.06.16.,https://www.goodmorningcc.com/news/articleView.html?idxno=423727,kookmin_media,,부정,0.6769095063209534
"국민대, 차세대통신사업단 '2025 다학제간캡스톤디자인어워드' 개최",2025.06.16.,https://www.hankookilbo.com/News/Read/A2025061614570002048?did=NA,kookmin_media,,긍정,0.9129039645195008
김건희 숙대 석사학위 사실상 취소…“국민대 박사학위도 즉각 박탈해야...,2025.06.16.,https://wemakenews.co.kr/news/view.php?no=21951,kookmin_media,,부정,0.7947391271591187
"[영상] “김건희 석사 박탈, 'Yuji' 국민대 보고있나?” 조국당 강경숙의...",2025.06.16.,http://facttv.kr/facttvnews/detail.php?number=41960&thread=21r02,kookmin_media,,긍정,0.5886136293411255
"김건희 석사 학위 취소 길 열렸다…숙명여대 학칙 개정 완료, 국민대도...",2025.06.16.,https://www.topstarnews.net/news/articleView.html?idxno=15698700,kookmin_media,,부정,0.702639102935791
"국민대 차세대통신사업단, '다학제간캡스톤디자인 어워드' 개최",2025.06.16.,https://www.newsis.com/view/NISX20250616_0003214638,kookmin_media,,긍정,0.8530484437942505
"[단독] 국민대 ""김건희 박사학위 취소 방침""‥숙명여대, 석사 취소 학칙...",2025.06.16.,https://imnews.imbc.com/news/2025/society/article/6725976_36718.html,kookmin_media,,부정,0.701276957988739
"국민대, ‘2025 다학제간캡스톤디자인(차세대통신) 어워드’ 개최",2025.06.16.,https://dhnews.co.kr/news/view/1065588480153705,kookmin_media,,긍정,0.9090612530708312
"김건희 여사 숙대 석사학위 공식 취소…강경숙 의원 ""국민대 박사학위도...",2025.06.16.,https://news.unn.net/news/articleView.html?idxno=580057,kookmin_media,,긍정,0.6548736691474915
"국민대 차세대통신사업단, '2025 다학제간캡스톤디자인(차세대통신) 어...",2025.06.16.,http://www.dailysmart.co.kr/news/articleView.html?idxno=108861,kookmin_media,,긍정,0.9052197337150574
"김건희 숙대 석사학위 취소…혁신당 ""국민대도 박사학위 즉각 박탈""",2025.06.16.,https://view.asiae.co.kr/article/2025061613174488179,kookmin_media,,부정,0.8369078636169434
"강경숙·범학계검증단 “국민대, 김건희 학위 즉각 박탈해야”",2025.06.16.,https://www.m-economynews.com/news/article.html?no=55796,kookmin_media,,부정,0.915763020515442
"국민대, 린 스타트업-디지털마케팅 융합 수업 성료",2025.06.16.,http://news.mt.co.kr/mtview.php?no=2025061611475440345,kookmin_media,,긍정,0.9902424216270448
"""숙명여대 '김건희 석사학위' 취소…국민대 박사학위 박탈은 언제?",2025.06.16.,https://www.pressian.com/pages/articles/2025061612070442341?utm_source=naver&utm_medium=search,kookmin_media,,부정,0.6525944471359253
국민대 김건희 박사학위 박탈하라,2025.06.16.,https://vop.co.kr/A00001672994.html,kookmin_media,,부정,0.9027891755104064
"김건희 석사학위 박탈 확정, 국민대 박사학위 자동박탈 촉구 기자회견",2025.06.16.,https://www.newsis.com/view/NISI20250616_0020852678,kookmin_media,,긍정,0.6439547538757324
"국민대 소프트웨어융합대학, 2025 KMUCS EXPO 개최",2025.06.16.,https://www.dt.co.kr/contents.html?article_no=2025061602109954060001&ref=naver,kookmin_media,,긍정,0.974173367023468
"국민대, 한국엔젤투자협회와 업무협약",2025.06.15.,https://www.naeil.com/news/read/551211?ref=naver,kookmin_media,지역사회 ESG 파트너십,긍정,0.954812467098236
“이게 국민대식 공부법?”…교수가 공부 메이트 되는 시대,2025.06.15.,https://www.naeil.com/news/read/551199?ref=naver,kookmin_media,,긍정,0.908697545528412
이게 국민대식 공부법? 교수님이 공부 메이트로!,2025.06.15.,https://edu.donga.com/news/articleView.html?idxno=89943,kookmin_media,ESG 운영위원회의 다양성,긍정,0.9276771545410156
국민대 소프트웨어융합대학 ‘KMUCS EXPO’ 개최,2025.06.15.,https://www.naeil.com/news/read/551198?ref=naver,kookmin_media,,긍정,0.9622706770896912
"국민대, 한국엔젤투자협회와 손 잡았다",2025.06.15.,https://edu.donga.com/news/articleView.html?idxno=89906,kookmin_media,지역사회 ESG 파트너십,긍정,0.9462392926216124
"국민대, '교수님과 함께하는 Study with Me' 영상 공개",2025.06.15.,http://www.m-i.kr/news/articleView.html?idxno=1249162,kookmin_media,,긍정,0.9715694189071656
"국민대, 한국엔젤투자협회와 창업 교육과정 공동 개발·운영 위한 MOU 체...",2025.06.15.,http://www.dailysmart.co.kr/news/articleView.html?idxno=108818,kookmin_media,지역사회 ESG 파트너십,긍정,0.9492866396903992
"국민대, 한국엔젤투자협회와 MOU 체결... '창업 교육과정 공동 개발 및 ...",2025.06.14.,http://www.newstnt.com/news/articleView.html?idxno=499421,kookmin_media,지역사회 ESG 파트너십,긍정,0.9229990839958192
"[교육 & NOW] 국민대-한국엔젤투자협회, 창업교육 맞손 등",2025.06.13.,https://www.ebn.co.kr/news/articleView.html?idxno=1666379,kookmin_media,지역사회 ESG 파트너십,긍정,0.9646084308624268
국민대 정승렬 총장 성북구 '천원의 아침밥' 시행 2주년 기념 아침 배식...,2025.06.13.,http://www.veritas-a.com/news/articleView.html?idxno=558558,kookmin_media,,긍정,0.9465972185134888
국민대 한국엔젤투자협회와 창업 교육과정 공동 개발/운영 위한 MOU 체결,2025.06.13.,http://www.veritas-a.com/news/articleView.html?idxno=558555,kookmin_media,지역사회 ESG 파트너십,긍정,0.957387387752533
"국민대, 한국엔젤투자협회와 MOU 체결...'창업 교육과정 공동 개발 및 운...",2025.06.13.,http://www.newstnt.com/news/articleView.html?idxno=499286,kookmin_media,지역사회 ESG 파트너십,긍정,0.92912358045578
국민대 정승렬 총장 아침 배식 통해 학생과 소통 강화,2025.06.13.,http://www.veritas-a.com/news/articleView.html?idxno=558535,kookmin_media,,긍정,0.9391207695007324
"국민대, 한국엔젤투자협회와 창업 교육과정 공동 개발 및 운영 위한 MOU",2025.06.13.,https://www.onews.tv/news/articleView.html?idxno=247876,kookmin_media,지역사회 ESG 파트너십,긍정,0.9720972180366516
"국민대, 새롭게 시도한 '린스타트업-디지털마케팅융합수업' 호응",2025.06.13.,https://www.news1.kr/industry/general-industry/5813271,kookmin_media,,긍정,0.97787207365036
"국민대-한국엔젤투자협회, 창업 교육과정 MOU 체결",2025.06.13.,https://www.newsis.com/view/NISX20250613_0003212637,kookmin_media,,긍정,0.9445258378982544
"국민대, 한국엔젤투자협회와 창업 교육과정 공동 개발·운영 MOU 체결",2025.06.13.,https://www.hankookilbo.com/News/Read/A2025061315530000509?did=NA,kookmin_media,지역사회 ESG 파트너십,긍정,0.9562508463859558
"국민대, 한국엔젤투자협회와 MOU",2025.06.13.,https://dhnews.co.kr/news/view/1065595585088674,kookmin_media,지역사회 ESG 파트너십,긍정,0.9173523783683776
"""이게 국민대식 공부법?""…교수님이 공부 메이트 되는 시대",2025.06.13.,https://news.unn.net/news/articleView.html?idxno=579979,kookmin_media,,긍정,0.9249946475028992
"국민대, 교수 'Study with Me' 영상 공개…학습의욕 독려",2025.06.13.,https://www.newsis.com/view/NISX20250613_0003211647,kookmin_media,,긍정,0.9483494758605956
"[대학가 오늘] 국민대, ‘KMUCS EXPO’ 성료…“SW·AI 졸업 프로젝트부...",2025.06.12.,http://www.metroseoul.co.kr/article/20250612500473,kookmin_media,,긍정,0.922615647315979
"국민대 소프트웨어융합대학, '2025 KMUCS EXPO' 개최",2025.06.12.,https://www.newsis.com/view/NISX20250612_0003211046,kookmin_media,,긍정,0.9351764917373656
"국민대 창업보육센터, 한컨설팅그룹과 ESGㆍ지속가능경영 협력 위한 MOU...",2025.06.12.,http://www.fnnews.com/news/202506121427093282,kookmin_media,"지역사회 ESG 파트너십,지역사회 ESG 교육 프로그램,ESG 위원회 조직",긍정,0.98101407289505
"국민대 대학일자리플러스센터, 서울권역 대학들과 '대플과 함께하는 서...",2025.06.11.,http://www.dailysmart.co.kr/news/articleView.html?idxno=108669,kookmin_media,,긍정,0.8506161570549011
제17회 국민대학교 건축대학 트리엔날레 개최,2025.06.11.,https://vmspace.com/news/news_view.html?base_seq=MzQyMA==,kookmin_media,,긍정,0.981647491455078
"국민대, ‘대플과 함께하는 서울 취업 RUN’ 행사 공동 개최",2025.06.11.,https://dhnews.co.kr/news/view/1065593440419821,kookmin_media,,긍정,0.8504318594932556
"국민대 황기철 석좌교수, ""안중근 의사 유해 발굴 위해 일본 정부 협력...",2025.06.11.,https://www.dailysecu.com/news/articleView.html?idxno=166848,kookmin_media,,긍정,0.8472167253494263
"국민대 류승민 동문, 최강현 학생 차량 속도 제어기 설계 연구로 SCI급 ...",2025.06.11.,https://edu.donga.com/news/articleView.html?idxno=89671,kookmin_media,,긍정,0.9415442943572998
"국민대 전자공학과 류승민 동문과 최강현 학생, 차량 속도 제어기 설계...",2025.06.11.,http://www.newstnt.com/news/articleView.html?idxno=497902,kookmin_media,,긍정,0.8958560824394226
국민대 차량 속도 제어기 설계 연구로 SCI급 국제학술지 논문 게재,2025.06.11.,https://www.dt.co.kr/contents.html?article_no=2025061102109954083001&ref=naver,kookmin_media,,긍정,0.9301989078521729
"국민대 류승민 동문·최강현 학생, SCI급 국제학술지 논문 게재",2025.06.11.,http://www.m-i.kr/news/articleView.html?idxno=1247783,kookmin_media,ESG 운영위원회의 다양성,긍정,0.9355233907699584
"류승민 국민대 동문·최강현 학생, 차량 속도 제어기 설계 연구로 SCI급...",2025.06.10.,http://www.dailysmart.co.kr/news/articleView.html?idxno=108613,kookmin_media,,긍정,0.9245229363441468
"국민대 류승민·최강현 학생, SCI급 국제학술지에 논문 게재",2025.06.10.,https://www.newsis.com/view/NISX20250610_0003207876,kookmin_media,,긍정,0.9095793962478638
"국민대 류승민 동문, 최강현 학생 차량 속도 제어기 설계 연구로 SCI급...",2025.06.10.,http://www.veritas-a.com/news/articleView.html?idxno=557885,kookmin_media,,긍정,0.9132865071296692
"홍승현 국민대 교수팀, 네트워크형 친수성 고분자 적층 아연 음극 개발",2025.06.09.,http://www.m-i.kr/news/articleView.html?idxno=1247008,kookmin_media,"에너지 사용 절감 및 체계적 관리,청정 재생에너지",긍정,0.9721981883049012
"'영국 안 가고 영국 박사 땄다?' 가짜 학위로 국민대 교수된 50대 여성,...",2025.06.08.,https://news.tf.co.kr/read/video/2212620.htm,kookmin_media,,부정,0.8447359204292297
"가짜 영국 명문대 학위로 임용된 국민대 조교수, 결국 징역형 [사사건건...",2025.06.07.,http://www.segye.com/newsView/20250606508825?OutUrl=naver,kookmin_media,,부정,0.8527423143386841
국민대 ‘2025 글로벌공생 연합 학술제’ 개최,2025.06.06.,https://www.naeil.com/news/read/550354?ref=naver,kookmin_media,,긍정,0.9299318194389344
"홍승현 국민대 전자화학재료전공 교수 연구팀, 네트워크형 친수성 고분...",2025.06.05.,http://www.dailysmart.co.kr/news/articleView.html?idxno=108459,kookmin_media,"에너지 사용 절감 및 체계적 관리,ESG 운영위원회의 다양성",긍정,0.977865993976593
"국민대 전자화학재료전공 홍승현 교수팀, 네트워크형 친수성 고분자 적...",2025.06.05.,http://www.newstnt.com/news/articleView.html?idxno=496494,kookmin_media,"에너지 사용 절감 및 체계적 관리,청정 재생에너지",긍정,0.982479691505432
"국민대, 네트워크형 친수성 고분자 적층 아연 음극 개발",2025.06.05.,https://www.newsis.com/view/NISX20250605_0003203368,kookmin_media,,긍정,0.96475350856781
"국민대 HUSS 글로벌공생사업단, '글로벌공생 연합 학술제' 열어",2025.06.05.,https://www.newsfreezone.co.kr/news/articleView.html?idxno=629953,kookmin_media,,긍정,0.9594465494155884
"국민대 HUSS 글로벌공생사업단, '2025 글로벌공생 연합 학술제' 개최",2025.06.04.,http://www.newstnt.com/news/articleView.html?idxno=496090,kookmin_media,,긍정,0.986990749835968
"[에듀플러스]국민대 HUSS 글로벌공생사업단, '2025 글로벌공생 연합 학술...",2025.06.04.,https://www.etnews.com/20250604000475,kookmin_media,,긍정,0.983991265296936
"국민대 HUSS 글로벌공생사업단, ‘2025 글로벌공생 연합 학술제’ 개최",2025.06.04.,https://dhnews.co.kr/news/view/1065601455625791,kookmin_media,,긍정,0.9745950102806092
"국민대 HUSS 글로벌공생사업단, '2025 글로벌공생 연합 학술제' 성료",2025.06.04.,http://www.m-i.kr/news/articleView.html?idxno=1246176,kookmin_media,,긍정,0.9653787016868592
"국민대 HUSS 글로벌공생사업단, 2025 글로벌공생 연합 학술제 개최",2025.06.04.,http://www.dailysmart.co.kr/news/articleView.html?idxno=108393,kookmin_media,,긍정,0.9881210327148438
"국민대 HUSS 글로벌공생사업단, '2025 글로벌공생 연합 학술제' 개최…...",2025.06.04.,http://www.veritas-a.com/news/articleView.html?idxno=557039,kookmin_media,,긍정,0.9795961380004884
"국민대 산학협력단, '공공연구기관 IP 창출ㆍ활용 우수기관' 선정",2025.06.02.,https://www.etnews.com/20250602000345,kookmin_media,,긍정,0.9557591080665588
"국민대 산학협력단, 특허청 ‘공공연구기관 IP 창출ㆍ활용 우수기관’ ...",2025.06.02.,https://biz.heraldcorp.com/article/10501132?ref=naver,kookmin_media,,긍정,0.933769166469574
"국민대 이옥연 교수가 말하는 ""양자와 보안, 수학과 암호, 산업과 교육...",2025.06.02.,https://www.aitimes.kr/news/articleView.html?idxno=35131,kookmin_media,,긍정,0.9675109386444092
"국민대 자작자동차 동아리 KORA, 첫 세계대회 출전",2025.06.01.,https://edu.donga.com/news/articleView.html?idxno=89031,kookmin_media,,긍정,0.9042511582374572
원영희 前 YWCA 회장 국민대 목요특강 초청 강연,2025.06.01.,https://edu.donga.com/news/articleView.html?idxno=89016,kookmin_media,,긍정,0.9863978028297424
"동국대·국민대, 차세대 전고체 배터리 앞당길 전해질 개발",2025.07.30.,http://www.edaily.co.kr/news/newspath.asp?newsid=04329606642239768,kookmin_media,,긍정,0.984455704689026
"국민대, 'KMU-빅뱅 캠퍼스타운 벤처투자조합' 결성 추진",2025.07.30.,http://www.dailysmart.co.kr/news/articleView.html?idxno=111140,kookmin_media,,긍정,0.9588805437088012
"동국대-국민대 공동연구팀, 차세대 리튬 전지용 '야누스 구조' 전고체 전...",2025.07.29.,https://www.pinpointnews.co.kr/news/articleView.html?idxno=364017,kookmin_media,,긍정,0.9773183465003968
"[대학가 오늘] 국민대, 36억 규모 ‘KMU-빅뱅 캠퍼스타운 벤처투자조합...",2025.07.29.,http://www.metroseoul.co.kr/article/20250729500450,kookmin_media,,긍정,0.9444366097450256
"동국대·국민대 연구팀, 양극·음극 친화 전고체 전해질 개발",2025.07.29.,https://www.seoulfn.com/news/articleView.html?idxno=602352,kookmin_media,,긍정,0.9804046750068665
"동국대·국민대 공동연구팀, 차세대 리튬 전지용 양쪽 전극 친화형 야누...",2025.07.29.,https://edu.donga.com/news/articleView.html?idxno=92667,kookmin_media,,긍정,0.9781703352928162
"동국대·국민대, '양쪽 전극 친화형 야누스 구조' 전고체 전해질 개발",2025.07.29.,https://www.newsis.com/view/NISX20250729_0003270907,kookmin_media,,긍정,0.9874179363250732
"동국대·국민대 공동연구팀, 야누스 구조 폴리머 고체 전해질 개발",2025.07.29.,http://www.m-i.kr/news/articleView.html?idxno=1265464,kookmin_media,,긍정,0.9893504977226256
"동국대·국민대 공동연구팀, ‘양쪽 전극 친화형 야누스 구조’ 전고체...",2025.07.29.,https://dhnews.co.kr/news/view/1065591614192857,kookmin_media,,긍정,0.9723911285400392
"동국대·국민대 공동연구팀, 복합 폴리머 고체 전해질 개발",2025.07.29.,https://www.newsfreezone.co.kr/news/articleView.html?idxno=638801,kookmin_media,,긍정,0.98626708984375
"동국대·국민대 공동연구팀, '야누스 구조' 폴리머 고체 전해질 개발",2025.07.29.,https://www.kfenews.co.kr/news/articleView.html?idxno=643146,kookmin_media,,긍정,0.9922766089439392
"﻿동국대/국민대 공동연구팀, 차세대 리튬 전지용 양쪽 전극 친화형 야...",2025.07.29.,http://www.veritas-a.com/news/articleView.html?idxno=565402,kookmin_media,,긍정,0.9711118340492249
"동국대·국민대 공동연구팀, '양쪽 전극 친화형 야누스 구조' 기반 복합...",2025.07.29.,http://www.popcornnews.net/news/articleView.html?idxno=88438,kookmin_media,,긍정,0.9897609353065492
"동국대-국민대 연구팀, 차세대 배터리 기술 혁신, '양극·음극 친화형' ...",2025.07.29.,http://www.enewstoday.co.kr/news/articleView.html?idxno=2309560,kookmin_media,,긍정,0.9857739210128784
"성북구-국민대, '2025 점점 자기주도학습캠프' 성료…디지털 리터러시 ...",2025.07.29.,https://www.job-post.co.kr/news/articleView.html?idxno=165108,kookmin_media,,긍정,0.9866361021995544
"국민대, 지역혁신 창업생태계 조성위해 빅뱅벤처스와 손잡아",2025.07.29.,https://edu.donga.com/news/articleView.html?idxno=92621,kookmin_media,,긍정,0.9450326561927797
"성북구-국민대, AI시대 준비 ‘점점 자기주도학습캠프’ 성료",2025.07.29.,https://weekly.cnbnews.com/news/article.html?no=184708,kookmin_media,,긍정,0.9796299934387208
국민대 이예성 학생 ‘서울국제무용콩쿠르’에서 1위 수상,2025.07.27.,https://www.naeil.com/news/read/556047?ref=naver,kookmin_media,,긍정,0.9791231155395508
국민대 기후변화대응사업단 '기후 어벤저스 2025 : UNEP 케냐' 성료,2025.07.25.,http://www.veritas-a.com/news/articleView.html?idxno=564955,kookmin_media,,긍정,0.982055127620697
"국민대, '기후 어벤저스 2025 : UNEP 케냐' 성료…""기후해법 모색""",2025.07.25.,https://www.newsis.com/view/NISX20250725_0003266915,kookmin_media,,긍정,0.9562397003173828
"국민대 기후변화대응사업단, '기후 어벤저스 2025 : UNEP 케냐' 성황리 ...",2025.07.25.,http://www.dailysmart.co.kr/news/articleView.html?idxno=111008,kookmin_media,,긍정,0.9908627271652222
"국민대 HUSS 글로벌공생사업단, '글로벌공생 포스터 발표회' 성료",2025.07.25.,https://www.newsis.com/view/NISX20250725_0003266258,kookmin_media,,긍정,0.942922592163086
"국민대 HUSS 글로벌공생사업단, '2025 글로벌공생 포스터 발표회' 성황리...",2025.07.25.,http://www.dailysmart.co.kr/news/articleView.html?idxno=110985,kookmin_media,,긍정,0.9841119647026062
"국민대 HUSS 글로벌공생사업단, 2025 글로벌공생 포스터 발표회",2025.07.25.,https://dhnews.co.kr/news/view/1065573673598672,kookmin_media,,긍정,0.9548162817955016
"국민대 HUSS 글로벌공생사업단, '2025 글로벌공생 포스터 발표회' 성료...",2025.07.25.,http://www.veritas-a.com/news/articleView.html?idxno=564829,kookmin_media,,긍정,0.9833874702453612
"국민대 무용전공 이예성 학생, 아시아 최대 국제무용콩쿠르 ‘서울국제...",2025.07.24.,https://www.dt.co.kr/article/12006685?ref=naver,kookmin_media,,긍정,0.9789057970046996
"국민대 이예성, 아시아 최대 서울국제무용콩쿠르 1위",2025.07.24.,https://www.munhwa.com/article/11521297?ref=naver,kookmin_media,,긍정,0.9730449914932252
"닥터에이, 국민대 평생교육원 건강미용경영계열·뇌과학뉴로피드백협회...",2025.07.24.,http://www.segye.com/newsView/20250724506925?OutUrl=naver,kookmin_media,,긍정,0.98310387134552
"국민대 이예성 학생, 서울국제무용콩쿠르 1위",2025.07.24.,https://www.joongang.co.kr/article/25353915,kookmin_media,,긍정,0.9806995987892152
"국민대 학생, 아시아 최대 국제무용콩쿠르 1위",2025.07.24.,https://www.news1.kr/society/education/5856870,kookmin_media,,긍정,0.9621802568435668
"국민대 이예성, 아시아 최대 국제무용콩쿠르 '서울국제무용콩쿠르'에서...",2025.07.23.,https://edu.donga.com/news/articleView.html?idxno=92304,kookmin_media,,긍정,0.9786835312843324
"이예성 국민대 학생, 서울국제무용콩쿠르서 1위 수상",2025.07.23.,http://www.m-i.kr/news/articleView.html?idxno=1263323,kookmin_media,,긍정,0.9825584888458252
"이예성 국민대 무용전공, '서울국제무용콩쿠르'서 1위",2025.07.23.,https://www.newsfreezone.co.kr/news/articleView.html?idxno=637733,kookmin_media,,긍정,0.9762440323829652
"국민대 이예성, '서울국제무용콩쿠르' 1위…""한국 무용 차세대 인재""",2025.07.23.,https://www.newsis.com/view/NISX20250723_0003263345,kookmin_media,,긍정,0.9766607880592346
"국민대 이예성 학생, 아시아 최대 국제무용콩쿠르 ‘서울국제무용콩쿠...",2025.07.23.,https://dhnews.co.kr/news/view/1065581921229510,kookmin_media,,긍정,0.9771018624305724
국민대 무용전공 이예성 학생 아시아 최대 국제무용콩쿠르 '서울국제무...,2025.07.23.,http://www.veritas-a.com/news/articleView.html?idxno=564357,kookmin_media,,긍정,0.9614651799201964
"국민대학교 이예성 학생, 서울국제무용콩쿠르 컨템포러리 男 시니어 1위...",2025.07.23.,http://www.newstnt.com/news/articleView.html?idxno=513785,kookmin_media,,긍정,0.988396167755127
"이예성 국민대 무용전공 학생, 아시아 최대 국제무용콩쿠르 '서울국제무...",2025.07.23.,http://www.dailysmart.co.kr/news/articleView.html?idxno=110870,kookmin_media,,긍정,0.971840798854828
"국민대, BFMC2025서 '신입 참가팀 최고 성적'… SEA:ME 프로그램 성과 입...",2025.07.23.,http://www.veritas-a.com/news/articleView.html?idxno=564320,kookmin_media,,긍정,0.9568694829940796
"국민대, 보쉬 주최 자율주행 경진대회 BFMC서 '최고 신인상' 수상",2025.07.23.,https://www.newsis.com/view/NISX20250723_0003263068,kookmin_media,,긍정,0.9479867815971376
"국민대 기후변화대응사업단, '유라시아 기후 어벤저스 2025 조지아/우즈...",2025.07.23.,http://www.veritas-a.com/news/articleView.html?idxno=564311,kookmin_media,ESG 비교과 프로그램 개발 및 운영,긍정,0.9860012531280518
"국민대, BFMC2025서 '신입 참가팀 최고 성적'…SEA:ME 프로그램 성과 입증",2025.07.23.,http://www.dailysmart.co.kr/news/articleView.html?idxno=110840,kookmin_media,,긍정,0.9615676999092102
"국민대 기후변화대응사업단, ‘유라시아 기후 어벤저스 2025 조지아‧우...",2025.07.23.,https://dhnews.co.kr/news/view/1065575308819108,kookmin_media,,긍정,0.9687545895576476
"국민대, '동아시아 기후 어벤저스 2025 중국 베이징·내몽고' 진행",2025.07.22.,https://www.newsis.com/view/NISX20250722_0003261949,kookmin_media,ESG 비교과 프로그램 개발 및 운영,긍정,0.9449584484100342
"국민대, 르노코리아 중앙연구소 투어…미래차 인재 양성 ‘시동’",2025.07.22.,https://dhnews.co.kr/news/view/1065581480602754,kookmin_media,,긍정,0.949731707572937
"국민대, 르노코리아 중앙연구소 투어로 미래차 인재 양성 시동",2025.07.22.,http://www.veritas-a.com/news/articleView.html?idxno=564121,kookmin_media,,긍정,0.9798213243484496
"국민대 기후변화대응사업단, '동아시아 기후 어벤저스 2025 중국 베이징...",2025.07.22.,http://www.veritas-a.com/news/articleView.html?idxno=564118,kookmin_media,"ESG 비교과 프로그램 개발 및 운영,ESG 교육과정 및 교수학습 방법",긍정,0.9710956811904908
"국민대, 르노코리아 중앙연구소 투어로 미래차 인재 양성 '박차'",2025.07.22.,http://www.dailysmart.co.kr/news/articleView.html?idxno=110793,kookmin_media,지역사회 ESG 파트너십,긍정,0.9820428490638732
"[속보] 국민대 결국, 김건희 여사 박사 학위 수여 최종 무효 처리",2025.07.21.,https://www.newdaily.co.kr/site/data/html/2025/07/21/2025072100396.html,kookmin_media,,부정,0.9897122383117676
"[속보] 국민대, 김건희 여사 박사학위 무효 최종 처리",2025.07.21.,https://economist.co.kr/article/view/ecn202507210073,kookmin_media,,부정,0.7500935196876526
"[속보] 국민대, 김건희 여사 박사학위 수여 무효 처리",2025.07.21.,https://www.kukinews.com/article/view/kuk202507210183,kookmin_media,,부정,0.8989483714103699
"[속보] 국민대, 김건희 여사 '박사학위 무효' 결정",2025.07.21.,https://www.newscj.com/news/articleView.html?idxno=3296014,kookmin_media,,부정,0.5373739004135132
"[속보] 국민대 ""김건희 '박사학위 수여 무효' 최종 결정""",2025.07.21.,https://www.ytn.co.kr/_ln/0103_202507211632430220,kookmin_media,,긍정,0.7099759578704834
"[속보] 국민대, 김건희 박사학위 무효 처리",2025.07.21.,https://www.ggilbo.com/news/articleView.html?idxno=1102160,kookmin_media,,부정,0.8867880702018738
"[속보] 국민대, 김건희 여사 박사 입학·학위 수여 무효 결정",2025.07.21.,https://www.news1.kr/society/incident-accident/5853559,kookmin_media,,부정,0.7410069704055786
"[속보]국민대학교, 김건희 여사 박사학위 취소",2025.07.21.,http://news.mt.co.kr/mtview.php?no=2025072116274657082,kookmin_media,,부정,0.9121108651161194
"국민대 동아리 KORA, 세계 자작자동차 대회 종합 17위",2025.07.20.,http://www.m-i.kr/news/articleView.html?idxno=1261926,kookmin_media,,긍정,0.9213290810585022
"국민대 자작자동차 동아리 KORA, Formula SAE Electric 종합 17위",2025.07.18.,https://www.joongang.co.kr/article/25352577,kookmin_media,,긍정,0.9312736988067628
"국민대-KIST-고려대 공동연구팀, 유전자/세포도핑 감지센서 연구관련 SC...",2025.07.18.,http://www.veritas-a.com/news/articleView.html?idxno=563090,kookmin_media,,긍정,0.9866304993629456
"국민대 캠퍼스타운 사업단, 'AWS AI 기반 실전 창업 교육' 성료",2025.07.18.,https://www.asiatime.co.kr/article/20250718500246,kookmin_media,,긍정,0.9871017932891846
"국민대, 아시아-태평양 국제산림학술대회 2025 유치 및 개회식 성료",2025.07.18.,https://www.newsis.com/view/NISX20250718_0003257433,kookmin_media,"ESG 교육과정 및 교수학습 방법,ESG 비교과 프로그램 개발 및 운영",긍정,0.9588053226470948
"국민대, 아시아-태평양 국제산림학술회의 2025 유치 및 개회식 성료",2025.07.18.,https://dhnews.co.kr/news/view/1065584243864375,kookmin_media,,긍정,0.9235751628875732
"국민대 산림환경시스템학과, 아시아-태평양 국제산림학술회의(APRM) 2025 ...",2025.07.18.,http://www.veritas-a.com/news/articleView.html?idxno=563654,kookmin_media,,긍정,0.9648378491401672
"국민대학교 KORA팀, 2025 Formula SAE Electric 대회서 디자인 부문 8위 등...",2025.07.18.,http://www.newstnt.com/news/articleView.html?idxno=512113,kookmin_media,,긍정,0.8826088905334473
"국민대 KORA, 'FSAE' 첫 출전서 전기차 디자인 세계 8위",2025.07.18.,https://www.newsfreezone.co.kr/news/articleView.html?idxno=636877,kookmin_media,,긍정,0.8426255583763123
"국민대 캠퍼스타운, 크루코리아와 글로벌 아기유니콘 육성 위한 MOU",2025.07.18.,https://www.news1.kr/industry/general-industry/5850477,kookmin_media,지역사회 ESG 파트너십,긍정,0.940325915813446
"국민대 손보람 교수 연구팀, 유전자·세포도핑 감지센서 연구관련 SCI 국...",2025.07.18.,https://www.onews.tv/news/articleView.html?idxno=251650,kookmin_media,,긍정,0.9199606776237488
"국민대, 유전자·세포도핑 검출법 연구…SCI 국제학술지 게재",2025.07.18.,http://www.edaily.co.kr/news/newspath.asp?newsid=02338646642235832,kookmin_media,,긍정,0.9546840190887452
"국민대 자작자동차 동아리 KORA, '2025 포뮬러 SAE 일렉트릭' 종합 17위",2025.07.17.,https://www.newsis.com/view/NISX20250717_0003256306,kookmin_media,,긍정,0.950285255908966
"국민대 학생들, 글로벌 전기차부문 자작자동차 대회 17위 기록",2025.07.17.,http://www.edaily.co.kr/news/newspath.asp?newsid=04431286642235504,kookmin_media,,긍정,0.9068241715431212
"국민대 자작자동차 동아리 KORA, 2025 Formula SAE Electric 대회 전기차 ...",2025.07.17.,http://www.dailysmart.co.kr/news/articleView.html?idxno=110588,kookmin_media,캠퍼스 차량,긍정,0.9070664644241332
"국민대 자작자동차 동아리, 2025 Formula SAE Electric 대회 Design 부문 8...",2025.07.17.,https://edu.donga.com/news/articleView.html?idxno=91992,kookmin_media,,긍정,0.8871265053749084
"국민대, '2025 호주 글로벌 리소스 코디네이터 프로그램' 성료",2025.07.16.,https://news.unn.net/news/articleView.html?idxno=581404,kookmin_media,,긍정,0.966425597667694
"국민대 HUSS 글로벌공생사업단, ‘2025 호주 글로벌 리소스 코디네이터...",2025.07.16.,https://dhnews.co.kr/news/view/1065599339824529,kookmin_media,,긍정,0.9293838143348694
국민대장전 하는 학생들,2025.07.16.,http://www.jejunews.com/news/articleView.html?idxno=2219547,kookmin_media,,부정,0.7968485355377197
"국민대 HUSS 글로벌공생사업단, '2025 호주 글로벌 리소스 코디네이터 프...",2025.07.16.,http://www.dailysmart.co.kr/news/articleView.html?idxno=110506,kookmin_media,,긍정,0.9666628241539
"국민대 연구팀, 유전자‧세포도핑 감지센서 연구관련 SCI 국제학술지 논...",2025.07.16.,https://www.dt.co.kr/article/12004390?ref=naver,kookmin_media,,긍정,0.9384348392486572
"국민대, 고감도 유전자·세포 도핑 분석 기술 개발",2025.07.16.,https://www.ajunews.com/view/20250716122132071,kookmin_media,,긍정,0.984078288078308
"고려대·국민대 연구팀, 고감도 유전자·세포 도핑 분석 기술 개발",2025.07.16.,https://www.newsfreezone.co.kr/news/articleView.html?idxno=636400,kookmin_media,,긍정,0.9883771538734436
"국민대학교 손보람 교수 연구팀, 유전자·세포도핑 정밀 감지 센서 개발...",2025.07.15.,http://www.newstnt.com/news/articleView.html?idxno=510888,kookmin_media,,긍정,0.9441269040107728
"국민대 자회사 바이오크래프트, 산업통상자원부 바이오헬스 R&D 신규 사...",2025.07.15.,https://biz.heraldcorp.com/article/10532110?ref=naver,kookmin_media,,긍정,0.9667699933052064
"국민대, NC소프트와 손잡고 서울 창조산업 AI 인재양성 나선다",2025.07.15.,https://www.ekn.kr/web/view.php?key=20250715024446473,kookmin_media,,긍정,0.9824315905570984
"성북구 정릉3동-국민대, 중학생 대상 '슬기로운 학교생활' 특강 개최",2025.07.15.,https://weekly.cnbnews.com/news/article.html?no=183237,kookmin_media,,긍정,0.9457305073738098
"국민대·NC AI, 서울시 창조산업 인재양성 나선다",2025.07.14.,https://www.joongang.co.kr/article/25351401,kookmin_media,,긍정,0.9820094108581544
"국민대, NC AI와 서울시 창조산업 인재양성 나선다",2025.07.14.,https://www.viva100.com/article/20250714501419,kookmin_media,,긍정,0.9801648855209352
"국민대 2026학생부전형 가이드북.. 전공적합성 55% 비중 ""일관된 흥미/진...",2025.07.14.,http://www.veritas-a.com/news/articleView.html?idxno=562805,kookmin_media,,긍정,0.9807412028312684
"국민대, NC AI와 서울시 창조산업 인재양성 사업 선정",2025.07.14.,https://weekly.hankooki.com/news/articleView.html?idxno=7119576,kookmin_media,,긍정,0.971315622329712
"국민대, 서울시 창조산업 인재양성 주관대학 선정",2025.07.14.,https://www.newsis.com/view/NISX20250714_0003250784,kookmin_media,,긍정,0.962367057800293
"[에듀플러스]국민대, NC AI와 서울시 창조산업 인재양성 한다",2025.07.14.,https://www.etnews.com/20250714000285,kookmin_media,,긍정,0.9795581698417664
"국민대, NC AI와 서울시 창조산업 인재양성 나서",2025.07.14.,https://www.newsfreezone.co.kr/news/articleView.html?idxno=635972,kookmin_media,,긍정,0.9804925322532654
"국민대, ㈜NC AI와 서울시 창조산업 인재양성 나선다",2025.07.14.,https://news.unn.net/news/articleView.html?idxno=581222,kookmin_media,,긍정,0.9794039130210876
"국민대-NC AI, 서울시 창조산업 인재양성 나선다",2025.07.14.,https://dhnews.co.kr/news/view/1065577253294652,kookmin_media,,긍정,0.985589563846588
"국민대, NC AI와 서울시 창조산업 인재 양성",2025.07.14.,http://www.edaily.co.kr/news/newspath.asp?newsid=02952006642234520,kookmin_media,,긍정,0.9640817046165466
"국민대, NC AI와 서울시 창조산업 인재양성 '박차'",2025.07.14.,http://www.dailysmart.co.kr/news/articleView.html?idxno=110321,kookmin_media,,긍정,0.9850324392318726
"국민대, 국내 최초 ‘양자캠퍼스’ 선포",2025.07.12.,https://www.naeil.com/news/read/554487?ref=naver,kookmin_media,,긍정,0.9465322494506836
"국민대 서재길 교수, 국어국문학회 대표이사 취임",2025.07.12.,https://www.naeil.com/news/read/554475?ref=naver,kookmin_media,,긍정,0.972439467906952
"김영훈 국민대 응용화학부 나노소재전공 교수 연구팀, 재료과학 분야 S...",2025.07.11.,http://www.dailysmart.co.kr/news/articleView.html?idxno=110275,kookmin_media,,긍정,0.8957929015159607
"국민대 김영훈 교수, 재료과학 분야 SCI 학술지 게재 및 저널 표지논문...",2025.07.11.,http://www.veritas-a.com/news/articleView.html?idxno=562639,kookmin_media,,긍정,0.9171032905578612
"[동정] 서재길 국민대 교수, 제44대 국어국문학회 대표이사 취임",2025.07.11.,https://www.yna.co.kr/view/AKR20250711080700004?input=1195m,kookmin_media,,긍정,0.9059821963310242
"국민대, 국내 최초 '양자캠퍼스' 조성",2025.07.11.,https://www.newsfreezone.co.kr/news/articleView.html?idxno=635664,kookmin_media,,긍정,0.9460064172744752
"㈜조은메딕스, 국민대와 산학협력 체결… 기능성 키성장 제품 '키올리고...",2025.07.11.,http://theviewers.co.kr/View.aspx?No=3707921,kookmin_media,지역사회 ESG 파트너십,긍정,0.9704967737197876
"[교육 & NOW] 국민대, '양자캠퍼스' 선포식",2025.07.10.,https://www.ebn.co.kr/news/articleView.html?idxno=1670119,kookmin_media,,긍정,0.89590984582901
"엠에프씨-국민대 김주은 교수팀, AI 기반 의약품 연구 MOU 체결",2025.07.10.,http://www.hitnews.co.kr/news/articleView.html?idxno=66531,kookmin_media,,긍정,0.9320489168167114
"국민대, 국내 최초 '양자캠퍼스' 선포",2025.07.10.,http://www.m-i.kr/news/articleView.html?idxno=1258928,kookmin_media,,긍정,0.9188403487205504
"국민대, 국내 최초 '양자캠퍼스' 선포식 개최",2025.07.10.,https://www.newsis.com/view/NISX20250710_0003247130,kookmin_media,,긍정,0.9281084537506104
국민대 국내 최초 '양자캠퍼스' 선포,2025.07.10.,http://www.veritas-a.com/news/articleView.html?idxno=562478,kookmin_media,,긍정,0.9740228056907654
"국민대, 국내 최초 '양자캠퍼스' 선포식 개최! 대한민국 양자기술 중심...",2025.07.10.,https://edu.donga.com/news/articleView.html?idxno=91542,kookmin_media,,긍정,0.9461498260498048
"국민대, 국내 최초 ‘양자캠퍼스’ 선포…“대한민국 양자기술 중심 도...",2025.07.10.,https://dhnews.co.kr/news/view/1065588958868291,kookmin_media,,긍정,0.8705384731292725
"엠에프씨, 김주은 국민대 교수팀과 AI 의약품 연구개발 협력",2025.07.10.,http://www.edaily.co.kr/news/newspath.asp?newsid=03680166642233208,kookmin_media,,긍정,0.8012770414352417
"﻿엠에프씨, 국민대와 AI 의약품 연구개발 협력",2025.07.10.,https://www.dailypharm.com/Users/News/NewsView.html?ID=324766&REFERER=NP,kookmin_media,,긍정,0.9534969925880432
"[에듀플러스]“양자기술 중심” 선언 국민대, 국내 최초 '양자캠퍼스' 선...",2025.07.10.,https://www.etnews.com/20250710000046,kookmin_media,,긍정,0.9293726086616516
"국민대, 국내 첫 ‘양자캠퍼스’ 조성… “AI-반도체와 양자기술 결합”",2025.07.10.,https://www.donga.com/news/Society/article/all/20250710/131971836/2,kookmin_media,,긍정,0.9681328535079956
"[현장] 국민대, 국내 최초 ‘양자캠퍼스’ 선포…“양자기술 기반 글로...",2025.07.09.,https://www.ekn.kr/web/view.php?key=20250709025204743,kookmin_media,,긍정,0.917626678943634
"정승렬 총장 ""국민대 양자캠퍼스, 한국의 미래 기술 이끄는 모두의 무대...",2025.07.09.,https://it.chosun.com/news/articleView.html?idxno=2023092143876,kookmin_media,,긍정,0.9451794028282166
"국민대 ""국내 최초 '양자캠퍼스' 선포…양자기술 허브로 도약""",2025.07.09.,https://www.yna.co.kr/view/AKR20250709131000004?input=1195m,kookmin_media,,긍정,0.9346060752868652
대학 최초 양자캠퍼스 선포한 국민대,2025.07.09.,https://news.unn.net/news/articleView.html?idxno=581067,kookmin_media,,긍정,0.9023908376693726
"국민대, 양자캠퍼스 공식 선포 ""양자융합형 초지능 인재 양성""",2025.07.09.,https://www.onews.tv/news/articleView.html?idxno=250931,kookmin_media,,긍정,0.9339512586593628
"국민대, 국내 대학 최초 '양자캠퍼스' 선포… 미래기술 허브 도약 선언",2025.07.09.,https://news.unn.net/news/articleView.html?idxno=581042,kookmin_media,,긍정,0.9541193842887878
"“양자 생태계 허브 될 것”…국민대, 양자캠퍼스 선포",2025.07.09.,http://www.edaily.co.kr/news/newspath.asp?newsid=04247606642232880,kookmin_media,,긍정,0.8756422400474548
"[현장] 국민대, 양자캠퍼스 선포식 개최…양자기술 선도 꿈꾼다",2025.07.09.,https://www.kfenews.co.kr/news/articleView.html?idxno=641420,kookmin_media,,긍정,0.8501167893409729
국민대 양자캠퍼스 선포식,2025.07.09.,https://www.yna.co.kr/view/PYH20250709145000013?input=1196m,kookmin_media,,긍정,0.7760944962501526
"조폐공사, 국민대와 'MZ세대와 소통강화 위한 전략토론회' 개최...소통전...",2025.07.09.,http://www.g-enews.com/ko-kr/news/article/news_all/202507091235113111a9fc143920_1/article.html,kookmin_media,,긍정,0.8988610506057739
"국민대 HUSS 글로벌공생사업단, 우즈벡 디자인씽킹 프로그램 성공적 마...",2025.07.09.,https://www.munhwa.com/article/11517729?ref=naver,kookmin_media,,긍정,0.9766729474067688
"조폐공사, 국민대와 MZ세대 소통강화 전략토론회 개최",2025.07.09.,https://www.goodkyung.com/news/articleView.html?idxno=267156,kookmin_media,,긍정,0.9262914061546326
"김건희 박사 취소 쉽지 않네…절차 차질 빚는 국민대, 왜?",2025.07.09.,https://www.ytn.co.kr/_ln/0101_202507090826456757,kookmin_media,,부정,0.7723263502120972
"조폐공사·국민대, ‘MZ세대와의 소통강화 위한 전략토론회’ 성료",2025.07.08.,https://www.busan.com/view/busan/view.php?code=2025070822590496799,kookmin_media,,긍정,0.9120410680770874
"국민대 HUSS 글로벌공생사업단, '2025 우즈베키스탄 디자인씽킹 프로그...",2025.07.08.,https://www.kfenews.co.kr/news/articleView.html?idxno=641330,kookmin_media,,긍정,0.9676473140716552
"한국조폐공사-국민대, 'MZ세대와 소통강화 위한 전략토론회' 개최",2025.07.08.,https://www.news2day.co.kr/article/20250708500271,kookmin_media,,긍정,0.931189239025116
조폐공사·국민대 '마케팅 홍보전략 발표회'·'CEO 토론회' 개최,2025.07.08.,http://www.seoulwire.com/news/articleView.html?idxno=659658,kookmin_media,,긍정,0.6776341795921326
"국민대 HUSS 글로벌공생사업단, ‘2025 우즈베키스탄 디자인씽킹 프로그...",2025.07.08.,https://www.dt.co.kr/article/12002727?ref=naver,kookmin_media,,긍정,0.9682589173316956
"조폐공사, 국민대와 MZ세대 소통전략 발표회 개최",2025.07.08.,http://www.iminju.net/news/articleView.html?idxno=133606,kookmin_media,,긍정,0.9389230608940125
"조폐공사-국민대, CEO와 함께하는 토론회 진행",2025.07.08.,https://www.ceoscoredaily.com/page/view/2025070816552958793,kookmin_media,,긍정,0.9764134287834167
"한국조폐공사-국민대, MZ세대 소통 위한 마케팅 전략 토론회 진행",2025.07.08.,https://www.jeonmae.co.kr/news/articleView.html?idxno=1164284,kookmin_media,,긍정,0.9541064500808716
"국민대 HUSS 글로벌공생사업단, 2025 우즈벡 디자인씽킹 프로그램 성공...",2025.07.08.,https://www.hankookilbo.com/News/Read/A2025070815400003586?did=NA,kookmin_media,,긍정,0.9648737907409668
"조폐공사-국민대학교, MZ세대 소통 강화 위한 전략 토론회 성료",2025.07.08.,https://www.newscj.com/news/articleView.html?idxno=3290917,kookmin_media,,긍정,0.9169124364852904
"조폐공사-국민대학교, 'MZ세대와의 소통강화 위한 전략토론회' 성료",2025.07.08.,http://www.dtnews24.com/news/articleView.html?idxno=793980,kookmin_media,,긍정,0.93504399061203
"한국조폐공사, 국민대와 MZ세대 소통 전략 논의",2025.07.08.,http://www.whitepaper.co.kr/news/articleView.html?idxno=248873,kookmin_media,,긍정,0.8691388368606567
"국민대 HUSS 글로벌공생사업단, 2025 우즈베키스탄 디자인씽킹 프로그램...",2025.07.08.,https://www.onews.tv/news/articleView.html?idxno=250750,kookmin_media,,긍정,0.960608720779419
"국민대 HUSS 글로벌공생사업단, 우즈베키스탄 디자인씽킹 프로그램 성공...",2025.07.08.,http://www.newstnt.com/news/articleView.html?idxno=508200,kookmin_media,,긍정,0.9872031807899476
"조폐공사-국민대학교, “MZ세대와의 소통강화를 위한 전략토론회” 성공...",2025.07.08.,https://idsn.co.kr/news/view/1065577446846394,kookmin_media,,긍정,0.8835076093673706
"국민대, '2025 우즈베키스탄 디자인씽킹 프로그램' 운영",2025.07.08.,https://www.newsis.com/view/NISX20250708_0003243375,kookmin_media,,긍정,0.8662392497062683
"국민대 HUSS 글로벌공생사업단, ‘2025 우즈베키스탄 디자인씽킹’ 성료",2025.07.08.,https://dhnews.co.kr/news/view/1065579024323007,kookmin_media,,긍정,0.9245651960372924
"조폐공사-국민대, ""MZ세대와의 소통강화를 위한 전략토론회""",2025.07.08.,http://www.ccnnews.co.kr/news/articleView.html?idxno=377228,kookmin_media,,긍정,0.909167468547821
조폐공사·국민대학교 'MZ세대와 소통강화 위한 전략토론회' 개최,2025.07.08.,http://www.wsobi.com/news/articleView.html?idxno=282820,kookmin_media,,긍정,0.609100878238678
"조폐공사-국민대, 'MZ세대 소통강화' 전략 토론회",2025.07.08.,https://www.news1.kr/local/daejeon-chungnam/5838588,kookmin_media,,긍정,0.9425373673439026
"조폐공사-국민대, 'MZ세대 소통강화' 전략토론회 진행",2025.07.08.,http://www.chungnamilbo.co.kr/news/articleView.html?idxno=837877,kookmin_media,,긍정,0.8959862589836121
"조폐공사·국민대, 'MZ세대와의 소통강화를 위한 전략토론회' 성료",2025.07.08.,https://www.joongangenews.com/news/articleView.html?idxno=432750,kookmin_media,,긍정,0.921425998210907
영국 명문대 박사인 척 국민대 교수 임용...1심 징역 1년,2025.07.07.,https://www.ytn.co.kr/_ln/0103_202507072047334150,kookmin_media,,부정,0.7911772727966309
제 41회 국민대학교 총장배 전국 대학 아마추어 농구대회 성황리에 마쳐,2025.07.07.,https://basketkorea.com/news/newsview.php?ncode=1065602581661244,kookmin_media,,긍정,0.9485365748405457
"'국민대 TAB, 이화여대 EFS 남녀부 우승' 국민대학교 총장배 전국대학아...",2025.07.07.,http://www.osen.co.kr/article/G1112608163,kookmin_media,,긍정,0.7889224886894226
영국 명문대 가짜 학위로 국민대 교수 임용…50대 여성 실형,2025.07.07.,https://www.munhwa.com/article/11516970?ref=naver,kookmin_media,,부정,0.8064830303192139
"""대학생들의 농구 열정 이정도였나요?"" 박무빈과 허일영이 느낀 국민대...",2025.07.07.,https://m.sports.naver.com/basketball/article/065/0000281542,kookmin_media,,긍정,0.9914325475692748
"[국민대 총장배] 국민대 TAB 윌프레드, 남자부 MVP + 베스트 5 수상!",2025.07.06.,http://www.rookie.co.kr/news/articleView.html?idxno=111639,kookmin_media,,긍정,0.957901418209076
"[국민대 총장배] '국민대 우승!', '이대 2연패!' 열흘 간의 농구축제, 성...",2025.07.06.,http://www.rookie.co.kr/news/articleView.html?idxno=111633,kookmin_media,,긍정,0.9560307860374452
"[국민대 총장배] 국민대 TAB, 우승컵에 달콤한 입맞춤!",2025.07.06.,http://www.rookie.co.kr/news/articleView.html?idxno=111624,kookmin_media,,긍정,0.923329770565033
"[국민대 총장배] 여대부 MVP 차지한 이화여대 신유경 ""마지막 국민대 총...",2025.07.06.,http://www.rookie.co.kr/news/articleView.html?idxno=111638,kookmin_media,,긍정,0.9755452275276184
영국 명문대 가짜 학위로 국민대 교수 임용된 50대 실형,2025.07.06.,https://www.hani.co.kr/arti/society/society_general/1206520.html,kookmin_media,,부정,0.7170184254646301
"국민대 총장배 방문한 현대모비스 박무빈 ""수준 높은 대회""",2025.07.06.,http://www.rookie.co.kr/news/articleView.html?idxno=111631,kookmin_media,,긍정,0.9708652496337892
"[국민대 총장배] 이화여대 EFS, 백투백 챔피언 등극!",2025.07.06.,http://www.rookie.co.kr/news/articleView.html?idxno=111602,kookmin_media,,긍정,0.9522900581359864
"국민대, 양자산업 선도기업 오브이오와 기업부설연구소 설립",2025.07.06.,https://www.naeil.com/news/read/553606?ref=naver,kookmin_media,,긍정,0.9260839223861694
英 명문대 학력 위조해 국민대 교수 임용된 50대 여성 실형,2025.07.06.,https://www.newsis.com/view/NISX20250704_0003239902,kookmin_media,,부정,0.8085856437683105
"국민대, 양자산업 기업 오브이오와 기업부설연구소 설립",2025.07.04.,https://www.kfenews.co.kr/news/articleView.html?idxno=641010,kookmin_media,,긍정,0.9495274424552916
"국민대, 양자산업 선도기업 (유)오브이오와 기업부설연구소 설립",2025.07.04.,http://www.newstnt.com/news/articleView.html?idxno=507056,kookmin_media,,긍정,0.9329588413238524
"국민대, 양자 보안 유니콘 기업 되기 위해 유브이오와 손잡고 연구소 설...",2025.07.04.,https://edu.donga.com/news/articleView.html?idxno=91151,kookmin_media,,긍정,0.9603264331817628
"국민대, 양자보안 기업 오브이오와 기업부설연구소 설립",2025.07.03.,http://www.edaily.co.kr/news/newspath.asp?newsid=04601846642230912,kookmin_media,,긍정,0.9461344480514526
"“인생은 독고다이” 이효리, 국민대 축사 비화 밝힌다 (유퀴즈)",2025.07.02.,https://sports.khan.co.kr/article/202507021725003?pt=nv,kookmin_media,,긍정,0.8324275612831116
국민대 ‘양자캠퍼스’ 선포식 비전 발표,2025.07.02.,https://www.munhwa.com/article/11516047?ref=naver,kookmin_media,,긍정,0.8338480591773987
"국민대, 7월 9일 국내 최초 양자캠퍼스 선포식 개최",2025.07.01.,https://www.onews.tv/news/articleView.html?idxno=249982,kookmin_media,,긍정,0.9319602847099304
"국민대, 9일 국내 최초 ‘양자캠퍼스’ 선포식",2025.07.01.,http://www.edaily.co.kr/news/newspath.asp?newsid=04405046642230256,kookmin_media,,긍정,0.929571270942688
"국민대, 국내 최초 '양자캠퍼스' 선포... 양자기술 중심 도약",2025.07.01.,https://www.newsfreezone.co.kr/news/articleView.html?idxno=634021,kookmin_media,,긍정,0.9501826763153076
"국민대, '양자캠퍼스' 선포식 개최…""허브 도약""",2025.07.01.,https://www.newsis.com/view/NISX20250701_0003234832,kookmin_media,,긍정,0.9125375151634216
"국민대, 대한민국 양자기술의 중심으로 도약...국내 최초 '양자캠퍼스'...",2025.07.01.,http://www.newstnt.com/news/articleView.html?idxno=505933,kookmin_media,,긍정,0.9412752389907836
"2025 모모 캠프(MoMo Camp) 수료식, 국민대 명원박물관서 진행",2025.07.01.,http://www.edaily.co.kr/news/newspath.asp?newsid=03585046642230256,kookmin_media,,긍정,0.9755154848098756
"국민대, '제10회 국민대학교 알고리즘 대회' 개최",2025.08.29.,https://www.newsis.com/view/NISX20250829_0003308882,kookmin_media,,긍정,0.9451841115951538
국민대 소프트웨어융합대학 제10회 알고리즘 대회 개최,2025.08.29.,http://www.veritas-a.com/news/articleView.html?idxno=569785,kookmin_media,,긍정,0.9852333664894104
"국민대, 교육부 주최 '학생 창업유망팀 300+ 경진대회' 다수 선발",2025.08.28.,http://www.kyosu.net/news/articleView.html?idxno=142326,kookmin_media,,긍정,0.976029336452484
"국민대 조형대학, 2025 공예전문인력양성 실무·심화과정 교육프로그램...",2025.08.27.,https://www.munhwa.com/article/11528728?ref=naver,kookmin_media,,긍정,0.963680863380432
"국민대, 김민섭 무용전공 학생 KBS 부산무용콩쿠르 발레부문 금상",2025.08.27.,http://www.m-i.kr/news/articleView.html?idxno=1275100,kookmin_media,,긍정,0.9802852869033812
"김민섭 국민대 무용전공 학생, KBS 부산무용콩쿠르 발레부문 금상 수상",2025.08.27.,http://www.dailysmart.co.kr/news/articleView.html?idxno=112382,kookmin_media,,긍정,0.9766910672187804
"국민대 김민섭, 제41회 KBS 부산무용콩쿠르 발레 금상… 270명 경쟁 뚫었...",2025.08.27.,http://www.newstnt.com/news/articleView.html?idxno=525473,kookmin_media,,긍정,0.972010850906372
"국민대 김민섭 학생, KBS 부산무용콩쿠르 발레부문 금상",2025.08.27.,https://www.onews.tv/news/articleView.html?idxno=256245,kookmin_media,,긍정,0.961885154247284
"[교육이 미래다] 국민대학교 정준영 교수팀, ‘화학 반응 예측 AI 모델’...",2025.08.27.,https://www.joongang.co.kr/article/25361989,kookmin_media,,긍정,0.9629743099212646
"국민대 조형대학, 2025 공예전문인력양성 실무 · 심화과정 교육프로그...",2025.08.26.,https://www.dt.co.kr/article/12013923?ref=naver,kookmin_media,,긍정,0.9274306297302246
"국민대 주관 HUSS 환경컨소시엄, 해커톤대회·AI 경진대회 최우수상",2025.08.26.,https://www.joongang.co.kr/article/25361844,kookmin_media,,긍정,0.9365794658660888
"국민대, 공예전문인력양성 실무·심화과정 수행기관 선정",2025.08.26.,https://www.newsfreezone.co.kr/news/articleView.html?idxno=643170,kookmin_media,,긍정,0.9755735993385316
"국민대 도자·금속공예학과, '2025 공예전문인력양성' 실무·심화 2개 부...",2025.08.26.,http://www.newstnt.com/news/articleView.html?idxno=525052,kookmin_media,,긍정,0.9724395871162416
"국민대, '2025 공예전문인력양성 교육프로그램 운영사업' 선정",2025.08.26.,https://www.newsis.com/view/NISX20250826_0003303804,kookmin_media,,긍정,0.9427146911621094
"국민대 조형대학, 공예 전문인력 양성 수행기관 선정",2025.08.26.,http://www.m-i.kr/news/articleView.html?idxno=1274628,kookmin_media,,긍정,0.9310105443000792
"국민대 주관 HUSS 환경컨소시엄, 해커톤·AI경진대회 성료",2025.08.26.,http://www.m-i.kr/news/articleView.html?idxno=1274621,kookmin_media,,긍정,0.8753806948661804
"국민대 조형대학, 공예 전문인력 양성사업 선정",2025.08.26.,http://www.edaily.co.kr/news/newspath.asp?newsid=03653926642271256,kookmin_media,,긍정,0.9778982996940612
"국민대 조형대학, 2025 공예전문인력양성 실무 / 심화과정 교육프로그램...",2025.08.26.,http://www.veritas-a.com/news/articleView.html?idxno=568953,kookmin_media,,긍정,0.9635435342788696
"국민대 주관 HUSS 환경컨소시엄, 2025 HUSS 해커톤·AI 경진대회 최우수...",2025.08.25.,https://www.onews.tv/news/articleView.html?idxno=256039,kookmin_media,,긍정,0.9501093029975892
"국민대 주관 HUSS 환경컨소시엄, '2025 HUSS 융합캠프 인사이트' 해커톤...",2025.08.25.,http://www.newstnt.com/news/articleView.html?idxno=524672,kookmin_media,,긍정,0.881973147392273
"국민대 주관 HUSS 환경컨소시엄, 2025 HUSS 해커톤·AI 경진대회 '최우수...",2025.08.25.,http://www.dailysmart.co.kr/news/articleView.html?idxno=112270,kookmin_media,,긍정,0.946963906288147
"국민대 HUSS 환경컨소시엄, 해커톤·AI 경진대회 동시 '최우수상'",2025.08.25.,https://www.newsfreezone.co.kr/news/articleView.html?idxno=643003,kookmin_media,,긍정,0.9662363529205322
"국민대 주관 HUSS 환경컨소시엄, 2025 HUSS 해커톤/AI 경진대회 '최우수...",2025.08.25.,http://www.veritas-a.com/news/articleView.html?idxno=568849,kookmin_media,,긍정,0.9515681266784668
국민대 주관 ‘가상환경 기반 자율주행 경진대회’ 열려,2025.08.25.,https://www.munhwa.com/article/11528143?ref=naver,kookmin_media,,긍정,0.9051726460456848
"[인터뷰] 생성형 AI 활용법 함께 찾아간다, 이현재 국민대학교 공연예술...",2025.08.25.,http://www.cine21.com/news/view/?mag_id=108174&utm_source=naver&utm_medium=news,kookmin_media,다양성과 형평성 추진체계,긍정,0.9192752242088318
국민대 주관 첨단분야 혁신융합대학 미래자동차 컨소시엄가상환경 기반...,2025.08.22.,https://edu.donga.com/news/articleView.html?idxno=93899,kookmin_media,,긍정,0.9340381622314452
"국민대, 혁신융합대학 컨소시엄 ‘가상환경 자율주행 경진대회’ 개최",2025.08.22.,https://www.ekn.kr/web/view.php?key=20250822026409434,kookmin_media,,긍정,0.9518420696258544
"국민대 미래차사업단, ‘가상환경 자율주행 경진대회’ 개최",2025.08.22.,https://www.joongang.co.kr/article/25360949,kookmin_media,,긍정,0.9440650343894958
"국민대 미래車 컨소시엄, 가상환경 자율주행 경진대회",2025.08.22.,https://www.newsfreezone.co.kr/news/articleView.html?idxno=642563,kookmin_media,,긍정,0.9617552161216736
"국민대, '가상환경 자율주행 경진대회' 개최",2025.08.22.,https://www.newsis.com/view/NISX20250822_0003299519,kookmin_media,,긍정,0.9270285367965698
"국민대 주관 첨단분야 혁신융합대학 미래자동차 컨소시엄, 가상환경 기...",2025.08.22.,http://www.dailysmart.co.kr/news/articleView.html?idxno=112169,kookmin_media,,긍정,0.950132429599762
"국민대, 'Virtual AutoRace 2025' 개최했다…가상환경 자율주행 경진대회...",2025.08.22.,http://www.newstnt.com/news/articleView.html?idxno=523868,kookmin_media,,긍정,0.934179186820984
국민대 주관 첨단분야 혁신융합대학 미래자동차 컨소시엄 가상환경 기반...,2025.08.22.,http://www.veritas-a.com/news/articleView.html?idxno=568457,kookmin_media,,긍정,0.9513540267944336
"국민대 정준영 교수, 화학 반응 예측 인공지능 모델 연구 네이처 게재",2025.08.22.,https://www.munhwa.com/article/11527566?ref=naver,kookmin_media,,긍정,0.9528719186782836
"국민대·MIT 공동연구, 차세대 화학 반응 예측 AI 'FlowER' 네이처 게재",2025.08.21.,http://www.newstnt.com/news/articleView.html?idxno=523623,kookmin_media,,긍정,0.9697404503822328
"정준영 국민대교수, 화학 반응 예측 모델 연구 ‘네이처’ 게재",2025.08.21.,http://www.edaily.co.kr/news/newspath.asp?newsid=03995046642269616,kookmin_media,,긍정,0.9770396947860718
"""화학 반응 예측"" 국민대, AI로 전자 이동 모사 'FlowER' 모델 개발",2025.08.21.,https://www.e-science.co.kr/news/articleView.html?idxno=110329,kookmin_media,,긍정,0.9530137181282043
"국민대 연구팀 개발 'FlowER' 모델, '네이처' 게재",2025.08.21.,https://www.newsfreezone.co.kr/news/articleView.html?idxno=642358,kookmin_media,,긍정,0.959704041481018
"국민대 정준영 교수, 화학 반응 예측의 패러다임 바꾸다!",2025.08.21.,https://edu.donga.com/news/articleView.html?idxno=93806,kookmin_media,,긍정,0.9598573446273804
"""화학 반응, AI에게 맡겨""…국민대 전자 흐름까지 읽는 신기술 개발",2025.08.21.,https://www.newsis.com/view/NISX20250821_0003298100,kookmin_media,,긍정,0.9189616441726683
"정준영 국민대 응용화학부 나노소재 전공 교수 연구팀, 인공지능으로 전...",2025.08.21.,http://www.dailysmart.co.kr/news/articleView.html?idxno=112100,kookmin_media,,긍정,0.9116008281707764
"국민대, 후기 학위수여식 성료… AI·양자기술 선도하는 글로벌 인재 배...",2025.08.20.,https://www.ekn.kr/web/view.php?key=20250820025458788,kookmin_media,,긍정,0.9715620875358582
"국민대 자회사 블루라이언스, AI 기반 건강 분석·예측 앱 ‘레드버튼’...",2025.08.19.,https://view.asiae.co.kr/article/2025081913192711806,kookmin_media,,긍정,0.9842414259910583
"국민대 학교기업, 교육부 4단계 학교기업지원사업 선정",2025.08.17.,https://www.naeil.com/news/read/558127?ref=naver,kookmin_media,,긍정,0.9491150379180908
국민대 학교기업 ‘할 엔터테인먼트’ 4단계 학교기업지원사업 선정,2025.08.14.,https://www.joongang.co.kr/article/25359118,kookmin_media,,긍정,0.9773693680763244
"한양대·국민대 연구팀, 검증형 AI 기술 ‘vCNN’ IEEE TDSC 최우수논문...",2025.08.14.,https://www.joongang.co.kr/article/25359111,kookmin_media,,긍정,0.9800641536712646
"한양대·국민대, 검증형 인공지능 기술로 ‘IEEE 최우수논문상’",2025.08.14.,http://www.edaily.co.kr/news/newspath.asp?newsid=03640806642267320,kookmin_media,,긍정,0.9707036018371582
"국민대 학교기업 '할(HAL) 엔터테인먼트', 교육부 4단계 학교기업지원사...",2025.08.13.,https://edu.donga.com/news/articleView.html?idxno=93439,kookmin_media,,긍정,0.9678387641906738
"한양대·국민대 연구팀, 검증형 인공지능 기술 'vCNN'로 IEEE TDSC 2024 최우...",2025.08.13.,https://edu.donga.com/news/articleView.html?idxno=93429,kookmin_media,,긍정,0.9686515927314758
국민대 학교기업 '할(HAL) 엔터테인먼트' 교육부 4단계 학교기업지원사...,2025.08.13.,http://www.veritas-a.com/news/articleView.html?idxno=567340,kookmin_media,,긍정,0.96904057264328
"한양대·국민대 연구팀, ‘vCNN’ 기술로 IEEE TDSC 2024 최우수논문상 단...",2025.08.13.,https://www.ekn.kr/web/view.php?key=20250813021526644,kookmin_media,,긍정,0.981727123260498
"국민대 학교기업 ‘할엔터테인먼트’, 교육부 학교기업지원사업 선정",2025.08.13.,http://www.edaily.co.kr/news/newspath.asp?newsid=05264406642266992,kookmin_media,,긍정,0.9373754858970642
"국민대 학교기업 ‘HAL 엔터테인먼트’, 교육부 4단계 학교기업지원사업...",2025.08.13.,https://www.ekn.kr/web/view.php?key=20250813024146637,kookmin_media,,긍정,0.965708076953888
"국민대 학교기업 할엔터테인먼트, 교육부 4단계 학교기업지원사업 선정",2025.08.13.,https://www.ajunews.com/view/20250813171552151,kookmin_media,,긍정,0.9760134220123292
"국민대 학교기업 '할엔터테인먼트', 교육부 4단계 학교기업지원사업 선...",2025.08.13.,https://www.newsfreezone.co.kr/news/articleView.html?idxno=641329,kookmin_media,,긍정,0.9549609422683716
"국민대 학교기업 할엔터테인먼트, 4단계 학교기업지원사업 선정… AI-인...",2025.08.13.,http://www.newstnt.com/news/articleView.html?idxno=521218,kookmin_media,,긍정,0.9657127857208252
"한양대-국민대, 검증형 AI 기술 'vCNN'으로 IEEE TDSC 최우수논문상",2025.08.13.,https://www.newsis.com/view/NISX20250813_0003289302,kookmin_media,,긍정,0.9623026847839355
"국민대, 대학혁신지원사업 성과평가 3년 연속 최고 등급",2025.08.13.,https://www.joongang.co.kr/article/25358768,kookmin_media,,긍정,0.9931809306144714
"국민대, 대학혁신지원사업 평가 3년 연속 최고 S등급 달성",2025.08.13.,https://www.munhwa.com/article/11525743?ref=naver,kookmin_media,,긍정,0.9893254041671752
"한양대-국민대 공동 개발 'vCNN', IEEE TDSC 2024 최우수논문상 수상… 입...",2025.08.13.,http://www.newstnt.com/news/articleView.html?idxno=521106,kookmin_media,,긍정,0.9625661373138428
"오현옥 한양대 정보시스템학과 교수 연구팀, 김지혜 국민대 교수 연구팀...",2025.08.13.,http://www.dailysmart.co.kr/news/articleView.html?idxno=111775,kookmin_media,,긍정,0.9581544995307922
"국민대, 대학혁신지원사업 성과평가 3년 연속 S등급",2025.08.12.,http://www.newstnt.com/news/articleView.html?idxno=520889,kookmin_media,,긍정,0.9938938021659852
"국민대플랫폼SME연구센터, ‘디지털 상공인의 생성형 AI 활용 실태와 시...",2025.08.12.,https://www.venturesquare.net/999413,kookmin_media,,긍정,0.9472493529319764
"국민대, 대학혁신지원사업 성과평가 3년 연속 ‘S등급’",2025.08.12.,https://dhnews.co.kr/news/view/1065593086199982,kookmin_media,,긍정,0.9906129837036132
"국민대 공동기기원, '산학연계 반도체공정실습' 정규 교과목 개설",2025.08.12.,https://www.etnews.com/20250812000276,kookmin_media,,긍정,0.99031001329422
"국민대 플랫폼SME연구센터, 소상공인 AI 현황 공개 미드저니·챗GPT 유용...",2025.08.12.,http://www.smedaily.co.kr/news/articleView.html?idxno=334635,kookmin_media,,긍정,0.9233006238937378
"[포토뉴스]속초문화원-국민대 한국역사학과 , 지역문화 발전 업무협약 ...",2025.08.10.,https://www.kwnews.co.kr/page/view/2025080812225055351,kookmin_media,,긍정,0.7601600885391235
"국민대 기후변화대응사업단, ‘체코 마사릭 대학교 글로벌 리더십 프로...",2025.08.08.,https://dhnews.co.kr/news/view/1065577514217382,kookmin_media,,긍정,0.8750160336494446
국민대 기후변화대응사업단 2025 체코 마사릭 대학교 글로벌 리더십 프...,2025.08.08.,http://www.veritas-a.com/news/articleView.html?idxno=566634,kookmin_media,,긍정,0.9198889136314392
"국민대 이석묵 교수 연구팀, 부작용 없는 면역조절 항체 개발",2025.08.08.,https://www.munhwa.com/article/11524541?ref=naver,kookmin_media,,긍정,0.9905205965042114
국민대 경력개발지원단 직원 역량 강화 워크숍 개최,2025.08.07.,http://www.veritas-a.com/news/articleView.html?idxno=566572,kookmin_media,취약계층 지원강화,긍정,0.9583067297935486
"국민대 경력개발지원단, 직원 역량 강화 워크숍 개최",2025.08.07.,http://www.dailysmart.co.kr/news/articleView.html?idxno=111550,kookmin_media,취약계층 지원강화,긍정,0.9659610986709596
"[대학가 오늘] 이석묵 국민대 교수, 부작용 걱정 없는 면역조절 항체 개...",2025.08.06.,http://www.metroseoul.co.kr/article/20250806500526,kookmin_media,,긍정,0.9859283566474916
"국민대, 부작용 줄인 면역 조절 항체 개발",2025.08.06.,https://www.kfenews.co.kr/news/articleView.html?idxno=643835,kookmin_media,,긍정,0.9852967858314514
"국민대 이석묵 교수팀, 부작용 적은 차세대 면역 조절 항체 선도물질 개...",2025.08.06.,http://www.newstnt.com/news/articleView.html?idxno=518862,kookmin_media,,긍정,0.9828224778175354
"이석묵 국민대 바이오의약전공 교수 연구팀, 부작용 걱정 없는 면역조절...",2025.08.06.,http://www.dailysmart.co.kr/news/articleView.html?idxno=111488,kookmin_media,,긍정,0.986249566078186
"국민대 연구팀, 부작용 줄인 면역조절 항체 개발",2025.08.06.,http://www.edaily.co.kr/news/newspath.asp?newsid=04838006642264696,kookmin_media,,긍정,0.9872298836708068
국민대 이석묵 교수 연구팀 부작용 걱정 없는 면역조절 항체 개발,2025.08.06.,http://www.veritas-a.com/news/articleView.html?idxno=566377,kookmin_media,,긍정,0.9895394444465636
"국민대플랫폼SME연구센터, 디지털상공인 AI 실무 교육 성과공유회 성료",2025.08.05.,https://www.venturesquare.net/998144,kookmin_media,,긍정,0.9598809480667114
"국민대플랫폼SME연구센터, 생성형AI 실무교육 성과공유회 성료",2025.08.05.,https://byline.network/?p=9004111222573301,kookmin_media,,긍정,0.8746556639671326
"국민대 플랫폼SME연구센터, 디지털 상공인 AI 실무 교육 성과공유회 개...",2025.08.05.,https://www.etoday.co.kr/news/view/2494361,kookmin_media,,긍정,0.9325774908065796
"국민대 플랫폼SME연구센터, 디지털상공인 AI 실무교육 성과공유회 성료",2025.08.05.,https://biz.chosun.com/industry/business-venture/2025/08/05/M53JRCE2CVBQXEJQTWX25BJNM4/?utm_source=naver&utm_medium=original&utm_campaign=biz,kookmin_media,,긍정,0.9439183473587036
"국민대플랫폼SME연구센터, 디지털상공인 AI 실무 교육 성과 공유",2025.08.05.,http://www.smedaily.co.kr/news/articleView.html?idxno=334005,kookmin_media,,긍정,0.9378195405006408
"[남성현 국민대 석좌교수] 기후위기와 AI 시대, '목재르네상스시대'를 ...",2025.08.04.,https://www.woodkorea.co.kr/news/articleView.html?idxno=85940,kookmin_media,폐기물 배출,긍정,0.9679989218711852
"한국 소버린 AI포럼 제4회 콜로키움, 강승식 국민대 교수 발표한다",2025.08.04.,http://www.kyosu.net/news/articleView.html?idxno=140870,kookmin_media,,긍정,0.8635239005088806
대학생 자작자동차대회서 국민대 팀 '그랑프리' 수상,2025.09.30.,https://www.getnews.co.kr/news/articleView.html?idxno=843008,kookmin_media,,긍정,0.9598710536956788
"동국대·국민대 공동연구팀, 무음극-전고체 차세대 배터리 핵심 기술 개...",2025.09.29.,http://www.beyondpost.co.kr/view.php?ud=20250929212715582092e75d13a3_30,kookmin_media,,긍정,0.9811246395111084
"손정인 동국대 물리학과 교수 연구팀, 홍승현 국민대 교수 연구팀과 무...",2025.09.29.,http://www.dailysmart.co.kr/news/articleView.html?idxno=114038,kookmin_media,,긍정,0.963945209980011
동국대/국민대 공동연구팀 무음극-전고체 차세대 배터리 핵심 기술 개발,2025.09.29.,http://www.veritas-a.com/news/articleView.html?idxno=575090,kookmin_media,,긍정,0.9665542244911194
"국민의힘, 당무감사위원장에 이호선 국민대 교수 내정",2025.09.29.,https://www.fntoday.co.kr/news/articleView.html?idxno=364815,kookmin_media,,긍정,0.9533714056015016
"[단독]국힘, 당무감사위원장에 이호선 국민대 교수 내정",2025.09.29.,https://www.mediapen.com/news/view/1046221,kookmin_media,,긍정,0.7775128483772278
"국민대 목요특강, 이상문학상 대상 예소연 작가 초청…""읽고 쓰기는 마...",2025.09.29.,http://www.newstnt.com/news/articleView.html?idxno=538618,kookmin_media,,긍정,0.917199969291687
"동국대-국민대 공동연구팀, 무음극 전고체 배터리 균일 증착 해법 제시...",2025.09.29.,http://www.newstnt.com/news/articleView.html?idxno=538583,kookmin_media,,긍정,0.9694089889526368
“읽고 쓰기는 마음을 세우는 일”… 예소연 소설가 국민대 목요특강 초...,2025.09.29.,https://www.dt.co.kr/article/12020757?ref=naver,kookmin_media,,긍정,0.9854270219802856
"동국대·국민대 공동연구팀, 차세대 무음극 전고체 배터리 혁신 계면기...",2025.09.29.,http://www.enewstoday.co.kr/news/articleView.html?idxno=2335519,kookmin_media,,긍정,0.969635546207428
"동국대·국민대 공동연구팀, 무음극-전고체 차세대 배터리 기술 개발",2025.09.29.,https://www.thepublic.kr/news/articleView.html?idxno=278402,kookmin_media,,긍정,0.9705200791358948
"동국대·국민대, 무음극·전고체 차세대 배터리 핵심 기술 개발",2025.09.29.,http://www.m-i.kr/news/articleView.html?idxno=1287793,kookmin_media,,긍정,0.9887025356292723
예소연 소설가 국민대 목요특강 초청 강연,2025.09.29.,https://edu.donga.com/news/articleView.html?idxno=95941,kookmin_media,,긍정,0.9809518456459044
"동국대·국민대 공동연구팀, 차세대 무음극 전고체 배터리 핵심 기술 개...",2025.09.29.,https://www.pinpointnews.co.kr/news/articleView.html?idxno=381217,kookmin_media,,긍정,0.9790067076683044
"국민대, 목요특강 연사로 예소연 소설가 초청",2025.09.29.,https://www.onews.tv/news/articleView.html?idxno=260077,kookmin_media,,긍정,0.9748080968856812
"국민대, 예소연 소설가 국민대 목요특강 초청 강연 실시",2025.09.29.,http://www.dailysmart.co.kr/news/articleView.html?idxno=113980,kookmin_media,,긍정,0.9769057035446168
"동국대·국민대 공동연구팀, 무음극-전고체 배터리 핵심 기술 개발",2025.09.29.,https://www.seoulfn.com/news/articleView.html?idxno=608373,kookmin_media,,긍정,0.9850870370864868
"국민대학교, 산사태 전문인력 양성센터 안동 산불 피해지 산사태 위험도...",2025.09.29.,https://www.lecturernews.com/news/articleView.html?idxno=187810,kookmin_media,,긍정,0.9524475932121276
"동국대·국민대 공동연구팀, 무음극-전고체 배터리 핵심 난제 풀었다",2025.09.29.,https://dhnews.co.kr/news/view/1065575686988651,kookmin_media,,긍정,0.977297306060791
"[에듀플러스]동국대·국민대 공동연구팀, 무음극-전고체 차세대 배터리...",2025.09.29.,https://www.etnews.com/20250929000060,kookmin_media,,긍정,0.9852272272109984
"﻿동국대·국민대, 무음극-전고체 배터리 핵심기술 개발",2025.09.29.,https://weekly.hankooki.com/news/articleView.html?idxno=7130424,kookmin_media,,긍정,0.9889927506446838
"동국대·국민대, 무음극-전고체 차세대 배터리 핵심 기술 개발",2025.09.29.,https://www.newsis.com/view/NISX20250929_0003347599,kookmin_media,,긍정,0.987191677093506
"박준석 국민대 차세대통신사업단장 ""양자컴퓨팅·통신·센싱 융합, 산업...",2025.09.29.,https://it.chosun.com/news/articleView.html?idxno=2023092148080,kookmin_media,,긍정,0.918596625328064
"국민대–GMTCK, 미래자동차 전문가 교육프로그램 수료식",2025.09.28.,https://www.naeil.com/news/read/562840?ref=naver,kookmin_media,,긍정,0.971290111541748
"국민대, 2026 서울시 캠퍼스타운 사업 최종 선정",2025.09.27.,https://view.asiae.co.kr/article/2025092514333148287,kookmin_media,,긍정,0.9897236824035645
국민대-GMTCK 미래자동차 전문가 교육프로그램 제3기 수료식 개최,2025.09.26.,http://www.veritas-a.com/news/articleView.html?idxno=574843,kookmin_media,,긍정,0.9906919598579408
"국민대–GMTCK, 미래자동차 전문가 교육프로그램 제3기 수료식 개최",2025.09.26.,http://www.m-i.kr/news/articleView.html?idxno=1287186,kookmin_media,,긍정,0.9035468101501464
"국민대 AI디자인과, 제1회 졸업작품 전시회",2025.09.26.,https://www.joongang.co.kr/article/25370278,kookmin_media,,긍정,0.98493492603302
"국민대–GMTCK, '미래자동차 전문가 교육프로그램' 제3기 수료식 개최",2025.09.26.,https://www.newsis.com/view/NISX20250926_0003345881,kookmin_media,,긍정,0.8982544541358948
"국민대, GMTCK와 제3기 미래자동차 전문가 교육프로그램 수료식 개최",2025.09.26.,http://www.dailysmart.co.kr/news/articleView.html?idxno=113934,kookmin_media,,긍정,0.9894647598266602
국민대 산사태 전문인력 양성센터 안동 산불 피해지 산사태 위험도 평가...,2025.09.26.,http://www.veritas-a.com/news/articleView.html?idxno=574762,kookmin_media,,긍정,0.9449895620346068
"국민대, 산사태 전문인력 양성센터 안동 산불 피해지 산사태 위험도 평...",2025.09.26.,http://www.kyosu.net/news/articleView.html?idxno=145069,kookmin_media,,긍정,0.8934062123298645
양자보안 선도 민관 플랫폼 ‘양자보안포럼’ 출범...이원태 국민대 특...,2025.09.25.,https://www.news2day.co.kr/article/20250925500288,kookmin_media,,긍정,0.9169390797615052
"국민대, '2026 서울특별시 캠퍼스타운 사업' 최종 선정",2025.09.25.,http://www.m-i.kr/news/articleView.html?idxno=1286756,kookmin_media,,긍정,0.9838189482688904
"아미텍코리아 Zygo·국민대, 정밀 계측 ‘Zygo 테스트랩’ 공식 지정",2025.09.25.,https://www.hellot.net/news/article.html?no=105799,kookmin_media,지역사회 ESG 파트너십,긍정,0.9860541224479676
"국민대, 2026 서울 캠퍼스타운 사업 선정",2025.09.25.,https://www.joongang.co.kr/article/25369976,kookmin_media,,긍정,0.9899154901504515
"국민대, ‘2026 서울시 캠퍼스타운 사업’ 최종 선정",2025.09.25.,https://www.viva100.com/article/20250925501346,kookmin_media,,긍정,0.9889698028564452
"국민대 AI디자인학과, 제1회 졸업전시회 ‘null’ 개최…미래 디자인 가...",2025.09.25.,https://www.ekn.kr/web/view.php?key=20250925021120808,kookmin_media,,긍정,0.9776262640953064
"국민대 AI디자인학과, 제1회 졸업작품 전시회 개최",2025.09.25.,http://www.m-i.kr/news/articleView.html?idxno=1286680,kookmin_media,,긍정,0.9695245027542114
"국민대 AI디자인학과, 제1회 졸업전시회 'null' 개최… AI×디자인 융합...",2025.09.25.,http://www.newstnt.com/news/articleView.html?idxno=537360,kookmin_media,,긍정,0.9789952635765076
"국민대, 서울시 '2026 캠퍼스타운사업' 최종 선정… 동북권 글로벌 창업...",2025.09.25.,http://www.newstnt.com/news/articleView.html?idxno=537300,kookmin_media,,긍정,0.9766800403594972
국민대 AI디자인학과 제1회 졸업작품 전시회 개최,2025.09.25.,http://www.veritas-a.com/news/articleView.html?idxno=574511,kookmin_media,,긍정,0.9816214442253112
"국민대 AI디자인학과, 첫 졸업전시회 개최…30일까지",2025.09.25.,https://www.newsis.com/view/NISX20250925_0003343910,kookmin_media,,긍정,0.978170931339264
"국민대, '서울시 캠퍼스타운 사업' 선정",2025.09.25.,https://www.newsfreezone.co.kr/news/articleView.html?idxno=649153,kookmin_media,,긍정,0.9890318512916564
"국민대, 2026 서울특별시 캠퍼스타운 사업 최종 선정",2025.09.25.,http://www.dailysmart.co.kr/news/articleView.html?idxno=113821,kookmin_media,,긍정,0.9882501363754272
"국민대, ‘2026 서울시 캠퍼스타운 사업’ 선정…“글로벌 창업생태계 ...",2025.09.25.,https://www.etoday.co.kr/news/view/2510194,kookmin_media,,긍정,0.9813703894615172
"국민대, 태스킹과 우수인재 양성 및 기술 지원 위한 MOU 체결",2025.09.25.,https://www.businesskorea.co.kr/news/articleView.html?idxno=253025,kookmin_media,,긍정,0.9549515843391418
"국민대, '2026년 캠퍼스타운 사업' 선정…2년 24억 지원",2025.09.25.,https://www.newsis.com/view/NISX20250925_0003343541,kookmin_media,,긍정,0.9893605709075928
"국민대, ‘2026 서울특별시 캠퍼스타운 사업’ 최종 선정",2025.09.25.,https://dhnews.co.kr/news/view/1065576904062986,kookmin_media,,긍정,0.9747883081436156
"국민대-태스킹, 우수인재 양성 및 기술 지원 위한 MOU 맺어",2025.09.25.,https://view.asiae.co.kr/article/2025092510265106101,kookmin_media,,긍정,0.9535117149353028
"국민대, '2026 서울시 캠퍼스타운 사업' 최종 선정",2025.09.25.,http://www.veritas-a.com/news/articleView.html?idxno=574419,kookmin_media,,긍정,0.9859015941619872
"교육위, '김건희 논문 의혹' 국민대 이사장 국감 증인채택",2025.09.24.,https://www.ytn.co.kr/_ln/0101_202509240305032094,kookmin_media,,긍정,0.6616934537887573
"교육위, ‘김 여사 논문’ 국민대 이사장·‘조국 자녀 특혜’ 고려대 ...",2025.09.23.,https://news.kbs.co.kr/news/pc/view/view.do?ncd=8365190&ref=A,kookmin_media,,긍정,0.8167371153831482
"교육위, 국정감사 증인으로 '김건희 논문' 김지용 국민대 이사장 채택",2025.09.23.,https://www.newspim.com/news/view/20250923000870,kookmin_media,,긍정,0.8323610424995422
[2025 국감] '김여사 논문 의혹' 국민대 이사장 등 증인 채택,2025.09.23.,https://news.unn.net/news/articleView.html?idxno=584310,kookmin_media,,긍정,0.6052358150482178
"교육위, '김여사 논문 의혹' 국민대 이사장 등 국감증인 채택",2025.09.23.,https://www.yna.co.kr/view/AKR20250923105900001?input=1195m,kookmin_media,,긍정,0.7370975613594055
[영상] “국감 4년째 도망” 분노 폭발한 교육위원장... 김지용 국민대...,2025.09.23.,http://facttv.kr/facttvnews/detail.php?number=43021&thread=21r02,kookmin_media,,부정,0.6979598999023438
"조폐공사, 국민대와 '화폐도안 속 인물 캐릭터화 구상 업무협약'...MZ세...",2025.09.23.,http://www.g-enews.com/ko-kr/news/article/news_all/20250923112307694a9fc143920_1/article.html,kookmin_media,,긍정,0.9276673197746276
조폐공사·국민대 손잡고 MZ세대 공략···화폐 인물 세계관 만든다,2025.09.22.,http://www.paxetv.com/news/articleView.html?idxno=246944,kookmin_media,,긍정,0.9083962440490724
"조폐공사·국민대, ‘화폐도안 속 인물의 캐릭터화 구상’ 업무협약",2025.09.22.,https://www.busan.com/view/busan/view.php?code=2025092209472504167,kookmin_media,,긍정,0.9084799885749816
"한국조폐공사·국민대학교, MZ세대 맞춤형 홍보 전략 추진",2025.09.22.,http://www.breaknews.com/1149504,kookmin_media,지역사회 ESG 파트너십,긍정,0.8875120878219604
"조폐공사-국민대, 화폐도안 속 인물 캐릭터화 구상 업무협약",2025.09.22.,http://www.dtnews24.com/news/articleView.html?idxno=798426,kookmin_media,,긍정,0.9323920011520386
"조폐공사-국민대학교, 화폐도안 속 인물의 캐릭터화 구상 위해 맞손",2025.09.22.,https://idsn.co.kr/news/view/1065593933721047,kookmin_media,,긍정,0.8874915838241577
"국민대 기후변화대응사업단, '텀블러 사용하기 챌린지' 진행",2025.09.22.,http://www.m-i.kr/news/articleView.html?idxno=1285012,kookmin_media,ESG 관련 캠페인,긍정,0.9436416625976562
국민대 한국조폐공사와 업무협약 체결,2025.09.22.,http://www.veritas-a.com/news/articleView.html?idxno=573781,kookmin_media,,긍정,0.9659695625305176
"국민대, 한국조폐공사와 MOU…MZ세대 홍보 전략 논의",2025.09.22.,https://www.newsis.com/view/NISX20250922_0003338562,kookmin_media,,긍정,0.8596629500389099
"국민대-한국조폐공사, ‘MZ세대와 소통 강화’ 힘 모은다",2025.09.22.,https://dhnews.co.kr/news/view/1065588480801771,kookmin_media,,긍정,0.9222044944763184
"조폐공사-국민대, 'MZ세대와의 소통 강화' 업무협약 체결",2025.09.22.,https://www.daejonilbo.com/news/articleView.html?idxno=2228407,kookmin_media,지역사회 ESG 파트너십,긍정,0.9415624737739564
"조폐공사-국민대, MZ세대와의 소통 강화 MOU",2025.09.22.,https://www.dailian.co.kr/news/view/1552249/?sc=Naver,kookmin_media,,긍정,0.9368805289268494
"조폐공사·국민대, '화폐 속 위인' MZ세대 맞춤 캐릭터로 재탄생",2025.09.22.,https://www.goodkyung.com/news/articleView.html?idxno=272943,kookmin_media,,긍정,0.7854227423667908
"한국조폐공사, 국민대학교와 MZ세대 소통 협약",2025.09.22.,http://www.iminju.net/news/articleView.html?idxno=142594,kookmin_media,,긍정,0.94599586725235
"조폐공사-국민대, 화폐도안 속 인물의 캐릭터화 구상 업무협약 체결",2025.09.22.,https://biz.heraldcorp.com/article/10580319?ref=naver,kookmin_media,,긍정,0.9093760848045348
"조폐공사-국민대, 화폐도안 속 인물의 캐릭터화 구상 '맞손'",2025.09.22.,http://www.ccnnews.co.kr/news/articleView.html?idxno=385834,kookmin_media,,긍정,0.9357950091362
"조폐공사-국민대학교, 화폐도안속 인물 캐릭터화 구상 업무협약 체결",2025.09.22.,http://www.wsobi.com/news/articleView.html?idxno=290460,kookmin_media,,긍정,0.7059776186943054
"한국조폐공사·국민대학교, 화폐도안 속 인물의 캐릭터화 구상 업무협약...",2025.09.22.,https://www.newscj.com/news/articleView.html?idxno=3320360,kookmin_media,,긍정,0.8888957500457764
"조폐공사-국민대, MZ세대 공감대 형성 및 홍보전략 모색 맞손",2025.09.22.,http://www.chungnamilbo.co.kr/news/articleView.html?idxno=850578,kookmin_media,,긍정,0.9411100745201112
‘MZ세대 소통’ 위한 한국조폐공사-국민대 업무협약 체결,2025.09.22.,https://cc.newdaily.co.kr/site/data/html/2025/09/22/2025092200046.html,kookmin_media,지역사회 ESG 파트너십,긍정,0.9205211400985718
"조폐공사·국민대, 화폐도안 속 인물 캐릭터화 구상 업무협약 체결",2025.09.22.,https://www.joongangenews.com/news/articleView.html?idxno=452134,kookmin_media,,긍정,0.935925841331482
[단독] 4년 연속 못 나온다?... '김건희 논문' 감싼 국민대 이사장 국감...,2025.09.22.,https://www.hankookilbo.com/News/Read/A2025091913450003727?did=NA,kookmin_media,,부정,0.8976709246635437
"국민대-아마존웹서비스(AWS), 미래기술 교육혁신 협력",2025.09.19.,https://www.joongang.co.kr/article/25368319,kookmin_media,,긍정,0.9635810256004332
"국민대-성북구청, '텀블러 사용하기 챌린지'로 청년 주도 탄소중립 확산...",2025.09.19.,http://www.newstnt.com/news/articleView.html?idxno=534996,kookmin_media,ESG 관련 캠페인,긍정,0.9506256580352784
국민대 기후변화대응사업단 성북구청과 '텀블러 사용하기 챌린지' 진행,2025.09.19.,http://www.veritas-a.com/news/articleView.html?idxno=573533,kookmin_media,ESG 관련 캠페인,긍정,0.957306742668152
"국민대, 성북구청과 '텀블러 사용하기 챌린지' 진행",2025.09.19.,https://www.newsis.com/view/NISX20250919_0003336443,kookmin_media,ESG 관련 캠페인,긍정,0.9666948914527892
"국민대 기후변화대응사업단, 성북구청과 ‘텀블러 사용하기 챌린지’ 진...",2025.09.19.,https://www.hankookilbo.com/News/Read/A2025091916130003577?did=NA,kookmin_media,ESG 관련 캠페인,긍정,0.9387286901474
"국민대, 아마존웹서비스와 양자·AI 교육 혁신 맞손",2025.09.19.,https://www.newsfreezone.co.kr/news/articleView.html?idxno=648084,kookmin_media,,긍정,0.9630377888679504
"국민대, 아마존웹서비스와 손잡고 미래기술·교육 혁신 본격화",2025.09.19.,https://www.ekn.kr/web/view.php?key=20250919028408767,kookmin_media,,긍정,0.9376901388168336
"국민대, 아마존웹서비스와 미래 기술·교육 혁신 협력 관계 구축",2025.09.19.,https://www.newsis.com/view/NISX20250919_0003336272,kookmin_media,,긍정,0.9559469819068908
"성북구·국민대, 탄소중립 '텀블러 사용하기' 챌린지 진행",2025.09.19.,https://www.pinpointnews.co.kr/news/articleView.html?idxno=378426,kookmin_media,ESG 관련 캠페인,긍정,0.9577469825744628
"국민대, 아마존웹서비스(AWS)와 협력 관계 구축",2025.09.19.,http://www.dailysmart.co.kr/news/articleView.html?idxno=113572,kookmin_media,,긍정,0.9726179242134094
미래 기술 개발하고 교육 혁신…국민대-아마존웹서비스 '맞손',2025.09.19.,https://www.news1.kr/society/education/5918411,kookmin_media,,긍정,0.971373438835144
"국민대, 아마존웹서비스와 협력 관계 구축",2025.09.19.,https://www.etoday.co.kr/news/view/2508316,kookmin_media,,긍정,0.9150117635726928
국민대-AWS 맞손… 양자·AI 교육 혁신,2025.09.19.,http://www.edaily.co.kr/news/newspath.asp?newsid=03273446642301760,kookmin_media,,긍정,0.93980610370636
"국민대-AWS, 양자·AI 클라우드 교육·산학 협력 추진…마이크로학위·스...",2025.09.19.,http://www.newstnt.com/news/articleView.html?idxno=534831,kookmin_media,지역사회 ESG 파트너십,긍정,0.9558200240135192
"국민대-아마존웹서비스, ‘미래 기술·교육 혁신’ 맞손",2025.09.19.,https://dhnews.co.kr/news/view/1065581670726287,kookmin_media,,긍정,0.9430404305458068
"""양자·6G 보안 개가""...유일선 국민대 교수 IEEE 워킹그룹 의장 선출",2025.09.19.,https://zdnet.co.kr/view/?no=20250919103949,kookmin_media,,긍정,0.9679526686668396
"국민대 김희선 교수, '2025 영동세계국악엑스포'에서 난계악학공로상 수...",2025.09.19.,http://www.m-i.kr/news/articleView.html?idxno=1284136,kookmin_media,,긍정,0.8890719413757324
"국민대 자회사 사운드엣, 중소벤처기업부 ‘팁스(TIPS)’ 프로그램 선정",2025.09.19.,https://www.etoday.co.kr/news/view/2508204,kookmin_media,지역사회 ESG 파트너십,긍정,0.9149314165115356
"성북구·국민대학교, 탄소중립 ‘텀블러 사용하기’ 챌린지",2025.09.19.,https://weekly.cnbnews.com/news/article.html?no=190494,kookmin_media,ESG 관련 캠페인,긍정,0.9254553914070128
"국민대학교 김희선 교수, '2025 영동세계국악엑스포'서 난계악학공로상...",2025.09.19.,http://www.newstnt.com/news/articleView.html?idxno=534599,kookmin_media,,긍정,0.9550593495368958
"""국민대 유니폼""…한경록, 환한 웃음 속 여유→밤 거리의 에너지",2025.09.19.,https://www.topstarnews.net/news/articleView.html?idxno=15810969,kookmin_media,,긍정,0.9943808913230896
[현장취재]백소회에서 남성현 국민대 석좌교수(전 산림청장) 기후위기와...,2025.09.18.,https://www.joongdo.co.kr/web/view.php?key=20250918010007582,kookmin_media,,긍정,0.8757109045982361
국민대 교양대학 김희선 교수 '2025 영동세계국악엑스포' 난계악학공로...,2025.09.18.,http://www.veritas-a.com/news/articleView.html?idxno=573349,kookmin_media,,긍정,0.9738053679466248
국민대 무인항공기 제작 동아리 KRONE 전국대회 최우수상 수상,2025.09.18.,http://www.veritas-a.com/news/articleView.html?idxno=573270,kookmin_media,,긍정,0.9877967238426208
"국민대 김희선 교수(교양대학), '2025 영동세계국악엑스포'에서 난계악...",2025.09.18.,http://www.kyosu.net/news/articleView.html?idxno=144352,kookmin_media,,긍정,0.9737343192100524
"국민대 김희선 교수, 난계악학공로상 수상",2025.09.18.,https://dhnews.co.kr/news/view/1065598365431462,kookmin_media,,긍정,0.9614453911781312
"김희선 국민대 교양대학 교수, 2025 영동세계국악엑스포처 난계악학공로...",2025.09.18.,http://www.dailysmart.co.kr/news/articleView.html?idxno=113517,kookmin_media,,긍정,0.9724948406219482
"국민대 무인항공기 제작 동아리 ‘KRONE’, 전국대회 최우수상 수상",2025.09.18.,https://www.viva100.com/article/20250918501347,kookmin_media,,긍정,0.98406720161438
"국민대플랫폼SME연구센터, 온라인플랫폼·디지털상공인 위한 세미나 개...",2025.09.18.,https://www.news1.kr/industry/general-industry/5917184,kookmin_media,,긍정,0.8911348581314087
"국민대 무인항공기 제작 동이라 KRONE, 전국대회 최우수상",2025.09.18.,http://www.m-i.kr/news/articleView.html?idxno=1283876,kookmin_media,,긍정,0.970964252948761
"국민대 학생들, 전국 대학생 무인항공기 대회 최우수상",2025.09.18.,http://www.edaily.co.kr/news/newspath.asp?newsid=03958966642301432,kookmin_media,,긍정,0.9691351652145386
"국민대 무인항공기 제작 동아리 KRONE, 전국대회 최우수상 수상",2025.09.18.,http://www.dailysmart.co.kr/news/articleView.html?idxno=113506,kookmin_media,,긍정,0.9852575659751892
[포토]대담 진행하는 정구민 국민대학교 전자공학부 교수,2025.09.18.,http://www.edaily.co.kr/news/newspath.asp?newsid=03844166642301432,kookmin_media,,긍정,0.8675040602684021
"국민대 KRONE, 전국 대학생 자작모형 항공기 경진대회 '3년 연속 최우수...",2025.09.18.,http://www.newstnt.com/news/articleView.html?idxno=534345,kookmin_media,,긍정,0.9813379049301147
"국민대 무인항공기 제작 동아리 KRONE, 전국대회 ‘최우수상’",2025.09.18.,https://dhnews.co.kr/news/view/1065589796069642,kookmin_media,,긍정,0.9660911560058594
"한성대, 국민대 남성현 석좌교수 초청 특강 진행",2025.09.17.,https://www.newsis.com/view/NISX20250917_0003333221,kookmin_media,,긍정,0.9535681009292604
"한성대, 국민대학교 남성현 석좌교수 초청 '2025 HSU First Mover Academy' 5...",2025.09.17.,http://www.kyosu.net/news/articleView.html?idxno=144161,kookmin_media,,긍정,0.9287285804748536
한성대 국민대 남성현 석좌교수 초청 '2025 HSU First Mover Academy' 5차 특...,2025.09.17.,http://www.veritas-a.com/news/articleView.html?idxno=572994,kookmin_media,,긍정,0.9262401461601256
"한성대, 남성현 국민대 석좌교수 초청 '2025 HSU First Mover Academy' 5차 ...",2025.09.17.,http://www.dailysmart.co.kr/news/articleView.html?idxno=113410,kookmin_media,,긍정,0.9556291103363036
"국민대, 이준호 한국화웨이 부사장 초청 목요특강",2025.09.15.,https://dhnews.co.kr/news/view/1065578118905371,kookmin_media,,긍정,0.9381105303764344
"AI 시대, 기술을 넘어 사회를 읽는 통섭형 인재가 필요하다… 국민대서...",2025.09.15.,http://www.veritas-a.com/news/articleView.html?idxno=572437,kookmin_media,,긍정,0.9264280796051024
"국민대, 이준호 한국화훼이 부사장 초청 목요특강 강연 실시",2025.09.15.,http://www.dailysmart.co.kr/news/articleView.html?idxno=113256,kookmin_media,,긍정,0.9579991102218628
국민대 기후변화대응사업단 환경동아리 제22회 에너지의 날 캠페인 참여,2025.09.09.,http://www.veritas-a.com/news/articleView.html?idxno=571450,kookmin_media,"ESG 관련 캠페인,지역사회 ESG 교육 프로그램,청정 재생에너지",긍정,0.9755174517631532
"국민대 기후변화대응사업단, '제22회 에너지의 날' 캠페인 참여",2025.09.09.,https://www.newsis.com/view/NISX20250909_0003322076,kookmin_media,"ESG 관련 캠페인,지역사회 ESG 교육 프로그램",긍정,0.9593368172645568
"국민대 기후변화대응사업단 환경동아리 '디에코', 제22회 에너지의 날 ...",2025.09.09.,http://www.dailysmart.co.kr/news/articleView.html?idxno=113020,kookmin_media,"ESG 관련 캠페인,지역사회 ESG 교육 프로그램,청정 재생에너지",긍정,0.9603041410446168
"[이정민 국민대 중국학부 학생] ""차이나타운, 문화 외교의 장으로 만들...",2025.09.09.,https://www.incheonilbo.com/news/articleView.html?idxno=1302432,kookmin_media,,부정,0.7127510905265808
"류제명 과학기술정보통신부 차관, 국민대서 양자보안 혁신 현장 간담회...",2025.09.07.,http://www.m-i.kr/news/articleView.html?idxno=1278946,kookmin_media,,긍정,0.9257800579071044
"류제명 과기부 차관, 국민대서 양자보안 혁신 현장 간담회",2025.09.05.,https://www.joongang.co.kr/article/25364681,kookmin_media,,긍정,0.9245999455451964
"류제명 과기정통부 차관, 국민대에서 양자보안 혁신 간담회 개최",2025.09.05.,https://www.ekn.kr/web/view.php?key=20250905028094091,kookmin_media,,긍정,0.924251675605774
"류제명 과기정통부 차관, 국민대서 양자보안 혁신 현장 간담회 개최",2025.09.05.,https://www.viva100.com/article/20250905500835,kookmin_media,,긍정,0.9228530526161194
류제명 과학기술정보통신부 차관 국민대서 양자보안 혁신 현장 간담회 ...,2025.09.05.,http://www.veritas-a.com/news/articleView.html?idxno=570866,kookmin_media,,긍정,0.9495072364807128
"과기부 류제명 차관, 국민대서 양자보안 현장 간담회 개최",2025.09.05.,https://www.newsis.com/view/NISX20250905_0003317646,kookmin_media,,긍정,0.8923294544219971
"류제명 과기부 차관, 국민대서 양자보안 혁신 현장간담회",2025.09.05.,https://www.newsfreezone.co.kr/news/articleView.html?idxno=645263,kookmin_media,,긍정,0.9117454290390016
"류제명 과기정통부 차관, 국민대서 ‘양자보안 혁신 현장 간담회’",2025.09.05.,https://dhnews.co.kr/news/view/1065576154768029,kookmin_media,,긍정,0.9112948179244996
"국민대, 교육부 주관 ‘글로컬랩 컨소시엄형 사업’ 선정",2025.09.04.,https://www.naeil.com/news/read/560230?ref=naver,kookmin_media,,긍정,0.9657272100448608
"정구민 국민대 교수, 제3대 한국모빌리티학회장 취임",2025.09.04.,https://www.ebn.co.kr/news/articleView.html?idxno=1677217,kookmin_media,,긍정,0.9586344957351683
제3대 한국모빌리티학회장에 국민대 정구민 교수 선임,2025.09.04.,http://www.edaily.co.kr/news/newspath.asp?newsid=02528886642296840,kookmin_media,,긍정,0.9288496971130372
"[더벨]정구민 국민대 교수, 한국모빌리티학회장 취임",2025.09.03.,https://www.thebell.co.kr/free/content/ArticleView.asp?key=202509031622525840102683,kookmin_media,,긍정,0.6836270689964294
"모빌리티학회, 3대 회장에 정구민 국민대 교수 선임",2025.09.03.,http://www.inews24.com/view/1883202,kookmin_media,,긍정,0.9763686656951904
"국민대 자회사 주신에코솔루션, AI 무인 폐페트병 수거기 일본 수출",2025.09.03.,https://view.asiae.co.kr/article/2025090309084584754,kookmin_media,,긍정,0.981579065322876
"국민대, 교육부 ‘글로컬랩 컨소시엄형 사업’ 선정 … 방산 보안 특화...",2025.09.02.,https://www.munhwa.com/article/11530145?ref=naver,kookmin_media,,긍정,0.9522751569747924
"국민대, 교육부 주관 '글로컬랩 컨소시엄형 사업' 선정",2025.09.02.,http://www.m-i.kr/news/articleView.html?idxno=1277059,kookmin_media,,긍정,0.9492639899253844
"라프디, 국민대 소프트웨어융합대학과 산학협력 체결",2025.09.02.,https://www.etnews.com/20250902000049,kookmin_media,,긍정,0.973787784576416
"국민대, 교육부 주관 '글로컬랩(Glocal Lab) 컨소시엄형 사업' 선정",2025.09.01.,http://www.dailysmart.co.kr/news/articleView.html?idxno=112618,kookmin_media,,긍정,0.9778359532356262
국민대 교육부 주관 '글로컬랩(Glocal Lab) 컨소시엄형 사업' 선정,2025.09.01.,http://www.veritas-a.com/news/articleView.html?idxno=570055,kookmin_media,,긍정,0.9756198525428772
"국민대, 교육부 '글로컬 랩' 컨소시엄 주관대학 최종 선정… 9년간 216억...",2025.09.01.,http://www.newstnt.com/news/articleView.html?idxno=527217,kookmin_media,,긍정,0.9818440079689026
"국민대 소프트웨어융합대학, 제10회 알고리즘 대회 개최",2025.09.01.,http://www.m-i.kr/news/articleView.html?idxno=1276560,kookmin_media,,긍정,0.9892621636390686
"국민대 플랫폼SME연구센터, ‘디지털 상공인의 플랫폼 전략’ 리포트 발...",2025.10.31.,https://www.venturesquare.net/1011858,kookmin_media,,긍정,0.8909711241722107
아주자동차대-국민대 미래차 전문인력 양성 위한 업무협약 체결,2025.10.31.,http://www.veritas-a.com/news/articleView.html?idxno=579752,kookmin_media,지역사회 ESG 파트너십,긍정,0.9763861298561096
"국민대, 정은정 농촌사회학자 목요특강 초청 강연",2025.10.31.,https://www.onews.tv/news/articleView.html?idxno=262913,kookmin_media,,긍정,0.9371339082717896
"아주자동차대-국민대, 미래차 전문인력 양성 위한 업무협약 체결",2025.10.31.,https://news.unn.net/news/articleView.html?idxno=585663,kookmin_media,,긍정,0.9756155610084534
"정은정 농촌사회학자, 국민대 목요특강서 'K푸드로 본 삶과 사회' 강연",2025.10.31.,http://www.newstnt.com/news/articleView.html?idxno=549188,kookmin_media,,긍정,0.9829052686691284
"국민대, 정은정 농촌사회학자 초청 국민대 목요특강 실시",2025.10.31.,http://www.dailysmart.co.kr/news/articleView.html?idxno=115389,kookmin_media,,긍정,0.9697681665420532
"국민대 교양대학 라비 굽타 교수, 2년 연속 세계 상위 2% 연구자 선정",2025.10.30.,https://edu.donga.com/news/articleView.html?idxno=97515,kookmin_media,,긍정,0.9649767875671388
"국민대, 라비 굽타 교양대학 교수 2년 연속 세계 상위 2% 연구자 선정",2025.10.30.,http://www.m-i.kr/news/articleView.html?idxno=1297517,kookmin_media,,긍정,0.9604480266571044
"국민대 라비 굽타 교수, '2025 세계 상위 2% 연구자' 2년 연속 선정…벼...",2025.10.30.,http://www.newstnt.com/news/articleView.html?idxno=548649,kookmin_media,,긍정,0.9405556321144104
"국민대 김형민 교수 연구팀, 미세플라스틱을 빠르고 넓게 분석하는 초분...",2025.10.29.,https://www.onews.tv/news/articleView.html?idxno=262641,kookmin_media,,긍정,0.9792037010192872
"국민대, 초분광 라만 기술 개발...미세플라스틱 빠르고 넓게 분석",2025.10.29.,https://www.newsfreezone.co.kr/news/articleView.html?idxno=654637,kookmin_media,,긍정,0.9909159541130066
"국민대 김형민 교수 연구팀, 미세플라스틱 빠르고 넓게 분석하는 초분광...",2025.10.29.,https://www.viva100.com/article/20251029501629,kookmin_media,,긍정,0.9862045049667358
"김형민 국민대 교수팀, 미세플라스틱 분석 시간 단축 기술 개발",2025.10.29.,http://www.m-i.kr/news/articleView.html?idxno=1296838,kookmin_media,유해 폐기물관리,긍정,0.9882728457450868
"국민대, 미세플라스틱 ‘1시간 이내 검사’ 기술 개발",2025.10.29.,http://www.edaily.co.kr/news/newspath.asp?newsid=05343126642337840,kookmin_media,,긍정,0.9875723123550416
"김형민 국민대 응용화학부 교수 연구팀, 미세플라스틱 빠르고 넓게 분석...",2025.10.29.,http://www.dailysmart.co.kr/news/articleView.html?idxno=115237,kookmin_media,폐기물 배출,긍정,0.985956072807312
"이노그리드, 국민대와 SW·클라우드 융합형 인재양성 위한 업무협약 체...",2025.10.29.,https://www.epnc.co.kr/news/articleView.html?idxno=324035,kookmin_media,,긍정,0.9354884028434752
"이노그리드, 국민대와 SW·클라우드 융합형 인재양성 협력",2025.10.29.,http://www.inews24.com/view/1900906,kookmin_media,,긍정,0.9693060517311096
"이노그리드, 국민대와 SW·클라우드 융합형 인재양성 나서",2025.10.29.,https://www.hellot.net/news/article.html?no=106637,kookmin_media,지역사회 ESG 파트너십,긍정,0.9182737469673156
"이노그리드, 국민대학교 소프트웨어융합대학과 업무협약 체결",2025.10.29.,https://www.venturesquare.net/1011337,kookmin_media,,긍정,0.9488879442214966
"국민대 교양대학 남기현 교수, 5년 연속 세계 상위 2% 연구자 선정",2025.10.29.,https://www.joongangenews.com/news/articleView.html?idxno=460583,kookmin_media,,긍정,0.9518648386001588
"[테크스냅] 이노그리드, 국민대와 소프트웨어 융합인재 업무협약",2025.10.29.,https://www.yna.co.kr/view/AKR20251029068000017?input=1195m,kookmin_media,지역사회 ESG 파트너십,긍정,0.8824000954627991
"이노그리드, 국민대와 업무협약 체결…SW·클라우드 융합형 인재양성",2025.10.29.,https://www.etnews.com/20251029000081,kookmin_media,지역사회 ESG 파트너십,긍정,0.9592278599739076
"이노그리드, 국민대 SW융합대학과 융합형 인재양성 협력",2025.10.29.,https://www.datanet.co.kr/news/articleView.html?idxno=206378,kookmin_media,지역사회 ESG 파트너십,긍정,0.965074062347412
"이노그리드, 국민대와 인재양성 업무협약 체결",2025.10.29.,https://www.newsfreezone.co.kr/news/articleView.html?idxno=654470,kookmin_media,,긍정,0.944774568080902
"국민대 평생교육원, 뇌파 기반 뉴로피드백 일반과정 개설 설명회 개최",2025.10.29.,https://www.fntoday.co.kr/news/articleView.html?idxno=366879,kookmin_media,지역사회 ESG 교육 프로그램,긍정,0.9744169116020204
"국민대 남기현 교수, 생화학·분자생물학 분야 '세계 상위 0.94% 연구자'...",2025.10.29.,https://biz.newdaily.co.kr/site/data/html/2025/10/29/2025102900001.html,kookmin_media,,긍정,0.8689955472946167
"개교 79주년 국민대, 경쟁우위 DNA 확보하는 4대 전략 및 8대 특성화 분...",2025.10.29.,https://www.donga.com/news/Society/article/all/20251028/132644566/2,kookmin_media,,긍정,0.9605514407157898
"남기현 국민대 교수, '세계 상위 2% 연구자' 명단에 5년 연속 선정",2025.10.28.,https://www.newsis.com/view/NISX20251028_0003380452,kookmin_media,,긍정,0.9414790868759156
"국민대 남기현 교수, 엘스비어·스탠퍼드 발표 '2025 세계 상위 2% 연구자...",2025.10.28.,http://www.newstnt.com/news/articleView.html?idxno=547649,kookmin_media,,긍정,0.9421848654747008
"국민대, 교육부 주관 ‘글로컬랩 방산기술보호연구소’ 개소",2025.10.28.,https://www.munhwa.com/article/11542588?ref=naver,kookmin_media,,긍정,0.8388767242431641
"국민대, 방산기술보호연구소 개소식 개최",2025.10.28.,https://view.asiae.co.kr/article/2025102716143772898,kookmin_media,,긍정,0.8900556564331055
"윤 정권 땐 '김건희 논문' 표절 아니라던 국민대, 이제 와서",2025.10.27.,https://news.jtbc.co.kr/article/NB12268301?influxDiv=NAVER,kookmin_media,,부정,0.9413933157920836
"국민대 ""신뢰 회복 위해 김건희 논문 재검증""‥논문 심사 과정도 따져본...",2025.10.27.,https://imnews.imbc.com/news/2025/politics/article/6769288_36711.html,kookmin_media,,긍정,0.7469399571418762
"국민대, 교육부 주관 '글로컬랩 방산기술보호연구소' 개소",2025.10.27.,https://www.kfenews.co.kr/news/articleView.html?idxno=647951,kookmin_media,,긍정,0.91371887922287
"국민대, 방산기술보호硏 개소 … 국가 첨단보안·암호기술 개발 이끈다",2025.10.27.,https://biz.newdaily.co.kr/site/data/html/2025/10/27/2025102700374.html,kookmin_media,,긍정,0.9594253301620485
국민대 방산기술보호연구소 개소…“방산 보안 연구 거점”,2025.10.27.,http://www.edaily.co.kr/news/newspath.asp?newsid=03509606642337184,kookmin_media,,긍정,0.9223045706748962
"김건희 국민대 논문 표절률 32%… ""국민대, 신속한 재검증 필요""",2025.10.27.,https://news.unn.net/news/articleView.html?idxno=585447,kookmin_media,,부정,0.7617136836051941
"국민대, 교육부 주관 '글로컬랩(Glocal Lab) 방산기술보호연구소' 개소",2025.10.27.,https://edu.donga.com/news/articleView.html?idxno=97212,kookmin_media,,긍정,0.8666679263114929
"국민대 ""김건희 논문 외부 검증 수용""...김영호 ""이행하라""",2025.10.27.,https://www.ohmynews.com/NWS_Web/View/at_pg.aspx?CNTN_CD=A0003177417&CMPT_CD=P0010&utm_source=naver&utm_medium=newsearch&utm_campaign=naver_news,kookmin_media,,부정,0.6096514463424683
"국회 교육위원장 ""김건희 박사논문도 표절‥국민대, 대국민 사과해야""",2025.10.27.,https://imnews.imbc.com/news/2025/politics/article/6769150_36711.html,kookmin_media,,부정,0.848656415939331
"국민대, 교육부 글로컬랩 '방산기술보호연구소' 개소…9년간 216억 원 연...",2025.10.27.,http://www.newstnt.com/news/articleView.html?idxno=546892,kookmin_media,,긍정,0.931685745716095
"국민대-윤민창의투자재단, 실전 창업교육 협력",2025.10.27.,https://view.asiae.co.kr/article/2025102210193552925,kookmin_media,지역사회 ESG 파트너십,긍정,0.9500536322593688
"국민대, '교육부 글로컬랩 방산기술보호연구소 개소식' 개최",2025.10.27.,https://www.newsis.com/view/NISX20251027_0003377738,kookmin_media,,긍정,0.8410667777061462
"국민대, 전통과 현대를 잇는 신규 학위복 제작",2025.10.26.,https://www.naeil.com/news/read/565263?ref=naver,kookmin_media,,긍정,0.9798172116279602
"국민대, ADI와 국제적 디자인 어워드 'DBEW' 만든다",2025.10.26.,http://www.m-i.kr/news/articleView.html?idxno=1295290,kookmin_media,,긍정,0.9835213422775269
"손주은 메가스터디그룹 회장, 국민대 목요특강서 강연",2025.10.26.,https://www.naeil.com/news/read/565247?ref=naver,kookmin_media,,긍정,0.934595227241516
"국민대, 세계 디자인 협회와 손잡고 국제 규모 디자인 AWARD 만든다",2025.10.24.,https://news.unn.net/news/articleView.html?idxno=585409,kookmin_media,,긍정,0.9823581576347352
"국민대, 세계 디자인 협회 ADI와 손잡고 국제 규모 디자인 AWARD 만든다",2025.10.24.,https://www.joongangenews.com/news/articleView.html?idxno=459613,kookmin_media,,긍정,0.9840425848960876
"국민대, 세계적 디자인 협회 손 잡고 '디자인 어워드' 만든다",2025.10.24.,https://www.news1.kr/society/education/5952561,kookmin_media,,긍정,0.9809086322784424
"국민대 하준수 교수, 철원 노동당사에 미디어아트 전시",2025.10.24.,https://www.newsis.com/view/NISX20251024_0003375812,kookmin_media,,긍정,0.974785566329956
"국민대, 국제디자인협회와 손잡고 ‘디자인 어워드’ 만든다",2025.10.24.,http://www.edaily.co.kr/news/newspath.asp?newsid=03749046642336200,kookmin_media,,긍정,0.9545558094978333
국민대·ADI 공동 출범 'DBEW AWARD' 공개…동서 조화 지향 디자인 인재...,2025.10.24.,http://www.newstnt.com/news/articleView.html?idxno=546169,kookmin_media,,긍정,0.972537636756897
서강학보·국민대신문 등 생명존중 문화확산 공로 표창,2025.10.24.,http://www.metroseoul.co.kr/article/20251024500183,kookmin_media,,긍정,0.9304187297821044
"국민대 하준수 교수, 철원 노동당사에 미디어아트 선보여",2025.10.24.,https://dhnews.co.kr/news/view/1065578322417390,kookmin_media,,긍정,0.9907791614532472
"하준수 국민대 영상디자인학과 교수, 철원 노동당사서 미디어아트 선보...",2025.10.24.,http://www.dailysmart.co.kr/news/articleView.html?idxno=115001,kookmin_media,,긍정,0.9875739216804504
"국민대, 손주은 메가스터디그룹 회장 초청 국민대 목요특강 실시",2025.10.24.,http://www.dailysmart.co.kr/news/articleView.html?idxno=114937,kookmin_media,,긍정,0.9630040526390076
"국민대, 개교 79주년 기념 KMU PRIDE WEEK 기간 '천원의 저녁밥' 행사 개...",2025.10.23.,http://www.newstnt.com/news/articleView.html?idxno=545595,kookmin_media,,긍정,0.9867123365402222
국민대 인근 도로서 3중 추돌사고…화물차 화재,2025.10.22.,http://www.yonhapnewstv.co.kr/MYH20251022211454DZi,kookmin_media,,부정,0.5460379123687744
국민대 앞 도로서 3중 추돌로 화물차 화재…인명 피해 없어,2025.10.22.,https://www.news1.kr/society/incident-accident/5950378,kookmin_media,,부정,0.583793044090271
국민대 앞 도로서 삼중 추돌 후 화재 발생,2025.10.22.,http://www.m-i.kr/news/articleView.html?idxno=1294262,kookmin_media,,부정,0.6343091726303101
국민대 앞 3중 추돌로 화물차 화재…인명피해 없어,2025.10.22.,https://www.newsis.com/view/NISX20251022_0003373212,kookmin_media,,부정,0.5546990036964417
국민대 앞 도로서 3중 추돌 후 화물차 화재…인명 피해 없어,2025.10.22.,https://news.sbs.co.kr/news/endPage.do?news_id=N1008302002&plink=ORI&cooper=NAVER,kookmin_media,,부정,0.6111740469932556
국민대 앞 도로서 3중 추돌 후 화물차 화재…인명피해 없어,2025.10.22.,https://www.yna.co.kr/view/AKR20251022149800004?input=1195m,kookmin_media,,긍정,0.6626812815666199
국민대 앞 3중 추돌사고 발생,2025.10.22.,https://www.newspim.com/news/view/20251022001241,kookmin_media,,긍정,0.9468541741371156
국민대 앞 3중 추돌사고 발생...2개 차로 통제,2025.10.22.,https://www.newspim.com/news/view/20251022001239,kookmin_media,,긍정,0.9409740567207336
국민대 앞 3중 추돌사고...트럭 화재,2025.10.22.,https://www.newspim.com/news/view/20251022001240,kookmin_media,,긍정,0.926588237285614
국민대학교 앞 차량 사고...진화중인 소방대원,2025.10.22.,https://www.newspim.com/news/view/20251022001236,kookmin_media,,긍정,0.7380735874176025
"국민대, 중간고사 기간 '천원의 저녁밥' 운영",2025.10.22.,http://www.m-i.kr/news/articleView.html?idxno=1294174,kookmin_media,음식물 쓰레기 저감,긍정,0.9601957201957704
"국민대, 중간고사 응원 '천원의 저녁밥' 행사 진행",2025.10.22.,https://www.newsis.com/view/NISX20251022_0003372822,kookmin_media,,긍정,0.8688158392906189
"천원의 저녁밥에 담은 온기… 국민대, 중간고사 기간 '천원의 저녁밥' ...",2025.10.22.,https://edu.donga.com/news/articleView.html?idxno=96973,kookmin_media,,긍정,0.9870725274086
"국민대, 중간고사 기간 ‘천원의 저녁밥’ 운영",2025.10.22.,https://dhnews.co.kr/news/view/1065587697170548,kookmin_media,,긍정,0.9426109790802002
국민대 중간고사 기간 '천원의 저녁밥' 운영,2025.10.22.,http://www.veritas-a.com/news/articleView.html?idxno=577824,kookmin_media,음식물 쓰레기 저감,긍정,0.9856319427490234
"""바쁜 시험기간 저렴하지만 든든한 한 끼""…국민대 '천원의 저녁밥' 행...",2025.10.22.,https://www.news1.kr/society/education/5949782,kookmin_media,,긍정,0.9403564929962158
"국민대-윤민창의투자재단, 실전 창업 교육과정 개발·운영 협약",2025.10.22.,https://www.joongang.co.kr/article/25375790,kookmin_media,지역사회 ESG 파트너십,긍정,0.9553934931755066
"국민대-윤민창의투자재단, 실전 창업교육 및 투자 연계 위해 '맞손'",2025.10.22.,https://www.joongangenews.com/news/articleView.html?idxno=458717,kookmin_media,지역사회 ESG 파트너십,긍정,0.9814562797546388
"국민대-윤민창의투자재단, 실전 창업교육 공동개발·운영 업무협약 체결",2025.10.22.,http://www.newstnt.com/news/articleView.html?idxno=544904,kookmin_media,지역사회 ESG 파트너십,긍정,0.9558875560760498
"국민대, 개교 80주년 맞아 전통 복식 계승한 새 학위복 공개",2025.10.22.,http://www.newstnt.com/news/articleView.html?idxno=544903,kookmin_media,,긍정,0.966218113899231
"국민대, 개교 79주년 기념식·미래 비전선포식",2025.10.21.,https://www.joongang.co.kr/article/25375594,kookmin_media,,긍정,0.9587083458900452
"국민대-윤민창의투자재단, 실전 창업교육 공동 개발 '맞손'",2025.10.21.,https://www.newsis.com/view/NISX20251021_0003371394,kookmin_media,지역사회 ESG 파트너십,긍정,0.973394513130188
"국민대, 새 학위복 선봬 … 왕의 면복서 착안, 상징색 '블루' 엮어",2025.10.21.,https://biz.newdaily.co.kr/site/data/html/2025/10/21/2025102100416.html,kookmin_media,,긍정,0.9839017987251282
"국민대-윤민창의투자재단, 실전 창업교육 및 투자 연계 위한 MOU 체결",2025.10.21.,https://www.etoday.co.kr/news/view/2516934,kookmin_media,지역사회 ESG 파트너십,긍정,0.9818628430366516
국민대-윤민창의투자재단 실전 창업 교육과정 공동 개발/운영 위한 업무...,2025.10.21.,http://www.veritas-a.com/news/articleView.html?idxno=577654,kookmin_media,지역사회 ESG 파트너십,긍정,0.9667242765426636
국민대 개교 80주년 기념 신규 학위복 제작,2025.10.21.,http://www.veritas-a.com/news/articleView.html?idxno=577592,kookmin_media,,긍정,0.9717794060707092
"국민대-윤민창의투자재단, ‘실전 창업교육 및 투자 연계’ 맞손",2025.10.21.,https://dhnews.co.kr/news/view/1065595488867536,kookmin_media,지역사회 ESG 파트너십,긍정,0.9359254240989684
"국민대, 윤민창의투자재단과 실천 창업교육·투자 연계 위해 '맞손'",2025.10.21.,http://www.dailysmart.co.kr/news/articleView.html?idxno=114801,kookmin_media,지역사회 ESG 파트너십,긍정,0.9819466471672058
"국민대, 전통과 현대 잇는 새 학위복 제작·공개",2025.10.21.,https://www.newsfreezone.co.kr/news/articleView.html?idxno=653044,kookmin_media,,긍정,0.981163203716278
"국민대-윤민창의투자재단, 실전 창업교육 및 투자 연계 위해 손잡다",2025.10.21.,https://edu.donga.com/news/articleView.html?idxno=96897,kookmin_media,지역사회 ESG 파트너십,긍정,0.9530447125434875
"국민대, 개교 80주년 기념 '새로운 학위복' 공개",2025.10.21.,https://www.newsis.com/view/NISX20251021_0003371121,kookmin_media,,긍정,0.9645927548408508
"국민대, 전통과 현대 잇는 신규 학위복 공개",2025.10.21.,https://view.asiae.co.kr/article/2025102114111296085,kookmin_media,,긍정,0.979211926460266
"국민대, 내년 개교 80주년 기념 새 학위복 디자인 공개",2025.10.21.,https://www.news1.kr/society/education/5948362,kookmin_media,,긍정,0.957952916622162
"국민대, 개교 80주년 기념 신규 학위복 공개",2025.10.21.,https://www.onews.tv/news/articleView.html?idxno=261751,kookmin_media,,긍정,0.9850484728813172
"국민대 개교 79년 기념 미래 비전 선포 … “2035년 세계 Top 300, 국내 To...",2025.10.21.,https://www.munhwa.com/article/11540853?ref=naver,kookmin_media,,긍정,0.951576054096222
"국민대, 전통과 현대 잇는 신규 학위복 제작",2025.10.21.,https://dhnews.co.kr/news/view/1065589678720604,kookmin_media,,긍정,0.9602639079093932
정승렬 국민대 총장 “경계없는 교육·글로벌 경쟁력 강화로 세계 TOP300...,2025.10.21.,http://www.metroseoul.co.kr/article/20251021500323,kookmin_media,,긍정,0.9788626432418824
"국민대, 개교 79주년 기념식 및 미래 비전선포식 개최",2025.10.21.,http://www.m-i.kr/news/articleView.html?idxno=1293362,kookmin_media,,긍정,0.9591013193130492
"[교육 & NOW] 국민대, 개교 79주년 기념식·미래 비전 선포식 등",2025.10.20.,https://www.ebn.co.kr/news/articleView.html?idxno=1682831,kookmin_media,,긍정,0.9119644165039062
"국민대 ""10년 뒤 국내 톱8·세계 톱300 진입 … 교육·연구·글로벌 경쟁...",2025.10.20.,https://biz.newdaily.co.kr/site/data/html/2025/10/20/2025102000416.html,kookmin_media,,긍정,0.965093731880188
"국민대, '개교 79주년 기념식·미래 비전선포식' 개최",2025.10.20.,https://www.newsis.com/view/NISX20251020_0003369670,kookmin_media,,긍정,0.9284613132476808
"국민대, 개교 79주년 기념식 및 미래 비전 선포식 개최",2025.10.20.,https://www.etoday.co.kr/news/view/2516495,kookmin_media,,긍정,0.9543434381484984
국민대 개교 79주년 기념식…'고등교육 표준 제시' 비전 선포,2025.10.20.,https://news.tvchosun.com/site/data/html_dir/2025/10/20/2025102090241.html,kookmin_media,,긍정,0.9649571776390076
"국민대, 개교 79주년 기념식서 'KMU VISION 2035: EDGE' 선포…""세계 TOP 3...",2025.10.20.,http://www.newstnt.com/news/articleView.html?idxno=544174,kookmin_media,,긍정,0.9543828368186952
"손주은 메가스터디그룹 회장 ""적응력·공감 능력 중요""…국민대 강연",2025.10.20.,https://www.widedaily.com/news/articleView.html?idxno=280589,kookmin_media,,긍정,0.8825651407241821
"""교육은 진화해야 한다""... 국민대, 손주은 메가스터디 회장 초청",2025.10.20.,https://edu.donga.com/news/articleView.html?idxno=96787,kookmin_media,,긍정,0.9537055492401124
"손주은 메가스터디그룹 회장, 국민대 목요특강서 '교육의 본질과 AI 시대...",2025.10.20.,http://www.newstnt.com/news/articleView.html?idxno=544022,kookmin_media,,긍정,0.9429848194122314
"최성진 국민대 전자공학부 교수, 3년 연속 세계 상위 2% 연구자 선정",2025.10.20.,http://www.dailysmart.co.kr/news/articleView.html?idxno=114667,kookmin_media,,긍정,0.9790472388267516
"국민대, 2025 대학생 자작자동차대회 9년 연속 종합 우승",2025.10.19.,https://www.naeil.com/news/read/564422?ref=naver,kookmin_media,,긍정,0.9483962059020996
"국민대학교 최성진 교수, '2025 세계 상위 2% 연구자' 3년 연속 선정",2025.10.18.,http://www.newstnt.com/news/articleView.html?idxno=543667,kookmin_media,,긍정,0.9681369066238404
"국민대 최성진 교수, 3년 연속 '세계 최상위 2% 연구자'에 선정 … 고밀...",2025.10.17.,https://biz.newdaily.co.kr/site/data/html/2025/10/17/2025101700380.html,kookmin_media,,긍정,0.9425512552261353
"'英박사' 학위위조 국민대 교수, 항소심서 징역 10월로 감형",2025.10.16.,https://www.newsis.com/view/NISX20251016_0003365029,kookmin_media,,부정,0.8616067171096802
"국민대 동아리 ‘KOOKMIN RACING’, 대학생 자작자동차대회 9년 연속 종합...",2025.10.15.,https://www.munhwa.com/article/11539463?ref=naver,kookmin_media,,긍정,0.951972246170044
국민대 학생들 ‘대학생 자작차 대회’서 9년 연속 우승,2025.10.15.,http://www.edaily.co.kr/news/newspath.asp?newsid=03319366642333248,kookmin_media,,긍정,0.901049792766571
"국민대 ‘국민 레이싱’, 자작자동차대회 9년 연속 우승",2025.10.15.,https://view.asiae.co.kr/article/2025101413415253017,kookmin_media,,긍정,0.9798393845558168
"국민대 KORA팀, 대학생 자작자동차대회 9년 연속 종합 우승",2025.10.14.,https://www.joongang.co.kr/article/25373666,kookmin_media,,긍정,0.9680312275886536
"국민대 자작자동차동아리 KORA, FSK 2025 9년 연속 종합 우승",2025.10.14.,http://www.m-i.kr/news/articleView.html?idxno=1291040,kookmin_media,,긍정,0.9456695318222046
"'따를 자가 없다' … 국민대 자작車동아리 '국민 레이싱'팀, 전국대회 포...",2025.10.14.,https://biz.newdaily.co.kr/site/data/html/2025/10/14/2025101400276.html,kookmin_media,,긍정,0.9910646677017212
"국민대 자작자동차동아리, 2025 대학생 자작자동차대회 9년 연속 종합 우...",2025.10.14.,https://www.dt.co.kr/article/12022736?ref=naver,kookmin_media,,긍정,0.939501404762268
"국민대 자작자동차동아리 KOOKMIN RACING, 대학생 자작자동차대회 9년 연...",2025.10.14.,https://www.onews.tv/news/articleView.html?idxno=261053,kookmin_media,,긍정,0.9330631494522096
"국민대 KORA, FSK 2025 포뮬러 부문 9년 연속 종합우승…E-Formula 2대 동시...",2025.10.14.,http://www.newstnt.com/news/articleView.html?idxno=542056,kookmin_media,,긍정,0.9649922251701356
"국민대 KOOKMIN RACING팀, 2025 대학생 자작자동차대회 9년 연속 종합 우...",2025.10.14.,https://news.unn.net/news/articleView.html?idxno=584909,kookmin_media,,긍정,0.961256980895996
"국민대 KORA팀, 대학생 자작자동차대회 9년 연속 종합우승",2025.10.14.,https://www.newsfreezone.co.kr/news/articleView.html?idxno=651496,kookmin_media,,긍정,0.950370728969574
"국민대 자작자동차동아리 KOOKMIN RACING, 2025 대학생 자작자동차대회 ...",2025.10.14.,https://www.kfenews.co.kr/news/articleView.html?idxno=647150,kookmin_media,,긍정,0.925233781337738
"국민대 동아리 '국민 레이싱', '대학생 자작자동차대회' 9년 연속 종합 ...",2025.10.14.,https://www.newsis.com/view/NISX20251014_0003361594,kookmin_media,,긍정,0.9234705567359924
"국민대, ‘대학생 자작자동차대회’ 9년 연속 종합 우승",2025.10.14.,https://dhnews.co.kr/news/view/1065574916469281,kookmin_media,,긍정,0.9488293528556824
"국민대 자작자동차 동아리 KOOKMIN RACING, 2025 대학생 자작자동차대회...",2025.10.14.,http://www.dailysmart.co.kr/news/articleView.html?idxno=114421,kookmin_media,,긍정,0.9323371052742004
"국민대 동아리 ‘KORA’, 대학생 자작자동차대회 9년 연속 종합우승",2025.10.14.,https://www.etoday.co.kr/news/view/2514420,kookmin_media,,긍정,0.960507869720459
국민대 자작자동차동아리 KOOKMIN RACING 2025 대학생 자작자동차대회 9년...,2025.10.14.,http://www.veritas-a.com/news/articleView.html?idxno=576398,kookmin_media,,긍정,0.9545568227767944
"국민대 창업동아리 Seed wave팀, 몽골 국제 IR 피칭대회 최종 우승",2025.10.13.,https://www.etoday.co.kr/news/view/2514250,kookmin_media,,긍정,0.914114773273468
"""음식은 단순하고, 몸은 복잡하다""… 국민대 목요특강에서 전한 식품의...",2025.10.10.,http://www.kyosu.net/news/articleView.html?idxno=145899,kookmin_media,,긍정,0.974900484085083
국민대 학생들 ‘씨드컵’ 캠페인 화제...“버려진 종이컵이 꽃이 됐다...,2025.10.10.,https://www.gosiweek.com/article/1065583847301143,kookmin_media,"ESG 관련 캠페인,폐기물 배출",긍정,0.9343072175979614
"""버려진 종이컵이 꽃이 된다"" 국민대 학생들, 친환경 '씨드컵' 캠페인 화...",2025.10.09.,https://www.thepublic.kr/news/articleView.html?idxno=279249,kookmin_media,"ESG 관련 캠페인,폐기물 배출",긍정,0.9627920985221864
국민대 ‘2025 SW·AI 융합 DAY’ 개최,2025.10.08.,https://www.naeil.com/news/read/563496?ref=naver,kookmin_media,,긍정,0.9801579117774964
국민대 ‘2025 국민암호페스티벌’ 성황리 개최,2025.10.07.,https://www.naeil.com/news/read/563478?ref=naver,kookmin_media,,긍정,0.947625994682312
"[속보] 추석 연휴 국민대서 20대 남성의 시체 한 구가 발견됐고, 조사 중...",2025.10.05.,https://www.huffingtonpost.kr/news/articleView.html?idxno=238873,kookmin_media,,긍정,0.709284782409668
"국민대학교에서 20대 남성 숨진 채 발견 | 경찰, 정확한 사망 경위 조사...",2025.10.05.,http://monthly.chosun.com/client/mdaily/daily_view.asp?idx=23029&Newsnumb=20251023029,kookmin_media,,긍정,0.747391402721405
국민대서 20대 남성 숨진 채 발견…경찰 조사 중,2025.10.05.,https://biz.heraldcorp.com/article/10589553?ref=naver,kookmin_media,,부정,0.6150991916656494
국민대서 20대 추정 남성 숨진 채 발견... 범죄 혐의점은 없어,2025.10.05.,http://www.fnnews.com/news/202510050852400781,kookmin_media,,긍정,0.6799784302711487
국민대학교서 20대 추정 남성 숨진 채 발견…경찰 사망 경위 조사 중,2025.10.05.,https://www.mk.co.kr/article/11436225,kookmin_media,,부정,0.5073944330215454
"국민대 목요특강, 최낙언 “먹는 것보다 활용이 중요”",2025.10.05.,http://www.metroseoul.co.kr/article/20251004500018,kookmin_media,,긍정,0.9553309082984924
추석 연휴 국민대에서 20대 남성 숨진 채 발견,2025.10.05.,https://www.insight.co.kr/news/523168,kookmin_media,,긍정,0.6192224025726318
[속보]추석연휴 국민대서 20대男 숨진 채 발견,2025.10.04.,https://www.munhwa.com/article/11537768?ref=naver,kookmin_media,,긍정,0.5940344929695129
국민대학교에서 20대 男 숨진 채 발견,2025.10.04.,https://www.imaeil.com/page/view/2025100417180524330,kookmin_media,,긍정,0.6891306042671204
추석 연휴 국민대서 20대 남성 숨진 채 발견,2025.10.04.,https://www.wikitree.co.kr/articles/1086439,kookmin_media,,긍정,0.7176656723022461
[속보] 추석연휴 국민대에서 20대男 숨진 채 발견,2025.10.04.,https://www.segye.com/newsView/20251004506151?OutUrl=naver,kookmin_media,,부정,0.585822582244873
[속보] 국민대서 20대 남성 숨진 채 발견,2025.10.04.,https://www.gukjenews.com/news/articleView.html?idxno=3395369,kookmin_media,,긍정,0.7106813788414001
[단독] 국민대에서 20대 추정 남성 숨진 채 발견⋯경찰 조사,2025.10.04.,http://mbn.mk.co.kr/pages/news/newsView.php?category=mbn00009&news_seq_no=5145645,kookmin_media,,긍정,0.5575401186943054
"[단독] 국민대 이사장, 또 한국 떴다…국감 회피 '4년째 해외로'",2025.10.03.,https://news.jtbc.co.kr/article/NB12265581?influxDiv=NAVER,kookmin_media,,부정,0.953035056591034
"국민대 DF&C, CHES서 S-박스 회로 최적화 신프레임워크 발표…TCHES 동시...",2025.10.03.,http://www.metroseoul.co.kr/article/20251003500033,kookmin_media,,긍정,0.9183687567710876
"국민대학교, 제651회 목요특강에 최낙언 대표 초청…""음식은 단순, 우리...",2025.10.02.,http://www.newstnt.com/news/articleView.html?idxno=540507,kookmin_media,,긍정,0.955693781375885
"국민대 DF&C 연구실, CHES서 S-box 회로 최적화 성과 발표…TCHES 동시 게...",2025.10.02.,http://www.newstnt.com/news/articleView.html?idxno=540506,kookmin_media,,긍정,0.8317453265190125
국민대 기후변화대응사업단 '2025 HUSS 환경컨소시엄 동아리연합 워크숍...,2025.10.02.,http://www.veritas-a.com/news/articleView.html?idxno=575950,kookmin_media,ESG 관련 캠페인,긍정,0.9815719127655028
"국민대 김종성 교수 연구팀, 초저지연 고성능 AES S-box 구현 기술 CHES...",2025.10.02.,http://www.veritas-a.com/news/articleView.html?idxno=575935,kookmin_media,,긍정,0.9023391008377076
"국민대, '국민암호페스티벌'서 사이버 위협·해킹 대비 정보보안·암호...",2025.10.02.,https://www.newsfreezone.co.kr/news/articleView.html?idxno=650745,kookmin_media,,긍정,0.8782483339309692
"국민대 기후변화대응사업단, ‘2025 HUSS 환경컨소시엄 동아리연합 워크...",2025.10.02.,https://dhnews.co.kr/news/view/1065591553168318,kookmin_media,,긍정,0.956709623336792
"국민대, ‘2025 국민암호페스티벌’ 성료",2025.10.02.,https://dhnews.co.kr/news/view/1065590072259064,kookmin_media,,긍정,0.8929435610771179
"국민대, 2025 국민암호페스티벌 성황리 개최",2025.10.02.,https://edu.donga.com/news/articleView.html?idxno=96243,kookmin_media,,긍정,0.9694454669952391
"국민대, '2025 국민암호페스티벌' 성황리 개최",2025.10.02.,http://www.veritas-a.com/news/articleView.html?idxno=575869,kookmin_media,,긍정,0.957004964351654
"국민대, 한국조폐공사와 업무협약 체결",2025.10.02.,http://www.dailysmart.co.kr/news/articleView.html?idxno=113921,kookmin_media,,긍정,0.9707648158073424
국민대 AI디자인학과 첫 졸업전시회…“창의·전통 '결합의 場'”,2025.10.02.,https://www.etoday.co.kr/news/view/2512478,kookmin_media,,긍정,0.9826687574386596
"국민대, '2025 SW·AI 융합 DAY' 개최… 팀브루스 대상·사업화 성과 도출",2025.10.01.,http://www.newstnt.com/news/articleView.html?idxno=540062,kookmin_media,,긍정,0.9869167804718018
"국민대, '2025 SW·AI 융합 DAY' 성황리 개최 미래 인재 양성의 산실로",2025.10.01.,https://edu.donga.com/news/articleView.html?idxno=96172,kookmin_media,,긍정,0.979885995388031
"국민대, '2025 SW·AI 융합 DAY' 성황리 개최",2025.10.01.,http://www.dailysmart.co.kr/news/articleView.html?idxno=114235,kookmin_media,,긍정,0.9886407852172852
"국민대, '2025 SW/AI 융합 DAY' 성황리 개최",2025.10.01.,http://www.veritas-a.com/news/articleView.html?idxno=575678,kookmin_media,,긍정,0.9795539379119872
"국민대 연구팀, 국산 휴머노이드 ROK-4 공개",2025.10.01.,https://zdnet.co.kr/view/?no=20251001025124,kookmin_media,,긍정,0.962257981300354
"국민대, 10년 성장률 서울 지역 대학 중 1위",2025.11.30.,http://www.m-i.kr/news/articleView.html?idxno=1309197,kookmin_media,,긍정,0.962290108203888
"국민대 “중앙일보 평가 14위, 국제 학술지 논문 13위”",2025.11.28.,http://www.edaily.co.kr/news/newspath.asp?newsid=03437446642370312,kookmin_media,,긍정,0.9716616868972778
"국민대 ""10년 성장률 서울 소재 대학 1위""",2025.11.28.,https://www.newsis.com/view/NISX20251128_0003421385,kookmin_media,,긍정,0.9364027976989746
"국민대 신소재공학부 학생들, ‘제1회 첨단산업 표준화 경진대회’ 대상...",2025.11.28.,https://www.munhwa.com/article/11550460?ref=naver,kookmin_media,,긍정,0.876241147518158
디지털 담수화와 농축수 자원화 선도 연구 성과 인정… 이상호 국민대 ...,2025.11.28.,https://www.etnews.com/20251128000200,kookmin_media,,긍정,0.9672659039497375
"국민대, 중앙일보 대학평가서 서울 지역 대학 중 10년 성장률 톱",2025.11.28.,https://www.newsfreezone.co.kr/news/articleView.html?idxno=660576,kookmin_media,,긍정,0.979567289352417
"국민대, 10년 성장률 서울 소재 대학 1위",2025.11.28.,https://www.joongang.co.kr/article/25385973,kookmin_media,,긍정,0.9798230528831482
"국민대 플랫폼SME연구센터, ‘디지털 상공인 지원 정책 현황과 시사점’...",2025.11.27.,https://www.venturesquare.net/1016555,kookmin_media,,긍정,0.8793354034423828
"국민대 신소재공학부, '제1회 첨단산업 표준화 경진대회' 대상 수상",2025.11.27.,https://news.unn.net/news/articleView.html?idxno=586788,kookmin_media,,긍정,0.9479098916053772
"국민대 신소재공학부 학생들, '제1회 첨단산업 표준화 경진대회' 산업통...",2025.11.27.,https://edu.donga.com/news/articleView.html?idxno=99275,kookmin_media,,긍정,0.9117261171340942
국민대 신소재공학부 학생들 '제1회 첨단산업 표준화 경진대회' 산업통...,2025.11.27.,http://www.veritas-a.com/news/articleView.html?idxno=585663,kookmin_media,,긍정,0.9547109603881836
"국민대, '동문초청 릴레이특강' 2025-2학기 마무리…기아 특강으로 총 1...",2025.11.27.,http://www.newstnt.com/news/articleView.html?idxno=559637,kookmin_media,,긍정,0.8498615622520447
"국민대 신소재공학부, '제1회 첨단산업 표준화 경진대회' 대상 수상...산...",2025.11.27.,http://www.newstnt.com/news/articleView.html?idxno=559636,kookmin_media,,긍정,0.9660476446151732
"국민대 신소재공학부 학생들, ‘첨단산업 표준화 경진대회’ 산업통상...",2025.11.27.,https://dhnews.co.kr/news/view/1065578450392076,kookmin_media,,긍정,0.8424846529960632
"국민대 신소재공학부 학생들, 제1회 첨단산업 표준화 경진대회 산업통상...",2025.11.27.,http://www.dailysmart.co.kr/news/articleView.html?idxno=116791,kookmin_media,,긍정,0.9624621272087096
"국민대 이상호 교수, DESAL 2025 기조강연",2025.11.26.,https://edu.donga.com/news/articleView.html?idxno=99217,kookmin_media,,긍정,0.9609463214874268
"국민대 경력개발지원단, 동문 초청 릴레이특강 성공적으로 마무리",2025.11.26.,http://www.veritas-a.com/news/articleView.html?idxno=585541,kookmin_media,,긍정,0.9790552258491516
국민대 이상호 교수 DESAL 2025 기조강연 진행,2025.11.26.,http://www.veritas-a.com/news/articleView.html?idxno=585446,kookmin_media,,긍정,0.9565759897232056
"국민대 경력개발지원단, 동문 초청 릴레이 특강 성황리 실시",2025.11.26.,http://www.dailysmart.co.kr/news/articleView.html?idxno=116771,kookmin_media,,긍정,0.9784638285636902
"국민대 이상호 교수, DESAL 2025서 기조강연",2025.11.26.,http://www.m-i.kr/news/articleView.html?idxno=1307893,kookmin_media,,긍정,0.957459032535553
"국민대 이상호 교수, DESAL 2025 전체회의 기조강연 초청... 차세대 담수...",2025.11.26.,http://www.newstnt.com/news/articleView.html?idxno=559141,kookmin_media,,긍정,0.918732762336731
[영상] ‘멤버 유지’ 국민대 끝까지 판다... 국감 피하자 ‘종합감사’...,2025.11.26.,http://facttv.kr/facttvnews/detail.php?number=43777&thread=21r02,kookmin_media,,부정,0.6430035829544067
"국민대 대학일자리플러스센터, 재학생 수요 반영 ‘노션(Notion) 특강’ ...",2025.11.26.,https://dhnews.co.kr/news/view/1065577664035757,kookmin_media,,긍정,0.9110234379768372
"국민대 대학일자리플러스센터, 재학생 수요 반영 '노선(Notion) 특강' 첫 ...",2025.11.26.,http://www.dailysmart.co.kr/news/articleView.html?idxno=116705,kookmin_media,,긍정,0.9644144177436828
"국민대 대학일자리플러스센터, 재학생 주도 '노션' 특강 첫 운영…147명...",2025.11.26.,http://www.newstnt.com/news/articleView.html?idxno=558988,kookmin_media,,긍정,0.9715455770492554
"국민대, 브리온컴퍼니 임우택 대표 초청 목요특강 개최…""브랜드는 스포...",2025.11.25.,http://www.newstnt.com/news/articleView.html?idxno=558754,kookmin_media,,긍정,0.9367520213127136
국민대 임우택 브리온컴퍼니 대표 초청 목요특강 강연 개최,2025.11.25.,http://www.veritas-a.com/news/articleView.html?idxno=585108,kookmin_media,,긍정,0.9611812233924866
"임우택 브리온컴퍼니 대표, 국민대서 ‘스포츠 마케팅’ 특강",2025.11.25.,https://dhnews.co.kr/news/view/1065588954560690,kookmin_media,,긍정,0.922796905040741
"국민대, 임우택 브리온컴퍼니 대표 초청 국민대 목요특강 실시",2025.11.25.,http://www.dailysmart.co.kr/news/articleView.html?idxno=116644,kookmin_media,,긍정,0.965674638748169
"르메리토, 임준희 국민대 겸임교수와 세 번째 뮤즈 프로젝트 'Women Leader...",2025.11.25.,https://www.gokorea.kr/news/articleView.html?idxno=847752,kookmin_media,,긍정,0.9497386813163756
"국민대 홍승현 교수 연구팀, 초음파로 실내·상온서 대면적 그래핀 직접...",2025.11.25.,http://www.newstnt.com/news/articleView.html?idxno=558445,kookmin_media,유해 폐기물관리,긍정,0.9939298629760742
"국민대 대학일자리플러스센터, 고용노동부 '졸업생 특화 프로그램' 일환...",2025.11.25.,http://www.dailysmart.co.kr/news/articleView.html?idxno=116643,kookmin_media,,긍정,0.9855879545211792
"홍승현 국민대 전자화학재료전공 교수 연구팀, 초음파 이용한 그래핀 필...",2025.11.25.,http://www.dailysmart.co.kr/news/articleView.html?idxno=116641,kookmin_media,,긍정,0.9891451001167296
"국민대, ‘졸업생 특화 프로그램’ 일환 ‘자기 주도형 프로그램’ 성료",2025.11.25.,https://dhnews.co.kr/news/view/1065580109098049,kookmin_media,,긍정,0.9875754117965698
"국민대 ""홍승현 교수팀 '초음파를 이용한 그래핀 필름 상온 합성' 성공...",2025.11.25.,https://edu.donga.com/news/articleView.html?idxno=99067,kookmin_media,,긍정,0.986382007598877
국민대 홍승현 교수 연구팀 '초음파를 이용한 그래핀 필름 상온 합성' 성...,2025.11.25.,http://www.kyosu.net/news/articleView.html?idxno=150277,kookmin_media,,긍정,0.988296926021576
국민대 서울시와 '서울 영커리언스' 사업 업무협약 체결,2025.11.24.,http://www.veritas-a.com/news/articleView.html?idxno=584771,kookmin_media,,긍정,0.9750186204910278
"국민대, 서울특별시와 ‘서울 영커리언스’ 사업 업무협약",2025.11.24.,https://dhnews.co.kr/news/view/1065589468296392,kookmin_media,,긍정,0.9719377160072328
"국민대, 서울특별시와 '서울 영커리언스' 사업 업무협약 체결",2025.11.24.,http://www.dailysmart.co.kr/news/articleView.html?idxno=116590,kookmin_media,,긍정,0.9826772809028624
"강남구 1인가구 커뮤니티센터, 국민대와 취업 특강 진행",2025.11.22.,https://www.slist.kr/news/articleView.html?idxno=696054,kookmin_media,,긍정,0.9624436497688292
[라운지]이세진 국민대 미디어광고학부 교수,2025.11.22.,https://www.donga.com/news/People/article/all/20251121/132818583/2,kookmin_media,,긍정,0.5945239663124084
[게시판] 제21대 한국광고홍보학회장에 이세진 국민대 교수,2025.11.21.,https://www.yna.co.kr/view/AKR20251121142400004?input=1195m,kookmin_media,,긍정,0.8598941564559937
"국민대 홍보팀 최윤식 대리, 한국기자협회장상 수상",2025.11.21.,https://www.joongang.co.kr/article/25384062,kookmin_media,,긍정,0.9515507817268372
"국민대 장영민 교수, 3년 연속 세계 상위 2% 연구자 선정",2025.11.21.,https://dhnews.co.kr/news/view/1065600248751644,kookmin_media,,긍정,0.9891067147254944
"국민대-바리퍼블리카(토스), ‘청년 취업 지원’ 업무협약",2025.11.21.,https://dhnews.co.kr/news/view/1065578697401080,kookmin_media,"지역사회 ESG 파트너십,취약계층 지원강화",긍정,0.9868810176849364
"국민대, ㈜비바리퍼블리카(토스)와 청년 취업 지원 업무협약 체결",2025.11.21.,http://www.dailysmart.co.kr/news/articleView.html?idxno=116489,kookmin_media,지역사회 ESG 파트너십,긍정,0.986812174320221
"국민대 자동차융합대학, 재단법인 명문 '해외연수 장학금 전달식' 개최",2025.11.21.,http://www.dailysmart.co.kr/news/articleView.html?idxno=116484,kookmin_media,,긍정,0.9674092531204224
"국민대 자동차융합대학-재단법인 명문, 해외연수 장학금 전달식",2025.11.21.,https://dhnews.co.kr/news/view/1065576642708324,kookmin_media,,긍정,0.8941465020179749
국민대 자동차융합대학-재단법인 명문 '해외연수 장학금 전달식' 개최,2025.11.21.,http://www.veritas-a.com/news/articleView.html?idxno=584354,kookmin_media,,긍정,0.9598930478096008
"국민대, 비바리퍼블리카(토스)와 청년 취업 지원 업무협약 체결",2025.11.21.,http://www.veritas-a.com/news/articleView.html?idxno=584346,kookmin_media,지역사회 ESG 파트너십,긍정,0.9557334184646606
"[디자인 이슈] 팀워크에 의한 창의적인 공간 디자인 교육, 국민대학교 ...",2025.11.20.,https://www.jungle.co.kr/magazine/206988,kookmin_media,,긍정,0.9715006351470948
"[교육 & NOW] 국민대 홍보팀 최윤식 대리, 한국기자협회장상 수상​​​...",2025.11.20.,https://www.ebn.co.kr/news/articleView.html?idxno=1687683,kookmin_media,,긍정,0.9644887447357178
국민대 외국계 기업 취업 전략 특강 개최,2025.11.20.,http://www.veritas-a.com/news/articleView.html?idxno=584215,kookmin_media,,긍정,0.983764946460724
국민대 홍보팀 최윤식 대리 한국기자협회장상 수상,2025.11.20.,http://www.veritas-a.com/news/articleView.html?idxno=584221,kookmin_media,,긍정,0.9520206451416016
"국민대, 컬럼비아대학교와 무용 교육 혁신 위한 교류 협력 강화",2025.11.20.,http://www.dailysmart.co.kr/news/articleView.html?idxno=116439,kookmin_media,,긍정,0.9622825980186462
"국민대, 외국계 기업 취업 전략 특강 개최",2025.11.20.,http://www.dailysmart.co.kr/news/articleView.html?idxno=116435,kookmin_media,,긍정,0.9830940961837769
"국민대 홍보팀 최윤식 대리, 한국기자협회장상 수상…대학 홍보 현장 공...",2025.11.20.,http://www.newstnt.com/news/articleView.html?idxno=556801,kookmin_media,,긍정,0.9706730842590332
국민대 컬럼비아대와 무용 교육 혁신 위한 교류 협력 강화,2025.11.19.,http://www.veritas-a.com/news/articleView.html?idxno=583913,kookmin_media,,긍정,0.9620699286460876
"국민대, 컬럼비아대학교와 무용교육 협력 강화",2025.11.19.,http://www.m-i.kr/news/articleView.html?idxno=1305170,kookmin_media,,긍정,0.924523115158081
"국민대, 컬럼비아대와 무용 교육 혁신 교류 협력 강화",2025.11.19.,https://www.dt.co.kr/article/12030278?ref=naver,kookmin_media,,긍정,0.9558259844779968
"국민대 무용전공, 컬럼비아대 안홀드 연구소와 협력 강화...글로벌 무용...",2025.11.19.,http://www.newstnt.com/news/articleView.html?idxno=556291,kookmin_media,,긍정,0.922472596168518
"코닉글로리-국민대, AI 기반 차세대 사이버보안체계 공동연구 착수",2025.11.19.,https://www.etnews.com/20251118000041,kookmin_media,,긍정,0.9514176845550536
"강유진 국민대 산림환경시스템학과 교수, 글로벌 산불 산출물 평가 연구...",2025.11.18.,https://www.kfenews.co.kr/news/articleView.html?idxno=649364,kookmin_media,,긍정,0.8446988463401794
국민대 경력개발지원단 모니터요원 10주년 기념 홍보행사 성료,2025.11.18.,http://www.veritas-a.com/news/articleView.html?idxno=583698,kookmin_media,,긍정,0.931638479232788
"국민대 경력개발지원단, 모니터요원 10주년 기념 홍보행사 실시",2025.11.18.,http://www.dailysmart.co.kr/news/articleView.html?idxno=116310,kookmin_media,,긍정,0.9407612085342408
국민대 강남구 1인 가구 커뮤니티센터와 청년 취업 지원 협력 나서,2025.11.18.,http://www.veritas-a.com/news/articleView.html?idxno=583621,kookmin_media,,긍정,0.9675405025482178
"국민대 강유진 교수, ‘글로벌 산불 산출물 평가’ 연구 최상위 국제 학...",2025.11.18.,https://dhnews.co.kr/news/view/1065590856232560,kookmin_media,,긍정,0.8430423736572266
"국민대, 강남구 1인 가구 커뮤니티센터와 ‘청년 취업 지원’ 협력",2025.11.18.,https://dhnews.co.kr/news/view/1065589267063656,kookmin_media,,긍정,0.877143383026123
"국민대, 강남구 1인 가구 커뮤니티센터와 청년 취업 지원 협력",2025.11.18.,http://www.dailysmart.co.kr/news/articleView.html?idxno=116283,kookmin_media,,긍정,0.9696323871612548
"국민대, 제현주 인비저닝 파트너스 대표 목요특강 연사로 초청",2025.11.18.,https://www.onews.tv/news/articleView.html?idxno=264775,kookmin_media,,긍정,0.9596300721168518
"국민대 목요특강 초청 강연... 제현주 인비저닝 대표, ""자기만의 나침반...",2025.11.18.,http://www.newstnt.com/news/articleView.html?idxno=555562,kookmin_media,"폐기물 배출,다양성과 형평성 추진체계",긍정,0.9477765560150146
"제현주 인비저닝 파트너스 대표, 국민대 목요특강 초청 강연",2025.11.18.,https://dhnews.co.kr/news/view/1065577269547602,kookmin_media,,긍정,0.9583407044410706
"국민대, 제현주 인비저닝 파트너스 대표 초청 목요특강 실시",2025.11.18.,http://www.dailysmart.co.kr/news/articleView.html?idxno=116257,kookmin_media,,긍정,0.9752429723739624
제현주 인비저닝 파트너스 대표 국민대 목요특강 초청 강연,2025.11.18.,https://edu.donga.com/news/articleView.html?idxno=98650,kookmin_media,,긍정,0.9619405269622804
"국민대, 전공 융합 기반 창업학술제 ‘The Synergy’ 성료",2025.11.17.,https://www.etoday.co.kr/news/view/2526492,kookmin_media,,긍정,0.9731627106666564
"국민대 기후변화대응사업단, '2025 환경 컨소시엄 컨퍼런스' 실시",2025.11.17.,http://www.dailysmart.co.kr/news/articleView.html?idxno=116207,kookmin_media,ESG 관련 캠페인,긍정,0.9557091593742372
"국민대 기후변화대응사업단, ‘2025 환경 컨소시엄 컨퍼런스’ 성료",2025.11.17.,https://dhnews.co.kr/news/view/1065585271963944,kookmin_media,ESG 관련 캠페인,긍정,0.9396542310714722
"국민대, 외국인 유학생 대상 '업사이클링 키링' 글로벌 ESG 교육 성료",2025.11.17.,http://www.newstnt.com/news/articleView.html?idxno=555158,kookmin_media,폐기물 배출,긍정,0.9830043315887452
"국민대, 유학생 대상 친환경 키링 만들기... 글로벌 ESG 감수성 높였다",2025.11.17.,http://www.veritas-a.com/news/articleView.html?idxno=583236,kookmin_media,"지역사회 ESG 교육 프로그램,ESG 관련 캠페인,ESG 운영위원회의 다양성",긍정,0.9715026617050172
"국민대 기후변화대응사업단, '2025 환경 컨소시엄 컨퍼런스' 성료",2025.11.17.,http://www.veritas-a.com/news/articleView.html?idxno=583230,kookmin_media,"ESG 관련 캠페인,ESG 비교과 프로그램 개발 및 운영",긍정,0.9638272523880004
"국민대학교, 유학생 대상 친환경 키링 만들기... 글로벌 ESG 감수성 높였...",2025.11.17.,https://edu.donga.com/news/articleView.html?idxno=98552,kookmin_media,"지역사회 ESG 교육 프로그램,ESG 관련 캠페인,ESG 운영위원회의 다양성",긍정,0.9823588728904724
"국민대, 유학생 대상 ‘친환경 키링 만들기’ 성료",2025.11.17.,https://dhnews.co.kr/news/view/1065581062551115,kookmin_media,"지역사회 ESG 교육 프로그램,ESG 운영위원회의 다양성",긍정,0.9284905195236206
"국민대, 유학생 대상 친환경 키링 만들기 글로벌 ESG 실천 프로그램 실...",2025.11.17.,http://www.dailysmart.co.kr/news/articleView.html?idxno=116204,kookmin_media,"지역사회 ESG 교육 프로그램,ESG 관련 캠페인,ESG 운영위원회의 다양성",긍정,0.982161819934845
"국민대 유일선 교수, IEEE ‘6G-IoT 양자보안 표준화 분과’ 의장 선출",2025.11.17.,https://www.munhwa.com/article/11547296?ref=naver,kookmin_media,,긍정,0.9635559320449828
"국민대, 서울시와 ‘서울런 예체능 클래스’ 운영",2025.11.16.,https://www.naeil.com/news/read/567683?ref=naver,kookmin_media,,긍정,0.957674503326416
"국민대 유일선 교수, '6G-IoT 양자보안 표준화 분과' 의장 선출",2025.11.16.,http://www.m-i.kr/news/articleView.html?idxno=1303552,kookmin_media,,긍정,0.9410096406936646
국민대학교 석학 교수 제도 첫 도입,2025.11.15.,https://www.naeil.com/news/read/567662?ref=naver,kookmin_media,,긍정,0.955010712146759
"국민대 정보보안암호수학과 유일선 교수, IEEE P3751 '6G-IoT 양자보안 표...",2025.11.14.,https://edu.donga.com/news/articleView.html?idxno=98493,kookmin_media,ESG 관련 학생 동아리,긍정,0.9570764899253844
"국민대 유일선 교수, IFIP WG 8.4·IEEE P3751 의장 선출…국제표준선도 ...",2025.11.14.,http://www.newstnt.com/news/articleView.html?idxno=554408,kookmin_media,,긍정,0.9707083106040956
"국민대 유일선 교수, IEEE P3751 ‘6G-IoT 양자보안 표준화 분과’ 의장...",2025.11.14.,https://dhnews.co.kr/news/view/1065589176179772,kookmin_media,,긍정,0.9381701350212096
"국민대 유일선 교수, IEEE P3751 '6G-IoT 양자보안 표준화 분과' 의장 선...",2025.11.14.,https://www.onews.tv/news/articleView.html?idxno=264428,kookmin_media,ESG 관련 학생 동아리,긍정,0.9007080793380737
"국민대, GLIWAㆍITIV AI와 자동차 소프트웨어 타이밍 검증 분야 인재 양...",2025.11.14.,https://www.sedaily.com/NewsView/2H0G87RVUY,kookmin_media,,긍정,0.9242483377456664
"국민대, 서울시와 함께 취약계층 청소년 위한 '서울런 예체능 클래스' ...",2025.11.13.,http://www.kyosu.net/news/articleView.html?idxno=149191,kookmin_media,,긍정,0.9464555978775024
"국민대, 서울시와 취약계층 청소년 위한 '서울런 예체능 클래스' 운영",2025.11.13.,http://www.m-i.kr/news/articleView.html?idxno=1302920,kookmin_media,,긍정,0.9697909355163574
"국민대 캠퍼스타운 사업단, ‘2025 성과공유회’ 성료",2025.11.13.,https://www.siminilbo.co.kr/news/newsview.php?ncode=1160288085542196,kookmin_media,,긍정,0.9838639497756958
"국민대, 서울시와 취약계층 청소년 위한 ‘서울런 예체능 클래스’ 운영",2025.11.13.,https://dhnews.co.kr/news/view/1065589151041956,kookmin_media,,긍정,0.914244532585144
"국민대, 염증성 장 질환 치료용 차세대 나노약물 개발",2025.11.13.,http://www.m-i.kr/news/articleView.html?idxno=1302751,kookmin_media,,긍정,0.9867812991142272
국민대·한양대 공동연구 ... 경구용 나노의약품으로 IBD 표적치료 가능...,2025.11.13.,http://www.newstnt.com/news/articleView.html?idxno=553947,kookmin_media,,긍정,0.9912338852882384
"국민대, 서울시와 함께 '서울런 예체능 클래스' 개설…겨울방학 캠퍼스...",2025.11.13.,http://www.newstnt.com/news/articleView.html?idxno=553946,kookmin_media,,긍정,0.9680151343345642
"국민대 김하린 교수, 염증성 장질환 치료용 차세대 나노약물 개발",2025.11.13.,https://www.munhwa.com/article/11546556?ref=naver,kookmin_media,,긍정,0.9883809089660645
"국민대 바이오의약전공 김하린 교수, 염증성 장질환 치료용 차세대 나노...",2025.11.13.,https://www.joongangenews.com/news/articleView.html?idxno=464865,kookmin_media,,긍정,0.990869164466858
"국민대·한양대, '염증만 치료하는' 나노의약품 개발",2025.11.13.,https://www.newsis.com/view/NISX20251113_0003400931,kookmin_media,,긍정,0.9865798354148864
"서울시, 예체능 인재 발굴·육성… 국민대와 '서울런' 예체능 클래스 운...",2025.11.13.,https://www.lecturernews.com/news/articleView.html?idxno=190560,kookmin_media,,긍정,0.9426935911178588
"김하린 국민대 바이오의약전공 교수 연구팀, 염증성 장질환 치료용 차세...",2025.11.12.,http://www.dailysmart.co.kr/news/articleView.html?idxno=115992,kookmin_media,,긍정,0.9856112003326416
국민대 석학교수 신설…1호는 나노 전문가 도영락 교수,2025.11.12.,https://www.munhwa.com/article/11546407?ref=naver,kookmin_media,,긍정,0.9362624287605286
"국민대, 염증성 장질환 치료용 차세대 나노약물 개발",2025.11.12.,https://dhnews.co.kr/news/view/1065599419428567,kookmin_media,,긍정,0.9895532131195068
"국민대, 석학교수 제도 도입… 1호 나노소재전공 도영락 교수",2025.11.12.,https://www.joongang.co.kr/article/25381533,kookmin_media,,긍정,0.9593251943588256
"사교육비 부담 덜고 예체능 꿈 키운다…서울시, 국민대와 ‘서울런 예체...",2025.11.12.,http://www.metroseoul.co.kr/article/20251112500237,kookmin_media,,긍정,0.9507340788841248
"서울시, 국민대와 손잡고 '서울런 예체능 클래스'",2025.11.12.,https://news.tf.co.kr/read/life/2261448.htm,kookmin_media,,긍정,0.9516934752464294
"서울시, 예체능 무료 전공 실습 ‘서울런 3.0’ 선봬⋯국민대와 맞손",2025.11.12.,https://www.etoday.co.kr/news/view/2524582,kookmin_media,,긍정,0.9607135653495787
서울시-국민대 손잡고 '청소년 예체능 인재' 발굴·육성,2025.11.12.,https://www.yna.co.kr/view/AKR20251112035900004?input=1195m,kookmin_media,,긍정,0.9104922413825988
"서울시, 국민대와 '서울런 예체능 클래스'…예체능 인재 발굴",2025.11.12.,https://www.mt.co.kr/society/2025/11/12/2025111210244030928,kookmin_media,,긍정,0.9721986055374146
"국민대, ‘2025 K-ON택트 데모데이’ 개최",2025.11.12.,https://view.asiae.co.kr/article/2025111209261128161,kookmin_media,,긍정,0.9475796222686768
"'나'를 브랜드로 세우는 시대, 장이지 브랜딩포유 대표 국민대서 퍼스널...",2025.11.12.,https://www.ksilbo.co.kr/news/articleView.html?idxno=1041371,kookmin_media,,긍정,0.9618860483169556
"국민대, 석학 교수 제도 첫 도입…1호 석학 교수로 도영락 교수 선정",2025.11.12.,http://www.dailysmart.co.kr/news/articleView.html?idxno=115928,kookmin_media,,긍정,0.9448494911193848
"[대학가 오늘] 국민대 석학 교수 제도 첫 도입, 도영락 나노소재전공 교...",2025.11.12.,http://www.metroseoul.co.kr/article/20251112500015,kookmin_media,,긍정,0.9380580186843872
"국민대, ‘석학교수’ 제도 신설…1호에 나노소재 도영락 교수",2025.11.12.,https://view.asiae.co.kr/article/2025111114285889702,kookmin_media,,긍정,0.955081820487976
"국민대, 1호 석학 교수로 나노소재전공 도영락 교수 선정",2025.11.11.,https://www.etoday.co.kr/news/view/2524478,kookmin_media,,긍정,0.9321851134300232
"국민대, 석학교수 임명 제도 신설",2025.11.11.,http://www.m-i.kr/news/articleView.html?idxno=1301886,kookmin_media,,긍정,0.9377995133399964
국민대 1호 석학교수 선정…나노소재 도영락 교수,2025.11.11.,https://www.news1.kr/society/education/5972314,kookmin_media,,긍정,0.9797635078430176
"국민대, 자동차 조형전 열고 미래 비전 제시",2025.11.11.,http://autotimes.co.kr/detail.php?number=685460&thread=27,kookmin_media,,긍정,0.740217924118042
"국민대, 석학교수제 신설…1호 석학교수에 도영락 교수",2025.11.11.,http://www.edaily.co.kr/news/newspath.asp?newsid=05123366642364736,kookmin_media,,긍정,0.930603802204132
"국민대 제1호 석학교수에 나노소재전공 도영락 교수 … ""세계 최초 65인...",2025.11.11.,https://biz.newdaily.co.kr/site/data/html/2025/11/11/2025111100336.html,kookmin_media,,긍정,0.9748784899711608
"국민대 ""석학 교수 제도 신설…1호에 도영락 교수 선정""",2025.11.11.,https://www.newsis.com/view/NISX20251111_0003398463,kookmin_media,,긍정,0.9494781494140624
"국민대 석학 교수 제도 첫 도입, 1호 석학 교수로 도영락 교수 선정",2025.11.11.,https://dhnews.co.kr/news/view/1065588337259553,kookmin_media,,긍정,0.9577935934066772
"국민대 석학 교수 제도 첫 도입, 1호 석학 교수로 나노소재전공 도영락...",2025.11.11.,https://www.joongangenews.com/news/articleView.html?idxno=464301,kookmin_media,,긍정,0.9590296149253844
"국민대학교 석학 교수 제도 첫 도입, 1호 석학 교수로 나노소재전공 도...",2025.11.11.,https://edu.donga.com/news/articleView.html?idxno=98191,kookmin_media,,긍정,0.9427050352096558
"국민대 조형대학, 제18회 조형전 15일까지",2025.11.10.,https://www.joongang.co.kr/article/25380944,kookmin_media,,긍정,0.975281834602356
"국민대, ‘특허기술상’ 2등 충무공상 수상",2025.11.10.,https://www.joongang.co.kr/article/25380939,kookmin_media,,긍정,0.7932960987091064
"국민대-아주자동차대, 미래자동차 인재 양성 협약",2025.11.10.,https://www.joongang.co.kr/article/25380899,kookmin_media,,긍정,0.9191641211509703
"국민대 조형대학, 제18회 조형전 개최",2025.11.10.,http://www.m-i.kr/news/articleView.html?idxno=1301060,kookmin_media,,긍정,0.9681329727172852
"국민대, '2025년 특허기술상' 2등 충무공상 수상",2025.11.10.,http://www.m-i.kr/news/articleView.html?idxno=1301090,kookmin_media,,긍정,0.7488779425621033
"국민대, 아주자동차대학교와 미래자동차 분야 인재 양성 MOU 체결",2025.11.09.,http://www.m-i.kr/news/articleView.html?idxno=1300909,kookmin_media,,긍정,0.9580625891685486
"국민대, 국내 45개 기업 직무박람회 개최",2025.11.09.,http://www.m-i.kr/news/articleView.html?idxno=1300911,kookmin_media,,긍정,0.9524695873260498
"국민대 한동국 교수팀, '2025 특허기술상' 충무공상 수상 ... 부채널 공격...",2025.11.08.,http://www.newstnt.com/news/articleView.html?idxno=552044,kookmin_media,,긍정,0.9360173344612122
"국민대, 한동국 정보보안암호수학과 교수 연구팀 '2025년 특허기술상' 2...",2025.11.07.,https://www.kfenews.co.kr/news/articleView.html?idxno=648771,kookmin_media,,긍정,0.6481523513793945
"동국대, 국민대·덕성여대와 어학연수생 유치 연합 설명회",2025.11.07.,https://news.unn.net/news/articleView.html?idxno=585963,kookmin_media,,긍정,0.8649247288703918
"대한민국 '조형' 교육의 표준, 국민대 조형대학 제18회 조형전 개최",2025.11.07.,http://www.kyosu.net/news/articleView.html?idxno=148537,kookmin_media,,긍정,0.9799622297286988
국민대 조형대학 제18회 조형전 개최,2025.11.07.,http://www.veritas-a.com/news/articleView.html?idxno=581406,kookmin_media,,긍정,0.981722891330719
"국민대, 졸업 선배와 함께하는 직무박람회",2025.11.07.,https://www.joongang.co.kr/article/25380413,kookmin_media,,긍정,0.9648554921150208
"국민대 한동국 교수팀, 2025년 특허기술상 2등 충무공상 수상",2025.11.07.,https://dhnews.co.kr/news/view/1065599949552341,kookmin_media,,긍정,0.6546332836151123
"국민대 조형대학, 제18회 조형전 'A(x): Generating Next AI' 개최",2025.11.07.,http://www.newstnt.com/news/articleView.html?idxno=551856,kookmin_media,,긍정,0.9818379878997804
"국민대, 제654회 목요특강서 김민정 AITONIA 대표 초청",2025.11.07.,https://news.unn.net/news/articleView.html?idxno=585934,kookmin_media,,긍정,0.9267269372940063
"국민대, 김민정 AITONIA 대표 초청 국민대 목요특강 실시",2025.11.07.,http://www.dailysmart.co.kr/news/articleView.html?idxno=115734,kookmin_media,,긍정,0.9310600161552428
"국민대, 아주자동차대와 미래자동차 분야 인재 양성 위한 업무 협약 체...",2025.11.07.,https://www.joongangenews.com/news/articleView.html?idxno=463086,kookmin_media,,긍정,0.9394022822380066
"국민대–아주자동차대, 미래자동차 인재 양성·학술교류 MOU 체결",2025.11.07.,http://www.newstnt.com/news/articleView.html?idxno=551577,kookmin_media,,긍정,0.9579597115516664
국민대 '2025 졸업 선배와 함께하는 직무박람회' 개최,2025.11.06.,http://www.veritas-a.com/news/articleView.html?idxno=581065,kookmin_media,,긍정,0.948194980621338
"임철희 국민대 교수, 기후변화·산림과학 분야 세계 상위 연구자 2% 선정",2025.11.06.,http://www.m-i.kr/news/articleView.html?idxno=1300315,kookmin_media,,긍정,0.9768093228340148
"국민대, '2025 졸업 선배와 함께하는 직무박람회' 개최…취업 노하우 제...",2025.11.06.,https://www.kfenews.co.kr/news/articleView.html?idxno=648688,kookmin_media,,긍정,0.9276491403579712
"국민대, 아주자동차대와 미래자동차 분야 인재 양성 협약",2025.11.06.,https://dhnews.co.kr/news/view/1065600996551243,kookmin_media,,긍정,0.9057777523994446
"국민대-아주자동차대, 인재 양성 및 학술교류 MOU",2025.11.06.,https://www.newsis.com/view/NISX20251106_0003393325,kookmin_media,,긍정,0.8928624391555786
"국민대, 아주자동차대학교와 미래자동차 분야 인재 양성 위한 업무 협약...",2025.11.06.,https://edu.donga.com/news/articleView.html?idxno=97963,kookmin_media,,긍정,0.9707335829734802
"국민대, 아주자동차대학교와 미래자동차 분야 인재 양성 위한 업무협약...",2025.11.06.,http://www.dailysmart.co.kr/news/articleView.html?idxno=115685,kookmin_media,,긍정,0.9679755568504332
"국민대, '2025 국민대학교 졸업 선배와 함께하는 직무박람회' 실시",2025.11.06.,http://www.dailysmart.co.kr/news/articleView.html?idxno=115682,kookmin_media,,긍정,0.9555492401123048
"국민대, 삼성전자·현대차 등 45개사 졸업동문과 '직무박람회' 개최",2025.11.06.,https://www.newsis.com/view/NISX20251106_0003393203,kookmin_media,,긍정,0.890028715133667
"국민대, 삼성전자 · 현대자동차 · LG에너지솔루션 등 국내 45개 기업 직...",2025.11.06.,https://edu.donga.com/news/articleView.html?idxno=97959,kookmin_media,,긍정,0.9362019300460817
"국민대, 삼성전자·현대차·LG엔솔 등 45개 기업 직무박람회 열어",2025.11.06.,https://www.newsfreezone.co.kr/news/articleView.html?idxno=656371,kookmin_media,취약계층 지원강화,긍정,0.953475296497345
국민대 '2025 졸업 선배와 함께하는 직무박람회' 개최…졸업생 멘토 45명...,2025.11.06.,http://www.newstnt.com/news/articleView.html?idxno=551455,kookmin_media,,긍정,0.9257376790046692
"국민대 산림환경시스템학과 임철희 교수, 기후변화·산림과학 분야 세계...",2025.11.06.,http://www.kyosu.net/news/articleView.html?idxno=148421,kookmin_media,,긍정,0.9771610498428344
"임철희 국민대 교수, 스탠퍼드대 '2025 세계 상위 2% 연구자' 선정",2025.11.06.,https://www.newsis.com/view/NISX20251106_0003392485,kookmin_media,,긍정,0.9073177576065063
"국민대 산림환경시스템학과 임철희 교수, 기후변화/산림과학 분야 세계...",2025.11.06.,http://www.veritas-a.com/news/articleView.html?idxno=580854,kookmin_media,,긍정,0.9776573181152344
"국민대 총동문회, 제42대 회장에 김형남 다올투자증권 부회장 선출",2025.11.04.,https://www.ekn.kr/web/view.php?key=20251104021583576,kookmin_media,,긍정,0.9707131385803224
[게시판] 국민대 총동문회장에 김형남 다올투자증권 부회장,2025.11.04.,https://www.yna.co.kr/view/AKR20251104120700004?input=1195m,kookmin_media,,긍정,0.8149795532226562
"김주은 국민대 교수, 'M.AX 얼라이언스 정기총회' 산업통상부 장관 표창",2025.12.31.,http://www.m-i.kr/news/articleView.html?idxno=1321105,kookmin_media,,긍정,0.9575949907302856
"국민대, '한국자동차공학회 학술대회' 우수발표논문 수상",2025.12.31.,https://www.newsis.com/view/NISX20251231_0003461050,kookmin_media,,긍정,0.9597655534744264
"국민대 김주은 교수, '2025년 M.AX 얼라이언스 정기총회' 산업통상부 장...",2025.12.31.,http://www.kyosu.net/news/articleView.html?idxno=153871,kookmin_media,,긍정,0.9351156949996948
"""개인 성과 아닌 연대의 결실"" 국민대 김주은 교수, M.AX서 장관 표창",2025.12.31.,http://www.newstnt.com/news/articleView.html?idxno=572183,kookmin_media,지역사회 ESG 파트너십,긍정,0.9561823606491088
"국민대 김주은 교수, 2025년 M.AX 얼라이언스 정기총회 산업통상부 장관...",2025.12.31.,https://www.onews.tv/news/articleView.html?idxno=269500,kookmin_media,,긍정,0.9515706300735474
"국민대 김주은 교수, ‘2025년 M.AX 얼라이언스 정기총회’ 산업통상부...",2025.12.31.,https://dhnews.co.kr/news/view/1065575246348217,kookmin_media,,긍정,0.9158565998077391
"국민대팀, TFA 처리로 안정성·수명 획기적 향상한 아연 금속 전극 개발",2025.12.30.,http://www.newstnt.com/news/articleView.html?idxno=571867,kookmin_media,,긍정,0.9926112294197084
국민대 홍승현 교수 연구팀 수계 아연전지용 고안정 아연 분말 전극 개...,2025.12.30.,http://www.veritas-a.com/news/articleView.html?idxno=592320,kookmin_media,,긍정,0.990117847919464
국민대 자동차융합대학 학생들 2025 한국자동차학회 추계학술대회 우수...,2025.12.29.,http://www.veritas-a.com/news/articleView.html?idxno=592162,kookmin_media,,긍정,0.93449467420578
"국민대 기계공학부, '대한기계학회 자작드론 대회' 우승",2025.12.29.,https://www.newsis.com/view/NISX20251229_0003458334,kookmin_media,,긍정,0.9164296984672546
"국민대 자동차융합대학 학생들, ‘한국자동차학회 추계학술대회’ 우수...",2025.12.29.,https://dhnews.co.kr/news/view/1065590920905970,kookmin_media,작업장의 건강 및 안전,긍정,0.9074159860610962
"굽네치킨, 국민대 조형대학과 MOU… 문화·예술 ESG 앞장",2025.12.29.,https://www.handmk.com/news/articleView.html?idxno=35029,kookmin_media,,긍정,0.981194794178009
"굽네치킨, 국민대 조형대학과 손잡고 청년 예술시장 키운다",2025.12.26.,https://www.newscj.com/news/articleView.html?idxno=3356275,kookmin_media,,긍정,0.9746750593185424
국민대 기계공학부 학술동아리 KRONE 대한기계학회 자작드론 경진대회 ...,2025.12.26.,http://www.veritas-a.com/news/articleView.html?idxno=591954,kookmin_media,,긍정,0.9396587610244752
"국민대 기계공학부 학술동아리 KRONE, 대한기계학회 자작드론 경진대회...",2025.12.26.,https://edu.donga.com/news/articleView.html?idxno=100994,kookmin_media,,긍정,0.8548888564109802
굽네치킨-국민대 조형대학 MOU 체결... 청년 예술가 위한 '창작 허브' 구...,2025.12.26.,https://www.insight.co.kr/news/535258,kookmin_media,지역사회 ESG 파트너십,긍정,0.98366779088974
"굽네치킨, 국민대 조형대학과 홍대 '플레이타운' 청년 예술가 창작 허브...",2025.12.26.,http://www.smedaily.co.kr/news/articleView.html?idxno=347810,kookmin_media,,긍정,0.968798816204071
"굽네치킨, '국민대학교 조형대학과 MOU' 체결",2025.12.26.,http://www.sisacast.kr/news/articleView.html?idxno=89027,kookmin_media,,긍정,0.9745429158210754
"국민대 KRONE, 대한기계학회 자작 드론 경진대회서 종합우승",2025.12.26.,http://www.newstnt.com/news/articleView.html?idxno=570909,kookmin_media,,긍정,0.9732387065887452
"국민대 기계공학부 학술동아리 KRONE, ‘대한기계학회 자작드론 경진대...",2025.12.26.,https://dhnews.co.kr/news/view/1065593443037065,kookmin_media,,긍정,0.8763070702552795
"""치킨 매장, 예술 무대가 된다"" 굽네치킨, 국민대 조형대학과 협력",2025.12.26.,https://www.joongangenews.com/news/articleView.html?idxno=479892,kookmin_media,,긍정,0.9443944096565248
"굽네치킨, 국민대학교 조형대학과 문화·예술 ESG 업무협약 체결",2025.12.26.,http://www.lawissue.co.kr/view.php?ud=202512261134181700204ead0791_12,kookmin_media,,긍정,0.9508098363876344
"굽네치킨, 국민대 조형대학과 손잡고 문화·예술 ESG '앞장'",2025.12.26.,https://www.newsfreezone.co.kr/news/articleView.html?idxno=666131,kookmin_media,,긍정,0.9860024452209472
"굽네치킨·국민대, 예술 인재 육성 위한 산학협력 MOU 체결",2025.12.26.,https://www.thepublic.kr/news/articleView.html?idxno=288683,kookmin_media,,긍정,0.9846920371055604
"굽네치킨, 국민대학교 조형대학과 MOU 체결…문화·예술 ESG 앞장",2025.12.26.,http://www.efnews.co.kr/news/articleView.html?idxno=126160,kookmin_media,지역사회 ESG 파트너십,긍정,0.958599328994751
"[ESG 트렌드] 굽네치킨, 국민대학교 조형대학과 MOU 체결… 문화·예술 ...",2025.12.26.,https://www.ibabynews.com/news/articleView.html?idxno=145774,kookmin_media,지역사회 ESG 파트너십,긍정,0.9719160199165344
"굽네치킨, 국민대학교 조형대학과 MOU 체결…청년 예술가 성장 이끈다",2025.12.26.,https://www.sportsseoul.com/news/read/1573740?ref=naver,kookmin_media,지역사회 ESG 파트너십,긍정,0.953321099281311
"""문화·예술 ESG 앞장""...굽네치킨, 국민대학교 조형대학과 MOU",2025.12.26.,https://www.youthdaily.co.kr/news/article.html?no=207436,kookmin_media,지역사회 ESG 파트너십,긍정,0.974880874156952
"굽네치킨, 국민대학교 조형대학과 MOU 체결",2025.12.26.,https://www.smarttoday.co.kr/ko-kr/articles/99833,kookmin_media,지역사회 ESG 파트너십,긍정,0.9835569858551024
"굽네치킨, 국민대 조형대학과 맞손…""문화·예술 ESG 확대""",2025.12.26.,https://www.news1.kr/industry/distribution/6020124,kookmin_media,,긍정,0.9808066487312316
"굽네치킨, 국민대와 손잡고 청년 예술가 지원 나선다",2025.12.26.,http://www.edaily.co.kr/news/newspath.asp?newsid=01886006642402456,kookmin_media,,긍정,0.9461268782615662
"굽네치킨, 국민대 조형대학과 MOU...청년 예술인재 육성",2025.12.26.,https://www.slist.kr/news/articleView.html?idxno=704239,kookmin_media,지역사회 ESG 파트너십,긍정,0.9695121645927428
"국민대, 디스페이스와 SDV 인재 양성·기술 교류",2025.12.23.,https://www.etnews.com/20251223000345,kookmin_media,,긍정,0.9498981833457948
"[국민대 ②] 조욱연 입학처장 ""전공자율 나군 '미래융합전공C', 수학 부...",2025.12.22.,https://biz.newdaily.co.kr/site/data/html/2025/12/21/2025122100076.html,kookmin_media,,긍정,0.7997962832450867
"국민대 김민수·이정훈 학생, 학부 연구생 참여로 SCI 논문 게재",2025.12.19.,https://www.munhwa.com/article/11555487?ref=naver,kookmin_media,,긍정,0.9562913775444032
"국민대 김민수·이정훈 학생, 학부연구생(UROP) 참여로 SCI 논문 게재",2025.12.18.,https://edu.donga.com/news/articleView.html?idxno=100582,kookmin_media,,긍정,0.9731242060661316
"국민대 김민수·이정훈 학생, SCI급 학술지에 논문 게재",2025.12.18.,https://www.newsis.com/view/NISX20251218_0003446699,kookmin_media,,긍정,0.9371391534805298
"국민대 학부연구생, SCI급 'MDPI Materials'에 논문 게재",2025.12.18.,https://www.newsfreezone.co.kr/news/articleView.html?idxno=664660,kookmin_media,,긍정,0.9747914671897888
"국민대 학부생 김민수·이정훈, 중공 메조포러스 실리카로 리튬이온전지...",2025.12.18.,http://www.newstnt.com/news/articleView.html?idxno=568182,kookmin_media,"ESG 운영위원회의 다양성,ESG 관련 학생 동아리",긍정,0.9888421297073364
"김민수·이정훈 국민대 나노전자물리학과 학생, 학부연구생(UROP) 참여로...",2025.12.18.,http://www.dailysmart.co.kr/news/articleView.html?idxno=117870,kookmin_media,,긍정,0.9461277723312378
"국민대 김민수/이정훈 학생, 학부연구생(UROP) 참여로 SCI 논문 게재",2025.12.18.,http://www.veritas-a.com/news/articleView.html?idxno=590304,kookmin_media,,긍정,0.9510390758514404
[국민대] 인문·자연·예체능까지 대부분 전공을 자유롭게 선택,2025.12.17.,http://www.kyosu.net/news/articleView.html?idxno=152561,kookmin_media,,긍정,0.9924824833869934
"국민대 개발 초소형 위성, 누리호 6호 탑재 확정",2025.12.15.,https://www.naeil.com/news/read/571100?ref=naver,kookmin_media,,긍정,0.8674939870834351
국민대학교 캠퍼스타운 서울시 단위형 사업 성공적 종료…창업형 사업...,2025.12.15.,https://www.seoul.co.kr/news/economy/2025/12/15/20251215500139?wlog_tag3=naver,kookmin_media,,긍정,0.9855007529258728
[국민대학교 공연예술학부 영화전공] 현장과의 긴밀한 연결로 미래 창작...,2025.12.15.,http://www.cine21.com/news/view/?mag_id=108979&utm_source=naver&utm_medium=news,kookmin_media,,긍정,0.935834527015686
국민대 'CO-SHOW AutoHack 2025' 성공적 개최,2025.12.14.,http://www.veritas-a.com/news/articleView.html?idxno=589293,kookmin_media,,긍정,0.988941490650177
"국민대, '2025 기후변화대응 비즈니스 아이디어 공모전' 본선·시상식 개...",2025.12.12.,https://edu.donga.com/news/articleView.html?idxno=100258,kookmin_media,,긍정,0.8952540159225464
국민대 주관 'CO-SHOW AutoHack 2025' 성료…실차 기반 자동차 해킹·방어...,2025.12.12.,http://www.newstnt.com/news/articleView.html?idxno=565970,kookmin_media,,긍정,0.9795743823051452
"국민대, ‘2025 기후변화대응 비즈니스 아이디어 공모전’ 본선·시상식",2025.12.12.,https://dhnews.co.kr/news/view/1065595480347386,kookmin_media,,긍정,0.8531186580657959
"국민대 개발 초소형 위성, 누리호 6호 탑재 확정…2027년 우주로",2025.12.12.,https://www.munhwa.com/article/11553813?ref=naver,kookmin_media,,긍정,0.8431521654129028
"국민대, '린스타트업' 파이널 피칭 데이 성료",2025.12.12.,https://www.news1.kr/industry/general-industry/6006675,kookmin_media,,긍정,0.9510692954063416
"국민대가 개발하는 초소형 큐브위성, 2027년 우주로 … 누리호 6호 탑재...",2025.12.12.,https://biz.newdaily.co.kr/site/data/html/2025/12/12/2025121200023.html,kookmin_media,,긍정,0.8606845736503601
"국민대 개발 큐브위성, 2027년 누리호 6차 발사체에 탑재된다",2025.12.11.,http://www.segyebiz.com/newsView/20251211518452?OutUrl=naver,kookmin_media,,긍정,0.8844165802001953
"국민대 개발 초소형 위성 'KMU ET-02', 누리호 6호 탑재 확정",2025.12.11.,https://www.kfenews.co.kr/news/articleView.html?idxno=650930,kookmin_media,,긍정,0.9177989363670348
"국민대 이인형 교수, ‘바이오산업의 날’ 산업부장관 표창 수상",2025.12.11.,https://www.ekn.kr/web/view.php?key=20251211028367219,kookmin_media,,긍정,0.9438701272010804
"국민대가 개발한 초소형 위성, 누리호 6호 탑재 확정 2027년 우주로 쏜다",2025.12.11.,https://news.unn.net/news/articleView.html?idxno=587461,kookmin_media,,긍정,0.9109205603599548
"이인형 국민대 교수, '2025 바이오산업의 날' 산업통상부장관상 표창 수...",2025.12.11.,http://www.m-i.kr/news/articleView.html?idxno=1314178,kookmin_media,,긍정,0.9057326912879944
"""휴머노이드 하체 새 기준""…국민대 연구진이 찾은 해법은",2025.12.11.,https://zdnet.co.kr/view/?no=20251211114026,kookmin_media,,긍정,0.9601057171821594
"국민대, 기계공학부 임시형 교수 초청해 'K*-콜로키움' 개최",2025.12.11.,https://www.etnews.com/20251211000389,kookmin_media,,긍정,0.9224599599838256
"국민대 개발 '초소형 큐브위성', 누리호 6차에 탑재...2027년 우주로",2025.12.11.,https://www.newsfreezone.co.kr/news/articleView.html?idxno=663212,kookmin_media,,긍정,0.9067432284355164
"""2027년 예정 누리호 6차 발사체에 국민대 위성 탑재""",2025.12.11.,https://www.newsis.com/view/NISX20251211_0003437437,kookmin_media,,긍정,0.8718261122703552
"국민대가 개발한 초소형 위성, 누리호 6호 탑재 확정",2025.12.11.,http://dhnews.co.kr/news/view/1065589161016709,kookmin_media,,긍정,0.8843992352485657
"국민대가 개발한 초소형 위성, 누리호 6호 탑재⋯2027년 우주로",2025.12.11.,https://www.etoday.co.kr/news/view/2535092,kookmin_media,,긍정,0.8431527018547058
"국민대, ERC 선정 '로봇 기능성 스킨·초감각 연구센터' 소개하는 K*-콜...",2025.12.11.,http://www.newstnt.com/news/articleView.html?idxno=565353,kookmin_media,,긍정,0.965714693069458
"국민대 초소형 큐브위성 'KMU ET-02', 누리호 6차 발사체에 탑재 확정",2025.12.11.,http://www.newstnt.com/news/articleView.html?idxno=565350,kookmin_media,,긍정,0.9011960029602052
국민대 경력개발지원단·강남구 1인가구 커뮤니티센터 MOU 체결…청년 취...,2025.12.11.,http://www.newstnt.com/news/articleView.html?idxno=565348,kookmin_media,지역사회 ESG 파트너십,긍정,0.9542316198349
"국민대, 개발 초소형 위성 'KMU ET-02' 누리호 6호 탑재 확정",2025.12.11.,http://www.dailysmart.co.kr/news/articleView.html?idxno=117539,kookmin_media,,긍정,0.9514877200126648
"국민대 경력개발지원단, 강남구 1인가구 커뮤니티센터와 MOU 체결… 미취...",2025.12.11.,http://www.veritas-a.com/news/articleView.html?idxno=588806,kookmin_media,,긍정,0.930538773536682
"국민대 경력개발지원단, 강남구 1인가구 커뮤니티센터와 업무협약",2025.12.11.,https://dhnews.co.kr/news/view/1065580271320194,kookmin_media,,긍정,0.9322187900543212
"국민대 경력개발지원단, 강남구 1인가구 커뮤니티센터와 MOU 체결",2025.12.11.,http://www.dailysmart.co.kr/news/articleView.html?idxno=117524,kookmin_media,지역사회 ESG 파트너십,긍정,0.9727476239204408
국민대 국민연구원/산학협력단 'K*-콜로키움' 개최,2025.12.10.,http://www.veritas-a.com/news/articleView.html?idxno=588727,kookmin_media,,긍정,0.955101191997528
"국민대 바이오발효융합학과 이인형 교수, 2025년 바이오산업의 날 산업...",2025.12.10.,https://edu.donga.com/news/articleView.html?idxno=100103,kookmin_media,,긍정,0.8819235563278198
국민대 바이오발효융합학과 이인형 교수 2025년 바이오산업의 날 산업통...,2025.12.10.,http://www.veritas-a.com/news/articleView.html?idxno=588715,kookmin_media,,긍정,0.9486236572265624
"국민대 이인형 교수, '2025 바이오산업의 날' 산업부 장관 표창",2025.12.10.,https://www.onews.tv/news/articleView.html?idxno=267474,kookmin_media,,긍정,0.91688072681427
"국민대 이인형 교수, 2025 바이오산업의 날 산업부장관 표창 받아 … 산...",2025.12.10.,https://biz.newdaily.co.kr/site/data/html/2025/12/10/2025121000349.html,kookmin_media,지역사회 ESG 파트너십,긍정,0.947676718235016
"㈜이비티아이, 국민대 산학연협력 페스티벌서 AI 분야 우수 산학기업 선...",2025.12.10.,https://www.kyeonggi.com/article/20251210580380,kookmin_media,,긍정,0.9509502649307252
"국민대 국민연구원·산학협력단, 임시형 국민대 기계공학부 교수 초청 ...",2025.12.10.,http://www.dailysmart.co.kr/news/articleView.html?idxno=117469,kookmin_media,,긍정,0.925217866897583
"국민대 이인형 교수, ‘2025 바이오산업의 날’ 산업통상부장관상 표창",2025.12.10.,https://dhnews.co.kr/news/view/1065596224434579,kookmin_media,,긍정,0.8829305768013
"국민대, GKS R&D 특화트랙 수학대학 선정…전국 최다 40명 장학생 확보",2025.12.09.,http://www.newstnt.com/news/articleView.html?idxno=564361,kookmin_media,,긍정,0.9877274036407472
"국민대 이민아 과장, 한국대학신문 대학직원대상 교육부장관상",2025.12.09.,https://www.joongang.co.kr/article/25388641,kookmin_media,,긍정,0.9748473167419434
"국민대, 한국대학신문 대학직원대상 교육부장관상 수상",2025.12.08.,https://edu.donga.com/news/articleView.html?idxno=99927,kookmin_media,,긍정,0.9781284928321838
"국민대, 백영선 플라잉웨일 대표 목요특강 연사로 초청",2025.12.08.,https://www.onews.tv/news/articleView.html?idxno=267164,kookmin_media,,긍정,0.9771008491516112
"국민대 홍보팀 이민아 과장, 한국대학신문 대학직원 시상식 대상",2025.12.08.,https://www.newsis.com/view/NISX20251208_0003432834,kookmin_media,,긍정,0.9749146103858948
"이민아 국민대 홍보팀 과장, 한국대학신문 대학직원대상 교육부장관상...",2025.12.08.,http://www.m-i.kr/news/articleView.html?idxno=1312589,kookmin_media,,긍정,0.9705193042755128
"국민대 이민아 대외협력처 과장, 한국대학신문 대학직원 시상식서 교육...",2025.12.08.,http://www.newstnt.com/news/articleView.html?idxno=563862,kookmin_media,,긍정,0.9492866396903992
"국민대 목요특강, 플라잉웨일 백영선 대표 초청…""1cm의 변화가 나를 브...",2025.12.08.,http://www.newstnt.com/news/articleView.html?idxno=563856,kookmin_media,,긍정,0.9443657994270324
"""일상의 1cm가 나를 브랜드로 만든다"" 백영선 플라잉웨일 대표 국민대 목...",2025.12.08.,http://www.veritas-a.com/news/articleView.html?idxno=588074,kookmin_media,"폐기물 배출,다양성과 형평성 추진체계",긍정,0.9753098487854004
"국민대, 백영선 플라잉웨일 대표 초청 국민대 목요특강 실시",2025.12.08.,http://www.dailysmart.co.kr/news/articleView.html?idxno=117333,kookmin_media,폐기물 배출,긍정,0.9747037887573242
이제 물속도 걷는다…국민대 이족로봇 '루비' 공개,2025.12.08.,https://zdnet.co.kr/view/?no=20251208104254,kookmin_media,,긍정,0.9840061068534852
[17회 대학직원대상/교육부장관상(최우수상)] 이민아 국민대 대외협력처...,2025.12.05.,https://news.unn.net/news/articleView.html?idxno=587013,kookmin_media,,긍정,0.9670106172561646
"국민대 '성곡글로벌가족', ESG 실천형 사회봉사 활동 진행",2025.12.05.,http://www.newstnt.com/news/articleView.html?idxno=563244,kookmin_media,"지역사회 ESG 교육 프로그램,ESG 운영위원회의 다양성",긍정,0.9711063504219056
"""색으로 꿈을 채우다"" 국민대 성곡글로벌가족, ESG 실천으로 해외 아동...",2025.12.05.,http://www.veritas-a.com/news/articleView.html?idxno=587761,kookmin_media,"지역사회 ESG 교육 프로그램,ESG 운영위원회의 다양성",긍정,0.9407979249954224
"국민대 성곡글로벌가족, ESG 실천으로 해외 아동 응원",2025.12.05.,https://dhnews.co.kr/news/view/1065594693704032,kookmin_media,"지역사회 ESG 교육 프로그램,ESG 운영위원회의 다양성,ESG 관련 학생 동아리",긍정,0.9217835068702698
"국민대, '성곡글로벌가족' ESG 실천으로 해외 아동 응원",2025.12.05.,http://www.dailysmart.co.kr/news/articleView.html?idxno=117266,kookmin_media,"지역사회 ESG 교육 프로그램,ESG 운영위원회의 다양성",긍정,0.9662625193595886
"조환익 특임교수, 해공 신익희 선생 친필 편지 국민대에 기증",2025.12.05.,https://www.kfenews.co.kr/news/articleView.html?idxno=650505,kookmin_media,,긍정,0.9892202019691468
"국민대, 임시정부 요인·설립자 해공 신익희 선생 육필 편지 공개 … '위...",2025.12.04.,https://biz.newdaily.co.kr/site/data/html/2025/12/04/2025120400387.html,kookmin_media,,긍정,0.983048677444458
"국민대 ""해공 신익희 선생 친필 편지 공개""…당시 대통령 출마 의지 담...",2025.12.04.,https://www.newsis.com/view/NISX20251204_0003429087,kookmin_media,,긍정,0.968800723552704
"국민대 조환익 교수, 해공 신익희 선생 친필편지 기증",2025.12.04.,https://www.yna.co.kr/view/AKR20251204139500004?input=1195m,kookmin_media,,긍정,0.9711805582046508
"국민대 HUSS 글로벌공생사업단, '2025 제2회 글로벌공생 연합 학술제' 개...",2025.12.04.,http://www.dailysmart.co.kr/news/articleView.html?idxno=117193,kookmin_media,,긍정,0.9768020510673524
"국민대·TUIT, 리빙랩 기반 비즈니스 IT 교육혁신 관련 연수 진행",2025.12.04.,http://www.m-i.kr/news/articleView.html?idxno=1311334,kookmin_media,,긍정,0.8525322675704956
"국민대 HUSS 글로벌공생사업단, ‘제2회 글로벌공생 연합 학술제’",2025.12.04.,https://dhnews.co.kr/news/view/1065592296487894,kookmin_media,,긍정,0.9532957673072816
"""국민대 설립자 해공 신익희 선생의 육필 공개… 대통령 도전의 결의 담...",2025.12.04.,http://www.veritas-a.com/news/articleView.html?idxno=587371,kookmin_media,,긍정,0.9803472757339478
"국민대, 우즈벡 TUIT 교직원 초청연수",2025.12.04.,https://www.joongang.co.kr/article/25387387,kookmin_media,,긍정,0.9502394199371338
"국민대 장윤지 교수, 세계 최상위 연구자 2% 선정",2025.12.04.,https://www.ajunews.com/view/20251204091919719,kookmin_media,,긍정,0.9767735004425048
"`인프라 구축을 넘어 교육혁신까지 지원`… 국민대·TUIT, 리빙랩 기반 ...",2025.12.03.,http://www.kyosu.net/news/articleView.html?idxno=151242,kookmin_media,,긍정,0.9412407875061036
"LG유플러스, 양자내성암호 전환 기술 공모전...국민대 HSM팀 대상",2025.12.03.,https://www.m-economynews.com/news/article.html?no=62404,kookmin_media,"ESG 관련 학생 동아리,ESG 운영위원회의 다양성",긍정,0.939555287361145
"“인프라 구축을 넘어 교육혁신까지 지원”… 국민대·TUIT, 리빙랩 기반...",2025.12.03.,https://www.dt.co.kr/article/12033107?ref=naver,kookmin_media,,긍정,0.9563521146774292
국민대 TUIT 교수/직원 대상 초청연수 프로그램 운영,2025.12.03.,http://www.veritas-a.com/news/articleView.html?idxno=587153,kookmin_media,,긍정,0.9210135340690612
"국민대, 우즈벡 TUIT 교수·직원 초청연수...리빙랩 기반 한국형 교육혁...",2025.12.03.,https://www.viva100.com/article/20251203501777,kookmin_media,,긍정,0.9346199035644532
"국민대 장윤지 교수, 식품 과학 관련 연구업적 세계 최상위 연구자 2% 선...",2025.12.03.,http://www.m-i.kr/news/articleView.html?idxno=1310888,kookmin_media,,긍정,0.9646309018135072
"국민대·KOICA, TUIT 교수·직원 대상 리빙랩 교육혁신 연수 운영…우즈...",2025.12.03.,http://www.newstnt.com/news/articleView.html?idxno=562166,kookmin_media,,긍정,0.9335973262786864
"국민대·TUIT, 리빙랩 기반 비즈니스 IT 교육혁신 벤치마킹",2025.12.03.,https://edu.donga.com/news/articleView.html?idxno=99659,kookmin_media,,긍정,0.9072057604789734
"LG유플러스, 양자내성암호 전환 기술 공모전 종료…국민대 ‘HSM’ 팀 대...",2025.12.03.,https://www.nspna.com/news/?mode=view&newsid=790504,kookmin_media,"ESG 관련 학생 동아리,ESG 운영위원회의 다양성",긍정,0.8834477663040161
"국민대 산학협력단·글로벌개발협력연구원(GDCI), 우즈베키스탄 타슈켄...",2025.12.03.,http://www.dailysmart.co.kr/news/articleView.html?idxno=117118,kookmin_media,,긍정,0.928428828716278
"""수학적최적화로 성능높인 국민대팀 대상"" LG U+, 양자내성암호 전환 기...",2025.12.03.,https://www.nbnews.kr/news/articleView.html?idxno=117744,kookmin_media,,긍정,0.988336145877838
LGU+ 양자내성암호 공모전서 국민대팀 대상 수상,2025.12.03.,http://news.bizwatch.co.kr/article/mobile/2025/12/03/0007,kookmin_media,,긍정,0.9662477970123292
"LG유플러스, ‘양자내성암호 전환 기술 공모전’ 성료...국민대 HSM팀 대...",2025.12.03.,http://www.boannews.com/media/view.asp?idx=140691&kind=,kookmin_media,"ESG 관련 학생 동아리,ESG 운영위원회의 다양성",긍정,0.9495792984962464
"LG유플러스, '양자내성암호 전환 기술 공모전' 성료… 국민대 HSM팀 대상...",2025.12.03.,http://www.dailysmart.co.kr/news/articleView.html?idxno=117051,kookmin_media,지역사회 ESG 교육 프로그램,긍정,0.9563024640083312
"국민대 장윤지 교수, '2025 세계 상위 2% 연구자' 선정",2025.12.03.,http://www.newstnt.com/news/articleView.html?idxno=561860,kookmin_media,,긍정,0.9732730984687804
가짜 제주평화인권헌장 폐기 촉구 국민대회… “차별금지법의 다른 이름...,2025.12.03.,https://www.christiantoday.co.kr/news/372184,kookmin_media,,긍정,0.8912594318389893
"국민대 식품영양학과 장윤지 교수, 식품 과학 관련 연구업적 세계 최상...",2025.12.02.,http://www.kyosu.net/news/articleView.html?idxno=151058,kookmin_media,,긍정,0.9908252358436584
국민대 식품영양학과 장윤지 교수 식품 과학 관련 연구업적 세계 최상위...,2025.12.02.,http://www.veritas-a.com/news/articleView.html?idxno=586868,kookmin_media,,긍정,0.9816135168075562
"국민대 장윤지 교수, 식품 과학 연구업적 세계 최상위 연구자 2% 선정",2025.12.02.,https://www.onews.tv/news/articleView.html?idxno=266558,kookmin_media,,긍정,0.9635236263275146
"국민대 과학기술대학, 전공 소개 특별전시 개최",2025.12.01.,http://www.dailysmart.co.kr/news/articleView.html?idxno=116968,kookmin_media,,긍정,0.991998016834259
"국민대, 과학기술대학 전공 소개 특별전시 '사이언스 빌' 개최",2025.12.01.,https://www.kfenews.co.kr/news/articleView.html?idxno=650132,kookmin_media,,긍정,0.954247772693634
"국민대, 과학기술대학 전공 소개 특별전시 개최",2025.12.01.,https://www.etoday.co.kr/news/view/2531411,kookmin_media,,긍정,0.9899312257766724
"국민대 과기대, 학과 융합 전시 '사이언스 빌' 개최",2025.12.01.,http://www.newstnt.com/news/articleView.html?idxno=561050,kookmin_media,,긍정,0.9873607158660888
"국민대 과학기술대학, 과학을 예술로 재해석했다",2025.12.01.,https://dhnews.co.kr/news/view/1065588838011634,kookmin_media,,긍정,0.9752036333084106
"국민대, 예술로 과학 재해석...과학기술대학 전공 소개전",2025.12.01.,https://www.newsfreezone.co.kr/news/articleView.html?idxno=660947,kookmin_media,,긍정,0.9865319132804872
"예술로 재해석한 과학 국민대, 과학기술대학 전공 소개 특별전시 개최",2025.12.01.,http://www.veritas-a.com/news/articleView.html?idxno=586342,kookmin_media,,긍정,0.9879931211471558
"국민대 후원 제3회 용평배 알파인 국제스키대회 성료 … 노르웨이, 남녀...",3일 전,https://biz.newdaily.co.kr/site/data/html/2026/01/31/2026013100012.html,kookmin_media,,긍정,0.9853765368461608
"국민대, 대학일자리플러스센터 평가 2년 연속 '우수' 선정",4일 전,http://www.newstnt.com/news/articleView.html?idxno=582218,kookmin_media,,긍정,0.9936287999153136
"티맥스티베로, 국민대와 '아울DB' 기반 클라우드 DB 교육·산학협력 확대",4일 전,http://www.itdaily.kr/news/articleView.html?idxno=237768,kookmin_media,지역사회 ESG 파트너십,긍정,0.9656887650489808
"국민대, 춘천 ‘화동2571’서 청년 셰프 창업 키운다",4일 전,https://www.etoday.co.kr/news/view/2551498,kookmin_media,,긍정,0.987362504005432
"국민대, 춘천 '화동2571'서 청년 셰프 육성 나선다",4일 전,http://www.kyosu.net/news/articleView.html?idxno=156629,kookmin_media,,긍정,0.9864194989204408
"티맥스티베로·국민대, 알울디비 기반 산학협력 확대 '맞손'",4일 전,https://www.itbiznews.com/news/articleView.html?idxno=202926,kookmin_media,지역사회 ESG 파트너십,긍정,0.9791007041931152
"국민대 '화동2571', 청년 외식 창업 지원 프로그램 론칭... 2월 2일부터 ...",4일 전,https://www.onews.tv/news/articleView.html?idxno=272735,kookmin_media,,긍정,0.9830157160758972
"국민대, 춘천 ‘화동2571’서 청년 셰프 육성 나선다",4일 전,https://dhnews.co.kr/news/view/1065590576582297,kookmin_media,,긍정,0.99471116065979
"국민대, 고용노동부 대학일자리플러스센터 성과평가 2년 연속 '우수' 쾌...",4일 전,http://www.veritas-a.com/news/articleView.html?idxno=596348,kookmin_media,,긍정,0.9906918406486512
"국민대, 5μm 이하 마이크로-나노 LED 디스플레이 효율 해법 제시",4일 전,https://www.etnews.com/20260130000129,kookmin_media,,긍정,0.9858869910240172
"티맥스티베로·국민대, 클라우드 DB 교육 동맹 강화 ··· 연구 협력 확...",4일 전,https://www.datanet.co.kr/news/articleView.html?idxno=208979,kookmin_media,지역사회 ESG 파트너십,긍정,0.9596683382987976
"국민대, 대학일자리플러스센터 성과평가 2년 연속 ‘우수’",4일 전,https://dhnews.co.kr/news/view/1065577098769166,kookmin_media,,긍정,0.991992175579071
"티맥스티베로, 국민대와 국산 클라우드 DB 교육·연구 협력 강화",4일 전,https://www.hellot.net/news/article.html?no=109876,kookmin_media,지역사회 ESG 파트너십,긍정,0.980095148086548
"티맥스티베로, 국민대와 AI 인재양성∙연구 협력",4일 전,https://www.it-b.co.kr/news/articleView.html?idxno=86597,kookmin_media,,긍정,0.9624075889587402
"도영락 국민대 교수팀, 마이크로·나노 LED 디스플레이 효율 해법 제시",5일 전,http://www.m-i.kr/news/articleView.html?idxno=1331469,kookmin_media,,긍정,0.9843173027038574
"‘결함을 빛으로’ … 국민대 도영락 교수팀, 5μm 이하 마이크로·나노...",5일 전,https://www.munhwa.com/article/11564714?ref=naver,kookmin_media,,긍정,0.9845957159996032
"결함이 빛이 되다… 국민대, 5 μm 이하 마이크로·나노 LED 디스플레이...",5일 전,http://www.kyosu.net/news/articleView.html?idxno=156429,kookmin_media,,긍정,0.9771710634231568
"국민대, 5 μm 이하 마이크로·나노 LED 디스플레이 효율 해법 제시",6일 전,https://www.viva100.com/article/20260128501448,kookmin_media,,긍정,0.9839046597480774
"국민대, 초소형 LED 효율 저하 개선 기술 개발",6일 전,http://www.edaily.co.kr/news/newspath.asp?newsid=03926166645322312,kookmin_media,,긍정,0.972622573375702
"도영락 국민대 화학과 교수 연구팀, 5 μm 이하 마이크로·나노 LED 디스...",6일 전,http://www.dailysmart.co.kr/news/articleView.html?idxno=119321,kookmin_media,,긍정,0.982567012310028
"국민대, 초소형 마이크로·나노 LED 분야 난제 푼다",6일 전,https://dhnews.co.kr/news/view/1065590231468078,kookmin_media,,긍정,0.9702175855636596
"국민대 연구팀, UV 기반 표면제어로 sub-5 μm 마이크로·나노 LED 효율 저...",6일 전,http://www.newstnt.com/news/articleView.html?idxno=581058,kookmin_media,에너지 사용 절감 및 체계적 관리,긍정,0.9859061241149902
"결함이 빛이 되다… 국민대, 5 μm 이하 마이크로/나노 LED 디스플레이 ...",6일 전,http://www.veritas-a.com/news/articleView.html?idxno=596042,kookmin_media,,긍정,0.9838324189186096
"국민대-타슈켄트정보통신대, 현지서 '2026 산업체 매칭 데이' 개최…학...",1주 전,http://www.newstnt.com/news/articleView.html?idxno=580799,kookmin_media,,긍정,0.9203156232833862
"국민대 산학협력단, 우즈벡 TUIT와 '2026 산업체 매칭 데이' 개최",1주 전,https://www.mt.co.kr/policy/2026/01/27/2026012717191579140,kookmin_media,,긍정,0.9341400861740112
"국민대·우즈베키스탄 TUIT, '2026 산업체 매칭 데이' 개최",1주 전,http://www.m-i.kr/news/articleView.html?idxno=1330274,kookmin_media,,긍정,0.935385286808014
"국민대, 우즈베키스탄 TUIT와 ‘2026 산업체 매칭 데이’ 개최",1주 전,https://dhnews.co.kr/news/view/1065591048851821,kookmin_media,,긍정,0.8745352625846863
"국민대–금오공대, 초광역 RISE 협력 체계 구축 위한 MOU",1주 전,http://www.fnnews.com/news/202601262000422948,kookmin_media,지역사회 ESG 파트너십,긍정,0.9821417331695556
"강남구 1인가구 커뮤니티센터, 국민대와 취업·이직 특강 연다",1주 전,https://www.beopbo.com/news/articleView.html?idxno=333606,kookmin_media,,긍정,0.7746332883834839
"국민대학교–국립금오공대, RISE 기반 지역혁신 확산 위한 업무협약(MOU...",1주 전,https://www.seoul.co.kr/news/economy/2026/01/26/20260126500074?wlog_tag3=naver,kookmin_media,지역사회 ESG 파트너십,긍정,0.9842997789382936
"국민대, 국립금오공대와 RISE 기반 지역혁신 확산 업무협약",1주 전,https://www.abcn.kr/news/articleView.html?idxno=86055,kookmin_media,지역사회 ESG 파트너십,긍정,0.9842961430549622
"국민대, 국제 디자인 어워드 ‘DBEW AWARD’ 개최",1주 전,https://www.joongang.co.kr/article/25399823,kookmin_media,,긍정,0.9886553287506104
"AI 시대, '협업과 교육'을 다시 묻다… 국민대, 국제 디자인 어워드 개최",1주 전,https://news.unn.net/news/articleView.html?idxno=589142,kookmin_media,,긍정,0.9853231906890868
"""AI 시대, '협업과 교육' 다시 묻다""… 국민대, 국제 디자인 어워드 개최",1주 전,https://www.joongangenews.com/news/articleView.html?idxno=489112,kookmin_media,,긍정,0.9860025644302368
"국민대, 국제 디자인 어워드 개최",1주 전,http://www.m-i.kr/news/articleView.html?idxno=1328950,kookmin_media,,긍정,0.9687272906303406
"국민대, 국제 디자인 어워드 ‘DBEW AWARD 2026’ 개최",1주 전,https://dhnews.co.kr/news/view/1065577422894617,kookmin_media,,긍정,0.9620782136917114
"서강대, 국민대 이어 고려대, 연세대도…등록금 줄인상에 학생들 '반발...",1주 전,https://www.hankookilbo.com/News/Read/A2026012214480005261?did=NA,kookmin_media,,부정,0.9542942643165588
"국민대, 2025 RISE사업 우수성과 발표 성료..""서울형 지역혁신 모델 확산...",2주 전,http://www.fnnews.com/news/202601202322202875,kookmin_media,지역사회 ESG 파트너십,긍정,0.9874842762947084
"국민대, 서울RISE사업 성과공유회",2주 전,https://www.joongang.co.kr/article/25398942,kookmin_media,지역사회 ESG 파트너십,긍정,0.9284935593605042
"[1인가구 필수템] 강남구 1인가구 커뮤니티센터, 국민대와 취업특강",2주 전,https://www.slist.kr/news/articleView.html?idxno=710491,kookmin_media,,긍정,0.983024001121521
"국민대학교, 서울RISE 성과공유회 개최… 산학협력 성과 공유",2주 전,https://www.hankookilbo.com/News/Read/A2026012009560003024?did=NA,kookmin_media,지역사회 ESG 파트너십,긍정,0.9706830382347108
"국민대학교 RISE사업단, '2025 서울RISE 성과공유회' 성료",2주 전,https://www.ajunews.com/view/20260120093920576,kookmin_media,지역사회 ESG 파트너십,긍정,0.9891414642333984
"""글로벌 경쟁력 확보에 필요""…서강대·국민대, 등록금 인상 결정",2주 전,https://www.hankyung.com/article/2026011874701,kookmin_media,,긍정,0.7479686737060547
"올해 등록금, 서강대 2.5%·국민대 2.8% 인상한다... 연대·고대는 인상...",2주 전,https://www.chosun.com/national/education/2026/01/17/TCXOHQQF7ZFL5OVYHJIE73OAOQ/?utm_source=naver&utm_medium=referral&utm_campaign=naver-news,kookmin_media,,긍정,0.8191924095153809
"국민대, KRAS 변이 대장암 겨냥 ‘면역항암 전달 플랫폼’ 개발",2주 전,https://www.naeil.com/news/read/574816?ref=naver,kookmin_media,,긍정,0.9402093291282654
"국민대 유일선 교수, 과기정통부 장관 표창",2주 전,https://www.naeil.com/news/read/574803?ref=naver,kookmin_media,,긍정,0.918828547000885
"국민대 김하린 교수 연구팀, KRAS 변이 대장암 표적 '면역항암 플랫폼' ...",2주 전,http://www.kyosu.net/news/articleView.html?idxno=155231,kookmin_media,,긍정,0.9792041778564452
"김하린 국민대 교수팀, KRAS 변이 대장암 치료법 개발",2주 전,https://www.kfenews.co.kr/news/articleView.html?idxno=652885,kookmin_media,,긍정,0.9647961258888244
"국민대, 난치성 대장암 표적 항암 기술 개발",2주 전,http://www.edaily.co.kr/news/newspath.asp?newsid=04270566645318048,kookmin_media,,긍정,0.9424525499343872
"국민대 김하린 연구팀, KRAS 변이 대장암에 효과적인 종양선택적 면역항...",2주 전,http://www.newstnt.com/news/articleView.html?idxno=576503,kookmin_media,,긍정,0.9884021878242492
"국민대 김하린 교수 연구팀, KRAS 변이 대장암 표적 ‘면역항암 플랫폼...",2주 전,https://dhnews.co.kr/news/view/1065577465123200,kookmin_media,,긍정,0.9227870106697084
"김하린 국민대 바이오의약전공 교수 연구팀, KRAS 변이 대장암 표적 '면...",2주 전,http://www.dailysmart.co.kr/news/articleView.html?idxno=118832,kookmin_media,,긍정,0.9737970232963562
"국민대 유일선 교수, ‘2025년 정보통신방송연구개발 유공’ 과기부총리...",2주 전,https://www.munhwa.com/article/11560928?ref=naver,kookmin_media,,긍정,0.92628413438797
"국민대 유일선 교수, '2025년 정보통신방송연구개발 유공' 과기정통부 장...",2주 전,https://edu.donga.com/news/articleView.html?idxno=101801,kookmin_media,,긍정,0.941939413547516
"[에듀플러스]유일선 국민대 교수, '2025년 정보통신방송연구개발 유공'...",2주 전,https://www.etnews.com/20260114000170,kookmin_media,,긍정,0.9704077243804932
"유일선 국민대 교수, 2025년 정보통신방송연구개발 유공 과기부 장관 표...",2주 전,https://www.onews.tv/news/articleView.html?idxno=270893,kookmin_media,,긍정,0.9372662305831908
"국민대 유일선 교수, ‘2025년 정보통신방송연구개발 유공’ 과기정통부...",2주 전,https://dhnews.co.kr/news/view/1065575355597704,kookmin_media,,긍정,0.9343341588974
"유일선 국민대 정보보안암호수학과 교수, 2025년 정보통신방송연구개발...",2주 전,http://www.dailysmart.co.kr/news/articleView.html?idxno=118777,kookmin_media,,긍정,0.9394285082817078
"국민대 유일선 교수, '2025 정보통신방송연구개발 유공' 과기정통부 장...",2주 전,http://www.newstnt.com/news/articleView.html?idxno=576070,kookmin_media,,긍정,0.947087287902832
"국민대, MFC와 AI제형연구센터 출범",3주 전,https://view.asiae.co.kr/article/2026010910122714682,kookmin_media,,긍정,0.9715732336044312
"국민대, MFC AI제형연구센터 출범",3주 전,https://www.kfenews.co.kr/news/articleView.html?idxno=652593,kookmin_media,,긍정,0.9438719153404236
"국민대, 엠에프씨㈜와 데이터 기반 의약품 개발 '맞손' … AI제형연구센...",3주 전,https://biz.newdaily.co.kr/site/data/html/2026/01/08/2026010800404.html,kookmin_media,,긍정,0.9676530957221984
"[에듀플러스]국민대, 엠에프씨 주식회사와 산학협력 통해 AI제형연구센...",3주 전,https://www.etnews.com/20260108000420,kookmin_media,,긍정,0.9657776951789856
"국민대, 'MFC AI제형연구센터' 출범",3주 전,http://www.m-i.kr/news/articleView.html?idxno=1323450,kookmin_media,,긍정,0.95713871717453
"국민대, 엠에프씨 주식회사와 산학협력 통해 AI제형연구센터 출범",3주 전,https://edu.donga.com/news/articleView.html?idxno=101536,kookmin_media,,긍정,0.9687864184379578
"국민대, MFC주식회사와 협력해 'AI제형연구센터' 출범",3주 전,https://www.newsis.com/view/NISX20260108_0003469769,kookmin_media,,긍정,0.9667129516601562
국민대 플랫폼SME연구센터 ‘커머스 플랫폼의 AI 고도화가 디지털 상공...,3주 전,https://byline.network/?p=9004111222588957,kookmin_media,,긍정,0.8400530219078064
"국민대-엠에프씨 주식회사, 산학협력 통해 AI제형연구센터 출범",3주 전,https://www.onews.tv/news/articleView.html?idxno=270261,kookmin_media,,긍정,0.9646825194358826
"국민대, 엠에프씨 주식회사와 ‘MFC AI제형연구센터’ 출범",3주 전,https://dhnews.co.kr/news/view/1065576562824581,kookmin_media,,긍정,0.8450295329093933
"국민대, 엠에프씨와 산학 협력... 'AI제형연구센터' 출범",3주 전,https://www.newsfreezone.co.kr/news/articleView.html?idxno=668255,kookmin_media,,긍정,0.9381270408630372
"국민대·엠에프씨, AI 기반 제형 연구 위해 산학협력…'MFC AI제형연구센...",3주 전,http://www.newstnt.com/news/articleView.html?idxno=574377,kookmin_media,,긍정,0.958979308605194
"엠에프씨, AI제형연구센터 출범…국민대 김주은 교수 기술고문 영입",3주 전,https://www.hitnews.co.kr/news/articleView.html?idxno=72685,kookmin_media,,긍정,0.9744696617126464
"국민대, 2026년 시무식 진행…신산업 투자 및 교육 통해 경쟁력 확보",3주 전,https://www.kfenews.co.kr/news/articleView.html?idxno=652443,kookmin_media,,긍정,0.9692440032958984
[게시판] 국민대 총동문회 '자랑스러운 국민인의 상' 선정,3주 전,https://www.yna.co.kr/view/AKR20260107142700004?input=1195m,kookmin_media,,긍정,0.8228225708007812
"국민대, 2026 시무식",3주 전,https://www.joongang.co.kr/article/25395843,kookmin_media,,긍정,0.9825984239578248
"정승렬 국민대 총장 “80주년, 신산업 투자로 미래 경쟁력 완성할 것”",3주 전,http://www.metroseoul.co.kr/article/20260107500040,kookmin_media,,긍정,0.9714376330375672
"개교 80주년 맞은 국민대, 2026년 시무식 개최",4주 전,https://www.onews.tv/news/articleView.html?idxno=270032,kookmin_media,,긍정,0.9753479957580566
"국민대 소프트웨어융합대학, 중관춘 주한대표처와 산학협력 협약 체결",4주 전,https://news.unn.net/news/articleView.html?idxno=588473,kookmin_media,,긍정,0.9720040559768676
"국민대, 2026년 시무식서 2026년 양자융합대학 · 바이오융합대학 신설로...",4주 전,https://www.joongangenews.com/news/articleView.html?idxno=483253,kookmin_media,,긍정,0.9718270301818848
"[에듀플러스]국민대, 2026년 시무식 열고 양자융합대학·바이오융합대학...",4주 전,https://www.etnews.com/20260106000433,kookmin_media,,긍정,0.9541783928871156
"국민대, 2026년 시무식 열어",4주 전,http://www.veritas-a.com/news/articleView.html?idxno=593258,kookmin_media,,긍정,0.9795589447021484
"국민대, 2026년 시무식 개최…개교 80주년 맞아 신산업·글로벌 도약 선...",4주 전,http://www.newstnt.com/news/articleView.html?idxno=573775,kookmin_media,,긍정,0.963668167591095
"김주은 국민대 응용화학부 교수, '2025년 M.AX 얼라이언스 정기총회' 산...",2026.01.02.,http://www.dailysmart.co.kr/news/articleView.html?idxno=118350,kookmin_media,,긍정,0.9476039409637452
"국민대 RISE 사업단, 캡스톤디자인 경진대회 성료..6개 팀 수상",7시간 전,http://www.fnnews.com/news/202602021944436068,kookmin_media,,긍정,0.9260185956954956
캡스톤디자인 우수팀 6개 선정…국민대 RISE 사업단 자율주행·AI·로봇 ...,12시간 전,https://economist.co.kr/article/view/ecn202602020070,kookmin_media,,긍정,0.9435545802116394
"국민대, 춘천 ‘화동2571’서 청년 셰프 창업 프로그램",2일 전,https://www.naeil.com/news/read/576576?ref=naver,kookmin_media,,긍정,0.9181720614433287
